Method,Start,End,Recombinant,Parent1,Parent2,Pvalue
Maxchi,363,410,01A1,01C,CPZ,0.6006042071637501
Maxchi,442,491,01A1,02A,02B,0.011636328794100523
Maxchi,433,505,01A1,02A,C2U,0.00015237914136799306
Maxchi,304,349,01A1,02A,CPZ,0.17090352023079358
Maxchi,411,457,01A1,01C,02B,0.5504066652257602
Maxchi,260,317,01A1,02B,CPZ,0.0027172910566244045
Maxchi,497,541,01A1,01C,02G,0.00023372390540286994
Maxchi,496,538,01A1,02A,02G,1.2696760428371167e-05
Maxchi,443,493,01A1,02B,02G,0.2615328475487745
Maxchi,493,541,01A1,02G,A1D,3.570692008590348e-06
Maxchi,443,493,01A1,02G,C2U,0.00012412501807739613
Maxchi,330,382,01A1,02G,CPZ,0.2747288453626778
Maxchi,1527,1582,01A1,01B,A1,0.0765192789596645
Maxchi,991,1056,01A1,01C,A1,0.07170959361976427
Maxchi,1748,1767,01A1,A1,AE,0.10872589370358869
Maxchi,410,457,01A1,01C,A1D,0.5763344851038643
Maxchi,434,490,01A1,02A,A1D,0.3514537687475655
Maxchi,405,451,01A1,02B,A1D,0.07438723293859167
Maxchi,401,454,01A1,A1D,C2U,0.5803413107672153
Maxchi,295,351,01A1,A1D,CPZ,0.4115018028717776
Maxchi,451,508,01A1,02A,A2,0.00019960043893454304
Maxchi,434,486,01A1,02G,A2,0.00043209146890514915
Maxchi,394,451,01A1,A1D,A2,0.00019960043893454304
Maxchi,410,466,01A1,A2,A5U,0.01086663530969997
Maxchi,268,322,01A1,A2,AD,0.5044143680279878
Maxchi,451,508,01A1,A2,B,0.00019960043893454304
Maxchi,431,503,01A1,A2,J,1.3928261652762253e-05
Maxchi,477,536,01A1,A2,cpx,0.030557128849091963
Maxchi,434,487,01A1,02A,A2D,0.09987451929352424
Maxchi,443,493,01A1,02G,A2D,0.2924929234132355
Maxchi,1032,1078,01A1,A2D,AD,0.5879908222838998
Maxchi,466,517,01A1,01C,A3,0.09750858879294902
Maxchi,433,486,01A1,02A,A3,0.021597444837968955
Maxchi,443,492,01A1,02G,A3,0.0895508885730561
Maxchi,482,528,01A1,A3,A5U,0.10225735379718875
Maxchi,531,591,01A1,A3,A6,0.19631678012354511
Maxchi,426,477,01A1,A3,BG,0.06818065750065651
Maxchi,216,265,01A1,A3,C2U,0.0738540199133404
Maxchi,408,464,01A1,A3,CD,0.09261734149401607
Maxchi,359,411,01A1,A3,G,0.011070670563195087
Maxchi,564,583,01A1,A3,cpx,0.02339508498038375
Maxchi,482,528,01A1,01C,A5U,0.0886635680823557
Maxchi,467,520,01A1,02B,A5U,0.0022990080395955286
Maxchi,413,465,01A1,02G,A5U,1.2709743161125772e-06
Maxchi,410,466,01A1,A1D,A5U,0.01086663530969997
Maxchi,457,506,01A1,A5U,AD,0.0002654447511249493
Maxchi,411,459,01A1,A5U,BF1,0.0005195076846622699
Maxchi,412,462,01A1,A5U,C2U,0.0007177397956694315
Maxchi,370,409,01A1,A5U,CPZ,0.031641996963878406
Maxchi,575,619,01A1,01C,A6,0.30966892092837606
Maxchi,568,622,01A1,A6,cpx,0.2242125506341817
Maxchi,509,568,01A1,01C,AD,0.30975986116379634
Maxchi,496,538,01A1,02A,AD,2.4119904642767228e-06
Maxchi,1236,1255,01A1,02B,AD,4.2380554260794795e-10
Maxchi,511,559,01A1,02G,AD,0.08085559837005234
Maxchi,430,489,01A1,A1D,AD,0.19431481697810338
Maxchi,509,568,01A1,01C,AG,0.3213772431289847
Maxchi,457,506,01A1,A5U,AG,0.02057418772474588
Maxchi,534,572,01A1,B,CD,0.08508108562849187
Maxchi,397,446,01A1,B,D,0.03110740041053457
Maxchi,438,483,01A1,B,DF,0.05157161056402523
Maxchi,450,496,01A1,B,F2,0.043473395201482114
Maxchi,394,451,01A1,A2,B.FR.83.HXBLAI_IIIB_BRU.K03455,0.00019960043893454304
Maxchi,418,469,01A1,B.FR.83.HXBLAI_IIIB_BRU.K03455,BF,0.0003077027974310197
Maxchi,450,503,01A1,B.FR.83.HXBLAI_IIIB_BRU.K03455,BF1,0.04050365219922398
Maxchi,446,495,01A1,B.FR.83.HXBLAI_IIIB_BRU.K03455,F2,0.009890929739899744
Maxchi,412,467,01A1,BC,BF1,0.015202415878109046
Maxchi,393,451,01A1,01C,BF1,0.0020007977929495397
Maxchi,393,451,01A1,02A,BF1,0.0020007977929495397
Maxchi,394,451,01A1,02B,BF1,0.011182673253260143
Maxchi,401,454,01A1,A1D,BF1,0.5803413107672153
Maxchi,433,505,01A1,BF1,C2U,0.00015237914136799306
Maxchi,305,354,01A1,BF1,CPZ,0.2657092249040195
Maxchi,394,446,01A1,02B,BG,0.017948467920387956
Maxchi,451,496,01A1,A1D,BG,0.3683595963802758
Maxchi,412,464,01A1,AD,BG,0.0009968900964395465
Maxchi,360,414,01A1,BF1,C,0.21038398851740508
Maxchi,433,505,01A1,C,C2U,0.00015237914136799306
Maxchi,450,509,01A1,01C,C2U,0.30975986116379634
Maxchi,265,313,01A1,02B,C2U,0.0849800447619531
Maxchi,315,362,01A1,C2U,CPZ,0.005135326598761988
Maxchi,405,454,01A1,02B,CD,0.2433450091487593
Maxchi,438,483,01A1,BG,CD,0.018039934983130567
Maxchi,520,595,01A1,CD,D,0.008810285508869824
Maxchi,1184,1237,01A1,D,K,0.06676051187989177
Maxchi,452,502,01A1,02B,DF,0.05658635924632134
Maxchi,483,528,01A1,CD,DF,0.017823041986640094
Maxchi,394,451,01A1,02B,F1,0.005270222853017792
Maxchi,406,451,01A1,A1D,F1,0.3683595963802758
Maxchi,416,465,01A1,DF,F1,0.03572884112563301
Maxchi,444,496,01A1,F1,F2,0.00698101664950212
Maxchi,416,481,01A1,F1,K,0.13501801607756417
Maxchi,451,508,01A1,BF,F2,0.000850820275112529
Maxchi,442,498,01A1,BG,F2,0.0001651689478100826
Maxchi,463,513,01A1,A2D,G,0.00018847634152290956
Maxchi,434,498,01A1,AD,G,0.03391853496968612
Maxchi,413,464,01A1,02B,H,0.0027600269458943104
Maxchi,464,516,01A1,A1D,H,0.05489833596729104
Maxchi,413,467,01A1,BG,H,0.042798498630346155
Maxchi,413,472,01A1,H,J,0.10981711831314052
Maxchi,431,503,01A1,02B,J,1.3928261652762253e-05
Maxchi,431,503,01A1,A1D,J,1.3928261652762253e-05
Maxchi,486,535,01A1,J,L,0.24486846739517792
Maxchi,416,481,01A1,BF1,K,0.06300439105707738
Maxchi,393,450,01A1,BG,K,3.919203973022859e-05
Maxchi,391,445,01A1,02B,L,0.04576823861326954
Maxchi,394,447,01A1,A1D,L,0.18375383272731688
Maxchi,426,472,01A1,BG,L,0.2648469160580465
Maxchi,464,511,01A1,CD,L,0.09045823439181767
Maxchi,514,560,01A1,02B,cpx,0.14853823836890173
Maxchi,516,564,01A1,02G,cpx,0.0014315475084208918
Maxchi,434,484,01A1,A2D,cpx,0.0015014516088578012
Maxchi,510,559,01A1,AD,cpx,0.02290228470605656
Maxchi,1538,1563,01B,01A1,01C,0.0003195148715890768
Maxchi,443,492,01B,01A1,02G,0.0015959264692627006
Maxchi,347,401,01B,01A1,A1D,0.159003948736483
Maxchi,410,466,01B,01A1,A5U,0.01086663530969997
Maxchi,1580,1637,01B,01A1,AD,0.03255077913624114
Maxchi,442,495,01B,01A1,C2U,0.013842055425429359
Maxchi,327,377,01B,01A1,CPZ,0.011743382301172606
Maxchi,398,450,01B,01C,CPZ,0.14924017631488318
Maxchi,600,637,01B,01C,02B,0.04264072264009578
Maxchi,515,564,01B,02A,02G,0.00042877278952902436
Maxchi,451,507,01B,02B,02G,0.10519250512004134
Maxchi,493,541,01B,02G,A1D,7.564816800405635e-07
Maxchi,400,460,01B,02G,C2U,0.1895761220010024
Maxchi,328,381,01B,02G,CPZ,0.380587696137363
Maxchi,565,608,01B,01A1,A,0.24729402265563932
Maxchi,434,486,01B,02A,A1,0.00011249751795212783
Maxchi,567,601,01B,A1,A6,0.40744382672550494
Maxchi,493,547,01B,01C,A1D,0.14954135458461107
Maxchi,453,498,01B,02A,A1D,0.24523321268105813
Maxchi,387,434,01B,02B,A1D,0.089273248388417
Maxchi,295,351,01B,A1D,CPZ,0.22544231699450956
Maxchi,309,347,01B,02B,A2,0.13426463238088393
Maxchi,375,416,01B,A1D,A2,0.004731609341208043
Maxchi,462,511,01B,A2,A5U,0.0008885087090163432
Maxchi,405,461,01B,A2,B,3.386110688893442e-05
Maxchi,405,461,01B,A2,F1,3.386110688893442e-05
Maxchi,338,391,01B,A2,J,0.4657890487006424
Maxchi,1587,1634,01B,01A1,A2D,0.06701274790788571
Maxchi,494,522,01B,01C,A2D,0.019904314936974157
Maxchi,434,487,01B,02A,A2D,0.09987451929352424
Maxchi,443,493,01B,02G,A2D,0.2924929234132355
Maxchi,407,462,01B,A1D,A2D,7.273505856259344e-05
Maxchi,410,464,01B,A2D,C2U,0.005770353412078525
Maxchi,433,486,01B,02A,A3,0.003122847418150734
Maxchi,462,512,01B,A3,A5U,0.1355147945267815
Maxchi,313,360,01B,A3,DF,0.0849800447619531
Maxchi,482,528,01B,01C,A5U,0.08161841824643004
Maxchi,412,466,01B,02A,A5U,0.010587137334056926
Maxchi,434,481,01B,02G,A5U,2.073831385627362e-05
Maxchi,467,520,01B,A5U,AD,0.01932405825233089
Maxchi,412,460,01B,A5U,BF1,4.515786059286766e-05
Maxchi,412,460,01B,A5U,C2U,4.515786059286766e-05
Maxchi,332,372,01B,A5U,CPZ,0.08433962195130074
Maxchi,511,570,01B,01C,AD,0.306678917473628
Maxchi,454,496,01B,02A,AD,0.09969367621717747
Maxchi,493,541,01B,02G,AD,2.9930622223033832e-05
Maxchi,406,452,01B,A1D,AD,0.1628960037830196
Maxchi,434,486,01B,02A,B,0.00011249751795212783
Maxchi,453,504,01B,02G,B,0.00427935046398839
Maxchi,452,497,01B,AD,B,0.0488690699403562
Maxchi,400,452,01B,B,C2U,0.029086621499597006
Maxchi,410,463,01B,B,CD,0.03729886133361802
Maxchi,543,589,01B,B,D,0.28797215208793064
Maxchi,465,514,01B,B,DF,0.06280961517859225
Maxchi,452,503,01B,B,cpx,0.6758530735146087
Maxchi,389,439,01B,02B,B.FR.83.HXBLAI_IIIB_BRU.K03455,0.02509276924774367
Maxchi,359,405,01B,A1D,B.FR.83.HXBLAI_IIIB_BRU.K03455,0.07991317509998397
Maxchi,438,483,01B,B.FR.83.HXBLAI_IIIB_BRU.K03455,CD,0.17469856239356363
Maxchi,463,511,01B,B.FR.83.HXBLAI_IIIB_BRU.K03455,D,0.008586355576884554
Maxchi,465,514,01B,B.FR.83.HXBLAI_IIIB_BRU.K03455,DF,0.06280961517859225
Maxchi,391,443,01B,B.FR.83.HXBLAI_IIIB_BRU.K03455,F1,0.26835243380936197
Maxchi,392,438,01B,B.FR.83.HXBLAI_IIIB_BRU.K03455,F2,0.013804117188306765
Maxchi,496,547,01B,BF,BF1,0.0010699807884825595
Maxchi,397,440,01B,BF,C2U,0.04019130749721493
Maxchi,444,496,01B,01C,BF1,0.0013015993776376556
Maxchi,338,387,01B,02B,BF1,0.12152137209711454
Maxchi,406,452,01B,A1D,BF1,0.1628960037830196
Maxchi,391,443,01B,BF1,C2U,0.194023342666979
Maxchi,426,474,01B,02B,BG,0.5581846494226572
Maxchi,400,453,01B,02G,BG,0.0038460533574013315
Maxchi,391,444,01B,A1D,BG,0.3581626853714551
Maxchi,397,440,01B,BF,C,0.04019130749721493
Maxchi,382,423,01B,BF1,C,0.16639348418425495
Maxchi,438,491,01B,C,CD,0.1461994018905941
Maxchi,450,511,01B,01C,C2U,0.2748275226959116
Maxchi,313,360,01B,02B,C2U,0.04844168257040396
Maxchi,403,451,01B,A1D,CD,0.44043756531833067
Maxchi,441,487,01B,BF,CD,0.2015079646569034
Maxchi,520,595,01B,CD,D,0.008810285508869824
Maxchi,459,507,01B,D,L,0.1041883751990496
Maxchi,416,465,01B,BF,DF,0.06280961517859225
Maxchi,438,483,01B,CD,DF,0.17469856239356363
Maxchi,452,497,01B,CD,F1,0.02683375712298116
Maxchi,416,465,01B,DF,F1,0.06280961517859225
Maxchi,464,505,01B,F1,K,0.008532691358833666
Maxchi,401,458,01B,F1,L,0.07263180800038568
Maxchi,546,599,01B,02B,F2,0.000580447149378943
Maxchi,453,504,01B,CD,F2,0.03494601601644283
Maxchi,416,465,01B,DF,F2,0.06280961517859225
Maxchi,1070,1111,01B,F2,K,0.37109336952269756
Maxchi,434,486,01B,02A,G,8.860931798478991e-06
Maxchi,444,493,01B,02G,G,0.0001549322060039981
Maxchi,401,449,01B,A1D,G,0.35168949722372744
Maxchi,412,460,01B,A5U,G,0.00018033983092287495
Maxchi,477,528,01B,BG,G,0.3343819588178233
Maxchi,406,461,01B,A1D,H,0.029945820149151415
Maxchi,413,472,01B,02B,J,0.10354890410293692
Maxchi,415,465,01B,DF,J,0.15729920705028105
Maxchi,438,483,01B,J,L,0.425441802181571
Maxchi,411,463,01B,BF,K,0.6460523190432952
Maxchi,464,505,01B,BF1,K,0.008532691358833666
Maxchi,340,388,01B,CD,K,0.06321090562983771
Maxchi,401,458,01B,A1D,L,0.07263180800038568
Maxchi,517,568,01B,02A,cpx,0.11865765957085836
Maxchi,434,484,01B,A2D,cpx,0.0015014516088578012
Maxchi,464,514,01B,A5U,cpx,0.15729920705028105
Maxchi,510,559,01B,AD,cpx,0.02290228470605656
Maxchi,492,515,01C,A,AG,7.764036537930667e-09
Maxchi,433,481,01C,A1,A5U,2.8089040436829e-06
Maxchi,567,601,01C,A1,A6,0.40744382672550494
Maxchi,988,1035,01C,A1,AG,0.35551335933451755
Maxchi,465,516,01C,A1D,A2,1.866763244641792e-07
Maxchi,413,465,01C,A2,A3,0.00018113971897727038
Maxchi,481,528,01C,A2,A5U,0.009963353783226154
Maxchi,8778,8826,01C,A2,H,0.043779260720798074
Maxchi,459,512,01C,A3,A6,0.0607174943410646
Maxchi,506,541,01C,02G,AG,0.13396120840002
Maxchi,434,484,01C,A2D,B,0.0030244740099339253
Maxchi,413,464,01C,B,K,0.0055881510636173306
Maxchi,3291,3336,01C,B.FR.83.HXBLAI_IIIB_BRU.K03455,BC,0.2737455057877127
Maxchi,453,503,01C,B.FR.83.HXBLAI_IIIB_BRU.K03455,D,0.025449946311827634
Maxchi,386,440,01C,B.FR.83.HXBLAI_IIIB_BRU.K03455,F2,0.08326451666355042
Maxchi,387,433,01C,B.FR.83.HXBLAI_IIIB_BRU.K03455,K,0.5529629815867485
Maxchi,8232,8295,01C,C,F1,0.050131965413312184
Maxchi,331,386,01C,C,F2,0.4415063991409569
Maxchi,8202,8255,01C,BF,CD,0.22273827382237057
Maxchi,516,569,01C,A2D,D,0.00018056882519279385
Maxchi,421,466,01C,BF,D,0.0339840846545297
Maxchi,382,424,01C,BF1,D,0.02850220731719974
Maxchi,407,460,01C,C2U,D,0.24611070390625395
Maxchi,459,500,01C,CD,D,0.23871720901582663
Maxchi,459,502,01C,D,DF,0.0007149357265236494
Maxchi,451,500,01C,D,F2,0.05584110280508525
Maxchi,451,500,01C,D,J,0.10478032365992328
Maxchi,443,495,01C,D,K,0.05709170017469094
Maxchi,322,371,01C,F1,F2,0.013747690848185098
Maxchi,390,439,01C,F1,K,0.2285802322580108
Maxchi,386,440,01C,BC,F2,0.08326451666355042
Maxchi,386,440,01C,CD,F2,0.08326451666355042
Maxchi,451,500,01C,F2,J,0.15810357602560504
Maxchi,495,546,01C,F2,K,0.00034056928440875673
Maxchi,4467,4497,01C,02G,G,0.1022381228782648
Maxchi,406,462,01C,A2D,H,0.00014152378145907514
Maxchi,495,547,01C,A2D,J,0.0008435586215650179
Maxchi,477,528,01C,BG,J,0.29958423873250595
Maxchi,411,463,01C,BF,K,0.6460523190432952
Maxchi,392,442,01C,BF1,K,0.04568255324009429
Maxchi,390,439,01C,C2U,K,0.39795210511647483
Maxchi,390,440,01C,CD,K,0.6835897065103371
Maxchi,390,439,01C,DF,K,0.7468519977400863
Maxchi,8181,8231,01C,CD,L,0.2988396354864077
Maxchi,496,538,02A,01A1,01C,1.2696760428371167e-05
Maxchi,434,481,02A,01A1,A5U,6.746499797578422e-05
Maxchi,433,486,02A,01A1,01B,0.00018281063298183515
Maxchi,513,559,02A,01B,01C,0.0007834975978081185
Maxchi,442,491,02A,01B,02B,0.1095249253837097
Maxchi,390,433,02A,01C,CPZ,0.2497965842276424
Maxchi,491,538,02A,01C,02B,5.587869140932706e-06
Maxchi,8860,8900,02A,A,C,1.0
Maxchi,518,560,02A,01A1,A1,4.767503172826521e-05
Maxchi,496,538,02A,01C,A1,2.4119904642767228e-06
Maxchi,487,538,02A,02B,A1,0.0008689372403966419
Maxchi,433,481,02A,A1,A5U,2.8089040436829e-06
Maxchi,486,539,02A,01C,A2,0.000987071311898626
Maxchi,414,463,02A,01C,A2D,0.19226422394718887
Maxchi,359,410,02A,A2D,C2U,0.11793010316487021
Maxchi,434,487,02A,A3,AD,0.00011637494819744449
Maxchi,505,559,02A,01C,A5U,0.010587137334056926
Maxchi,434,486,02A,01C,AD,0.00031833212986437126
Maxchi,433,486,02A,01A1,AE,0.00018281063298183515
Maxchi,513,559,02A,01C,AE,0.0007834975978081185
Maxchi,442,491,02A,02B,AE,0.1095249253837097
Maxchi,335,384,02A,B,F2,0.19817431957246448
Maxchi,3410,3460,02A,B.FR.83.HXBLAI_IIIB_BRU.K03455,BC,0.07444681233339334
Maxchi,6693,6741,02A,B.FR.83.HXBLAI_IIIB_BRU.K03455,BF,5.876262296019091e-07
Maxchi,6598,6650,02A,B.FR.83.HXBLAI_IIIB_BRU.K03455,BF1,0.008881890659593378
Maxchi,414,463,02A,B.FR.83.HXBLAI_IIIB_BRU.K03455,D,0.008586355576884554
Maxchi,392,443,02A,B.FR.83.HXBLAI_IIIB_BRU.K03455,K,0.29958423873250595
Maxchi,6598,6650,02A,BC,BF,0.025914827609903903
Maxchi,3014,3066,02A,BC,CD,0.2228826050355779
Maxchi,6611,6665,02A,BF,C2U,0.632604167067518
Maxchi,6694,6741,02A,BF,C,1.8427528891180065e-07
Maxchi,417,466,02A,C,D,0.4359125049338396
Maxchi,3198,3248,02A,C,J,0.2043411718273351
Maxchi,6610,6660,02A,BF,CD,0.832379985289894
Maxchi,416,463,02A,BC,D,0.19722629353865362
Maxchi,421,465,02A,BF,D,0.0960923294556734
Maxchi,424,465,02A,BF1,D,0.09240656337884016
Maxchi,408,460,02A,C2U,D,0.18403862719642178
Maxchi,417,482,02A,CD,D,0.07031411721575394
Maxchi,409,418,02A,D,DF,0.0029991275143445065
Maxchi,424,465,02A,D,F1,0.1802068545723634
Maxchi,453,501,02A,D,J,0.0008945701077711376
Maxchi,396,458,02A,F1,F2,0.14773879677762897
Maxchi,6741,6788,02A,F1,J,2.0108424348678818e-07
Maxchi,5082,5124,02A,02G,G,0.4221514329696149
Maxchi,449,495,02A,AD,G,0.17247975039208407
Maxchi,411,463,02A,BF,K,0.6460523190432952
Maxchi,415,465,02A,BF1,K,0.384088249473852
Maxchi,419,462,02A,C2U,K,0.09932323210427291
Maxchi,417,467,02A,CD,K,0.6835897065103371
Maxchi,414,464,02A,DF,K,0.2214397326720097
Maxchi,6686,6738,02A,BF,L,3.5034145147286045e-09
Maxchi,1237,1291,02B,01A1,01B,0.00417433716783579
Maxchi,467,520,02B,01B,A5U,0.0022990080395955286
Maxchi,372,412,02B,01C,CPZ,0.012614625622731912
Maxchi,451,507,02B,02A,A,0.08033639523765049
Maxchi,413,459,02B,A2,A5U,0.0005679790481949106
Maxchi,445,496,02B,A2,A6,0.00501222205636942
Maxchi,399,451,02B,A2,H,0.016813612176700722
Maxchi,388,434,02B,A2,J,0.2648469160580465
Maxchi,413,459,02B,A2D,A5U,0.0005679790481949106
Maxchi,1251,1305,02B,01B,A3,0.5028905368598693
Maxchi,514,568,02B,01C,A3,0.19284179629374387
Maxchi,411,459,02B,A3,A5U,0.0007609678652993602
Maxchi,412,462,02B,A3,A6,0.01842212545409897
Maxchi,1197,1251,02B,A3,AE,0.5028905368598693
Maxchi,484,537,02B,A3,B,0.07657198355789599
Maxchi,413,459,02B,01C,A5U,0.0005679790481949106
Maxchi,378,413,02B,01A1,A6,0.06149867181428663
Maxchi,400,446,02B,01B,A6,0.14817787189628098
Maxchi,434,484,02B,A6,AD,0.03705621856411898
Maxchi,400,446,02B,A6,AE,0.14817787189628098
Maxchi,1237,1291,02B,01A1,AE,0.00417433716783579
Maxchi,4428,4478,02B,A2D,AE,0.0740225429253814
Maxchi,413,459,02B,A5U,AE,0.0016813776874934343
Maxchi,564,604,02B,AE,cpx,0.151493992404216
Maxchi,511,557,02B,01C,B,0.07322069865600879
Maxchi,392,438,02B,B,BG,0.0005236663675869767
Maxchi,389,439,02B,B,C2U,0.08782728379058734
Maxchi,391,447,02B,B,H,0.0019227677881793913
Maxchi,391,445,02B,B,L,0.04576823861326954
Maxchi,410,466,02B,B.FR.83.HXBLAI_IIIB_BRU.K03455,BF,0.14750525362623956
Maxchi,389,439,02B,B.FR.83.HXBLAI_IIIB_BRU.K03455,C,0.0415651498373117
Maxchi,389,439,02B,B.FR.83.HXBLAI_IIIB_BRU.K03455,C2U,0.0415651498373117
Maxchi,463,511,02B,B.FR.83.HXBLAI_IIIB_BRU.K03455,D,0.008586355576884554
Maxchi,418,467,02B,B.FR.83.HXBLAI_IIIB_BRU.K03455,DF,0.04943537870899749
Maxchi,359,406,02B,B.FR.83.HXBLAI_IIIB_BRU.K03455,F1,0.1267133408950835
Maxchi,132,181,02B,B.FR.83.HXBLAI_IIIB_BRU.K03455,F2,4.517430404432827e-11
Maxchi,389,439,02B,B.FR.83.HXBLAI_IIIB_BRU.K03455,J,0.0415651498373117
Maxchi,335,377,02B,BC,BF,0.015219241743104685
Maxchi,338,387,02B,BC,BF1,0.14311696578005778
Maxchi,338,379,02B,BF,C2U,0.046323818283689616
Maxchi,392,438,02B,A1D,BG,0.097227911958164
Maxchi,335,377,02B,BF,C,0.015219241743104685
Maxchi,367,417,02B,C,C2U,0.4074792620893025
Maxchi,424,481,02B,C,CD,0.06011846354949153
Maxchi,418,468,02B,C,DF,0.016467532728476758
Maxchi,335,377,02B,C,F1,0.030970279750575487
Maxchi,338,389,02B,C,F2,0.2432139802829662
Maxchi,354,410,02B,BF,CD,0.026720729767797213
Maxchi,511,557,02B,01C,D,0.07322069865600879
Maxchi,8801,8852,02B,A2D,D,0.00010257235882595587
Maxchi,451,501,02B,D,H,0.012883688678822055
Maxchi,438,487,02B,D,L,0.24007275998246008
Maxchi,359,406,02B,BC,DF,0.2366549366264465
Maxchi,414,468,02B,BF,DF,0.225330294581164
Maxchi,418,467,02B,C2U,DF,0.04943537870899749
Maxchi,415,469,02B,CD,DF,0.034016272788525
Maxchi,391,442,02B,A1D,F1,0.7489421215314027
Maxchi,335,377,02B,BC,F1,0.030970279750575487
Maxchi,338,389,02B,C2U,F1,0.07346531133077557
Maxchi,389,439,02B,CD,F1,0.033894853524689295
Maxchi,346,399,02B,DF,F1,0.4091137720282485
Maxchi,399,451,02B,F1,H,0.016813612176700722
Maxchi,399,451,02B,F1,J,0.24968866928730976
Maxchi,415,465,02B,F1,K,0.42583104376182557
Maxchi,401,452,02B,F1,L,0.15759465408547446
Maxchi,112,194,02B,BG,F2,4.628016720034722e-16
Maxchi,132,181,02B,C2U,F2,4.517430404432827e-11
Maxchi,424,481,02B,CD,F2,0.06011846354949153
Maxchi,346,399,02B,DF,F2,0.4091137720282485
Maxchi,132,181,02B,F2,H,4.517430404432827e-11
Maxchi,438,489,02B,F2,J,0.09126409037255706
Maxchi,533,572,02B,F2,K,0.0133787428667588
Maxchi,401,452,02B,F2,L,0.15759465408547446
Maxchi,392,437,02B,01A1,G,0.5237258180024854
Maxchi,392,447,02B,G,H,0.0004169390725639756
Maxchi,449,504,02B,G,J,0.0008339460726400574
Maxchi,391,445,02B,G,L,0.055632138330819224
Maxchi,394,453,02B,A2D,H,0.00133239331720317
Maxchi,413,459,02B,A5U,H,0.0016813776874934343
Maxchi,338,379,02B,BF,J,0.046323818283689616
Maxchi,417,465,02B,C2U,J,0.17954524240222142
Maxchi,389,439,02B,DF,J,0.0656911336441939
Maxchi,451,497,02B,J,K,0.23416456906495356
Maxchi,419,471,02B,C2U,K,0.5717953339741051
Maxchi,392,443,02B,CD,K,0.29958423873250595
Maxchi,413,459,02B,A5U,L,0.0005679790481949106
Maxchi,564,604,02B,01B,cpx,0.151493992404216
Maxchi,515,564,02G,01B,01C,0.00042877278952902436
Maxchi,621,675,02G,01C,02A,0.5175559508386793
Maxchi,451,507,02G,02A,02B,0.06449723466453534
Maxchi,443,492,02G,01C,02B,0.1637262267356569
Maxchi,383,433,02G,02B,CPZ,0.5461363749395755
Maxchi,518,568,02G,01A1,A1,0.0003211609958093419
Maxchi,522,568,02G,A1,A6,0.1600324337145672
Maxchi,414,463,02G,A3,J,0.0005319702024634104
Maxchi,493,542,02G,01C,A5U,1.7119527096551035e-06
Maxchi,506,560,02G,01A1,A6,0.43156579076236024
Maxchi,443,492,02G,01A1,AE,0.0015959264692627006
Maxchi,515,564,02G,01C,AE,0.00042877278952902436
Maxchi,400,453,02G,AE,BG,0.0069509702166013244
Maxchi,395,452,02G,A2D,B,0.009024828339056797
Maxchi,322,370,02G,B,F2,0.042264032603567696
Maxchi,3410,3459,02G,B.FR.83.HXBLAI_IIIB_BRU.K03455,BC,0.25535549220348863
Maxchi,453,503,02G,B.FR.83.HXBLAI_IIIB_BRU.K03455,D,0.025449946311827634
Maxchi,398,442,02G,B.FR.83.HXBLAI_IIIB_BRU.K03455,K,0.07888530302601765
Maxchi,493,541,02G,01C,BG,7.564816800405635e-07
Maxchi,434,505,02G,02B,BG,1.3566787777956697e-08
Maxchi,407,460,02G,C,D,0.27721626231136354
Maxchi,493,542,02G,01C,C2U,1.7119527096551035e-06
Maxchi,435,504,02G,02B,C2U,1.1125886570284671e-07
Maxchi,421,466,02G,BF,D,0.0339840846545297
Maxchi,407,460,02G,BF1,D,0.27721626231136354
Maxchi,407,460,02G,C2U,D,0.27721626231136354
Maxchi,417,482,02G,CD,D,0.07031411721575394
Maxchi,413,462,02G,D,K,0.1993753192590406
Maxchi,322,371,02G,F1,F2,0.013747690848185098
Maxchi,398,442,02G,F1,K,0.07888530302601765
Maxchi,334,384,02G,A1D,F2,0.7064241454056421
Maxchi,378,434,02G,BF1,F2,0.006462709231672826
Maxchi,331,384,02G,F2,H,0.3576964384718777
Maxchi,434,505,02G,02B,G,1.3566787777956697e-08
Maxchi,468,507,02G,AG,G,0.15701901304520063
Maxchi,3359,3406,02G,A1D,J,0.46482098940331007
Maxchi,503,556,02G,J,L,0.019325225207131962
Maxchi,354,398,02G,A1D,K,0.030894353022110174
Maxchi,411,463,02G,BF,K,0.6460523190432952
Maxchi,392,442,02G,BF1,K,0.04568255324009429
Maxchi,398,442,02G,C2U,K,0.07888530302601765
Maxchi,392,443,02G,CD,K,0.29958423873250595
Maxchi,392,443,02G,DF,K,0.45174572421527537
Maxchi,451,510,02G,02B,cpx,0.08541579369214428
Maxchi,580,624,A,01A1,01C,0.32402148730297214
Maxchi,503,537,A,01A1,02A,0.015584591650845619
Maxchi,398,450,A,01A1,02B,0.08897391094331382
Maxchi,516,564,A,01A1,02G,0.0014315475084208918
Maxchi,493,547,A,01A1,A1D,0.5983232026648753
Maxchi,453,520,A,01A1,A5U,0.07204530856576104
Maxchi,475,536,A,01A1,AD,0.07872178444151245
Maxchi,477,537,A,01A1,BF1,0.07860416461581146
Maxchi,479,536,A,01A1,C2U,0.07848029639220255
Maxchi,398,450,A,01A1,CPZ,0.054653249860586894
Maxchi,571,621,A,01B,01C,0.5515150900118735
Maxchi,475,504,A,01B,02A,0.11537385316445992
Maxchi,400,448,A,01B,02B,0.31221638834331633
Maxchi,515,564,A,01B,02G,0.00042877278952902436
Maxchi,494,550,A,01B,A1D,0.15976271723788146
Maxchi,466,491,A,01B,A2D,0.00036295619686463885
Maxchi,482,528,A,01B,A5U,0.08161841824643004
Maxchi,451,508,A,01B,AD,0.5056321360964173
Maxchi,451,508,A,01B,BF1,0.5056321360964173
Maxchi,451,508,A,01B,C2U,0.5056321360964173
Maxchi,372,412,A,01B,CPZ,0.012614625622731912
Maxchi,394,440,A,01C,02B,0.014532491473941447
Maxchi,371,413,A,02B,CPZ,0.015918160486136746
Maxchi,611,650,A,01C,02G,0.1246352319177725
Maxchi,450,507,A,02B,02G,0.0954794246957363
Maxchi,991,1056,A,01A1,A1,0.01176776863692536
Maxchi,519,569,A,01B,A1,0.675246177513251
Maxchi,531,591,A,01C,A1,0.07217900758881697
Maxchi,498,561,A,02A,A1,0.1131013495054052
Maxchi,530,592,A,02B,A1,0.07229883368239101
Maxchi,498,561,A,02G,A1,0.1131013495054052
Maxchi,529,574,A,A1,A1D,0.19305906087643185
Maxchi,484,532,A,A1,A2,0.1485617748918646
Maxchi,1039,1093,A,A1,A3,0.001514943107825371
Maxchi,453,520,A,A1,A5U,0.21549950906932341
Maxchi,990,1056,A,A1,A6,0.0011720726177301543
Maxchi,886,888,A,A1,AD,3.414173577297532e-07
Maxchi,991,1056,A,A1,AE,0.01176776863692536
Maxchi,498,561,A,A1,AG,0.1131013495054052
Maxchi,531,575,A,A1,B,0.19260725744452456
Maxchi,435,484,A,A1,BC,0.30244826471650055
Maxchi,484,532,A,A1,BF,0.1485617748918646
Maxchi,484,532,A,A1,BF1,0.1485617748918646
Maxchi,453,520,A,A1,BG,0.21549950906932341
Maxchi,435,484,A,A1,C,0.30244826471650055
Maxchi,484,532,A,A1,C2U,0.1485617748918646
Maxchi,484,529,A,A1,CD,0.19305906087643185
Maxchi,368,391,A,A1,CPZ,0.06577555183717883
Maxchi,529,574,A,A1,D,0.19305906087643185
Maxchi,484,529,A,A1,DF,0.19305906087643185
Maxchi,483,532,A,A1,F1,0.14054464283059165
Maxchi,484,532,A,A1,F2,0.1485617748918646
Maxchi,530,592,A,A1,G,0.07229883368239101
Maxchi,663,702,A,A1,H,0.15075490956012208
Maxchi,487,531,A,A1,J,0.19260725744452456
Maxchi,531,575,A,A1,L,0.19260725744452456
Maxchi,991,1056,A,A1,cpx,0.01176776863692536
Maxchi,551,599,A,01C,A1D,0.156337198788842
Maxchi,441,486,A,02B,A1D,0.2502059120147342
Maxchi,486,536,A,01A1,A2,0.02071955293085605
Maxchi,487,529,A,01B,A2,0.0005956885019237326
Maxchi,504,533,A,01C,A2,0.11537385316445992
Maxchi,463,512,A,02B,A2,0.47766393016165465
Maxchi,487,529,A,A2,A3,0.002094685975868531
Maxchi,5431,5472,A,A2,A5U,0.0015146026035225378
Maxchi,484,532,A,A2,AD,0.003464621428074309
Maxchi,487,529,A,A2,AE,0.0005956885019237326
Maxchi,486,532,A,A2,AG,4.019038377125849e-06
Maxchi,4318,4362,A,A2,BG,0.07542068999558707
Maxchi,475,511,A,A2,D,0.10046209413223171
Maxchi,4649,4699,A,A2,DF,0.003954167938635414
Maxchi,4757,4807,A,A2,F1,0.13582837457738994
Maxchi,413,465,A,A2,F2,0.0023620430034623943
Maxchi,4891,4945,A,A2,G,0.03766692222862869
Maxchi,5025,5083,A,A2,H,0.1671066407978413
Maxchi,505,556,A,A2,J,0.09911449818697075
Maxchi,412,463,A,A2,K,0.0006944925969245783
Maxchi,5084,5137,A,A2,cpx,0.0014086524840569803
Maxchi,465,491,A,01C,A2D,8.76417421089973e-05
Maxchi,465,491,A,02A,A2D,8.76417421089973e-05
Maxchi,465,491,A,02B,A2D,8.76417421089973e-05
Maxchi,465,491,A,02G,A2D,8.76417421089973e-05
Maxchi,465,516,A,A1D,A2D,2.5940742549494534e-05
Maxchi,465,516,A,A2D,A5U,2.5940742549494534e-05
Maxchi,451,508,A,A2D,AD,0.07792115714297101
Maxchi,413,465,A,A2D,C2U,0.0028528929306505316
Maxchi,330,367,A,01A1,A3,0.19595905794583857
Maxchi,380,412,A,01B,A3,0.023202545863181868
Maxchi,531,590,A,01C,A3,0.07205304921567494
Maxchi,458,511,A,02A,A3,0.31685194547048773
Maxchi,463,512,A,02B,A3,0.47766393016165465
Maxchi,462,497,A,02G,A3,0.20280593286615195
Maxchi,510,555,A,A1D,A3,0.07952737438947172
Maxchi,459,511,A,A2D,A3,0.29795306160816476
Maxchi,459,481,A,A3,A5U,0.005677232138159307
Maxchi,589,648,A,A3,A6,0.08830999614023403
Maxchi,461,510,A,A3,AD,0.02350559083729607
Maxchi,380,412,A,A3,AE,0.07454079559540007
Maxchi,489,533,A,A3,AG,0.0011112732879842797
Maxchi,459,512,A,A3,B,0.5010495734532607
Maxchi,404,458,A,A3,BC,0.4735043270834105
Maxchi,404,458,A,A3,BF,0.4735043270834105
Maxchi,404,458,A,A3,BF1,0.4735043270834105
Maxchi,459,477,A,A3,BG,0.0012881880956681644
Maxchi,404,458,A,A3,C,0.4735043270834105
Maxchi,459,512,A,A3,C2U,0.40363721941817665
Maxchi,464,519,A,A3,CD,0.048636204504370374
Maxchi,354,397,A,A3,CPZ,0.0767489802944208
Maxchi,475,511,A,A3,D,0.10046209413223171
Maxchi,473,488,A,A3,DF,0.00030026344908493525
Maxchi,404,458,A,A3,F1,0.4735043270834105
Maxchi,133,182,A,A3,F2,6.05607432893745e-11
Maxchi,458,507,A,A3,G,0.07985619377351649
Maxchi,467,500,A,A3,H,0.011258792857676747
Maxchi,458,490,A,A3,J,0.06884504460752014
Maxchi,404,458,A,A3,K,0.4735043270834105
Maxchi,458,512,A,A3,L,0.5291685557471068
Maxchi,530,588,A,A3,cpx,0.07192047564389499
Maxchi,478,521,A,02B,A5U,0.07133230399587294
Maxchi,457,506,A,A5U,AD,0.0002654447511249493
Maxchi,761,817,A,01A1,A6,0.1463666235356407
Maxchi,571,621,A,01B,A6,0.7231813825023465
Maxchi,5975,6037,A,02A,A6,0.00010085513919518477
Maxchi,486,530,A,02B,A6,0.18404675577109242
Maxchi,5348,5394,A,02G,A6,0.5472036473897379
Maxchi,451,505,A,A2D,A6,0.16279692662103376
Maxchi,5342,5392,A,A5U,A6,0.384088249473852
Maxchi,575,619,A,A6,AE,0.4996600914316084
Maxchi,521,564,A,A6,AG,3.134870532415531e-05
Maxchi,8791,8857,A,A6,BG,1.2429200594896845e-19
Maxchi,544,592,A,A6,D,0.7457359429886772
Maxchi,446,499,A,A6,F2,0.20806047382698392
Maxchi,413,464,A,A6,K,0.0011741117568090092
Maxchi,461,510,A,01C,AD,0.02350559083729607
Maxchi,510,559,A,02A,AD,0.004904398843115366
Maxchi,483,532,A,02B,AD,0.004699831280669632
Maxchi,511,559,A,02G,AD,0.006788648777293057
Maxchi,510,559,A,A1D,AD,0.13689746729834687
Maxchi,434,484,A,AD,BF1,0.011691805928550372
Maxchi,434,484,A,AD,C2U,0.011691805928550372
Maxchi,316,375,A,AD,CPZ,0.07057033703247685
Maxchi,565,608,A,01A1,AE,0.24729402265563932
Maxchi,1199,1250,A,01B,AE,0.04418287826911035
Maxchi,565,608,A,01C,AE,0.4369999640230632
Maxchi,485,532,A,02A,AE,0.1724327444351322
Maxchi,413,454,A,02B,AE,0.2995379738137086
Maxchi,504,533,A,02G,AE,0.11537385316445992
Maxchi,493,547,A,A1D,AE,0.159003948736483
Maxchi,466,491,A,A2D,AE,0.00036295619686463885
Maxchi,482,528,A,A5U,AE,0.08161841824643004
Maxchi,478,533,A,AD,AE,0.17372480846064142
Maxchi,485,532,A,AE,AG,0.1724327444351322
Maxchi,413,473,A,AE,BC,0.08967712336478471
Maxchi,478,533,A,AE,BF,0.17372480846064142
Maxchi,478,533,A,AE,BF1,0.17372480846064142
Maxchi,467,520,A,AE,BG,0.03403518405988912
Maxchi,478,533,A,AE,C2U,0.17372480846064142
Maxchi,463,514,A,AE,CD,0.1302070401720445
Maxchi,372,412,A,AE,CPZ,0.0426801074424454
Maxchi,413,467,A,AE,DF,0.14954135458461107
Maxchi,568,622,A,AE,cpx,0.19284179629374387
Maxchi,414,475,A,01A1,AG,0.07872178444151245
Maxchi,493,532,A,01B,AG,0.3324490145016802
Maxchi,489,533,A,A1D,AG,0.0011112732879842797
Maxchi,451,507,A,A2D,AG,0.07662093511848272
Maxchi,457,506,A,A5U,AG,0.010660823094031456
Maxchi,492,515,A,AD,AG,7.764036537930667e-09
Maxchi,434,483,A,AG,BC,1.8366734293100085e-07
Maxchi,485,532,A,AG,BF,3.158423111697619e-08
Maxchi,485,532,A,AG,BF1,3.158423111697619e-08
Maxchi,414,467,A,AG,BG,2.2469642004271498e-07
Maxchi,438,486,A,AG,C2U,3.93071858092591e-07
Maxchi,438,486,A,AG,CD,3.93071858092591e-07
Maxchi,383,433,A,AG,CPZ,0.4843522550827316
Maxchi,437,485,A,AG,DF,3.158423111697619e-08
Maxchi,493,514,A,AG,cpx,3.1840901689442113e-10
Maxchi,547,600,A,01A1,B,0.31685194547048773
Maxchi,551,599,A,01C,B,0.156337198788842
Maxchi,394,440,A,02B,B,0.014532491473941447
Maxchi,3949,4008,A,02G,B,0.030713146934897035
Maxchi,465,491,A,A2D,B,8.76417421089973e-05
Maxchi,434,484,A,AD,B,0.011691805928550372
Maxchi,454,495,A,AE,B,0.5998254726853436
Maxchi,438,486,A,AG,B,3.93071858092591e-07
Maxchi,499,555,A,B,D,0.27502934013891095
Maxchi,447,496,A,B.FR.83.HXBLAI_IIIB_BRU.K03455,F2,0.09230740537980751
Maxchi,386,460,A,01A1,BC,0.02524203793323267
Maxchi,413,473,A,01B,BC,0.07556056752594141
Maxchi,473,533,A,01C,BC,0.019517481182177752
Maxchi,440,485,A,02B,BC,0.014532491473941447
Maxchi,413,465,A,A2D,BC,0.0028528929306505316
Maxchi,3458,3508,A,A5U,BC,0.0740225429253814
Maxchi,459,505,A,AD,BC,7.806486542835867e-05
Maxchi,3341,3398,A,BC,BG,0.0914670980533126
Maxchi,443,496,A,01A1,BF,0.015399935732800468
Maxchi,451,508,A,01B,BF,0.5056321360964173
Maxchi,484,533,A,01C,BF,0.03010437763651659
Maxchi,394,440,A,02B,BF,0.014532491473941447
Maxchi,434,484,A,AD,BF,0.011691805928550372
Maxchi,484,533,A,01C,BF1,0.03010437763651659
Maxchi,394,440,A,02B,BF1,0.014532491473941447
Maxchi,452,520,A,01A1,BG,0.07281994947455261
Maxchi,412,466,A,01B,BG,0.14954135458461107
Maxchi,441,482,A,02B,BG,0.1476395934091459
Maxchi,4850,4890,A,02G,BG,0.24532960817254312
Maxchi,7884,7935,A,A1D,BG,0.024515919316582608
Maxchi,465,516,A,A2D,BG,2.5940742549494534e-05
Maxchi,412,467,A,AD,BG,5.093054684475049e-05
Maxchi,460,533,A,01A1,C,0.02524203793323267
Maxchi,413,473,A,01B,C,0.07556056752594141
Maxchi,478,532,A,01C,C,0.03038571339690442
Maxchi,440,485,A,02B,C,0.014532491473941447
Maxchi,8915,8940,A,02G,C,0.3899395733035582
Maxchi,413,465,A,A2D,C,0.0028528929306505316
Maxchi,3815,3869,A,A5U,C,0.32624164466674305
Maxchi,412,472,A,AD,C,0.00434319293161145
Maxchi,413,473,A,AE,C,0.08967712336478471
Maxchi,434,483,A,AG,C,1.8366734293100085e-07
Maxchi,3646,3699,A,BG,C,0.1731435105913946
Maxchi,8915,8940,A,C,F1,1.0
Maxchi,417,475,A,C,F2,0.005669025710109383
Maxchi,417,467,A,C,K,0.08782728379058734
Maxchi,486,532,A,01C,C2U,0.030022057625623995
Maxchi,394,440,A,02B,C2U,0.014532491473941447
Maxchi,494,550,A,01B,CD,0.15976271723788146
Maxchi,440,485,A,02B,CD,0.014532491473941447
Maxchi,8902,8940,A,02G,CD,0.06855367730460474
Maxchi,434,484,A,AD,CD,0.011691805928550372
Maxchi,499,555,A,01A1,D,0.27502934013891095
Maxchi,499,555,A,01B,D,0.27502934013891095
Maxchi,437,477,A,01C,D,0.16879327539718536
Maxchi,451,497,A,02A,D,0.11032768658826729
Maxchi,451,500,A,02B,D,0.10196826574360565
Maxchi,451,497,A,02G,D,0.11032768658826729
Maxchi,401,451,A,A1D,D,0.12610485927392892
Maxchi,483,528,A,A5U,D,0.08326451666355042
Maxchi,451,497,A,AD,D,0.11032768658826729
Maxchi,499,555,A,AE,D,0.27502934013891095
Maxchi,451,497,A,AG,D,0.132700890663857
Maxchi,451,497,A,BF1,D,0.11032768658826729
Maxchi,410,464,A,BG,D,0.001900893250446667
Maxchi,520,595,A,CD,D,0.008810285508869824
Maxchi,483,528,A,D,DF,0.035751743676472596
Maxchi,451,497,A,D,F2,0.11032768658826729
Maxchi,451,500,A,D,G,0.04499357107962194
Maxchi,458,515,A,D,H,0.18282717526760567
Maxchi,451,492,A,D,J,0.058640899842855226
Maxchi,451,511,A,D,cpx,0.09527364497474693
Maxchi,499,549,A,01A1,DF,0.3072198738014566
Maxchi,465,514,A,01B,DF,0.14362035437549175
Maxchi,413,467,A,02B,DF,0.004569109180048859
Maxchi,434,484,A,AD,DF,0.011691805928550372
Maxchi,480,536,A,01A1,F1,0.07834966864367107
Maxchi,451,508,A,01B,F1,0.5056321360964173
Maxchi,486,532,A,01C,F1,0.030022057625623995
Maxchi,7892,7928,A,02A,F1,2.201137117559871e-09
Maxchi,394,440,A,02B,F1,0.014532491473941447
Maxchi,465,516,A,A2D,F1,2.5940742549494534e-05
Maxchi,434,484,A,AD,F1,0.011691805928550372
Maxchi,478,533,A,AE,F1,0.17372480846064142
Maxchi,437,485,A,AG,F1,3.158423111697619e-08
Maxchi,7885,7925,A,BG,F1,0.02389469825284909
Maxchi,446,497,A,F1,F2,0.39807993947769205
Maxchi,504,555,A,F1,J,0.15327487247217927
Maxchi,463,513,A,F1,K,0.0006817102933708401
Maxchi,414,475,A,01A1,F2,0.07872178444151245
Maxchi,451,508,A,01B,F2,0.5056321360964173
Maxchi,386,440,A,01C,F2,0.08326451666355042
Maxchi,444,496,A,02A,F2,0.09916296389836048
Maxchi,394,440,A,02B,F2,0.014532491473941447
Maxchi,444,496,A,02G,F2,0.2110936711315774
Maxchi,334,384,A,A1D,F2,0.7064241454056421
Maxchi,434,484,A,AD,F2,0.011691805928550372
Maxchi,479,532,A,AE,F2,0.1734968670007614
Maxchi,485,532,A,AG,F2,3.158423111697619e-08
Maxchi,386,440,A,BC,F2,0.29869755599496717
Maxchi,497,547,A,BF,F2,0.020921335337794004
Maxchi,497,547,A,BF1,F2,0.020921335337794004
Maxchi,417,466,A,BG,F2,0.00026487307898938615
Maxchi,386,440,A,C2U,F2,0.29869755599496717
Maxchi,496,545,A,CD,F2,0.0022706151460082226
Maxchi,496,545,A,DF,F2,0.0007517483636357952
Maxchi,444,493,A,F2,G,0.07505320410379065
Maxchi,496,546,A,F2,H,0.0024318453627428563
Maxchi,472,513,A,F2,J,5.262910804852843e-06
Maxchi,413,463,A,F2,K,0.0018811128570602163
Maxchi,497,547,A,F2,L,0.020921335337794004
Maxchi,444,496,A,F2,cpx,0.09916296389836048
Maxchi,442,503,A,01A1,G,0.10283853399734726
Maxchi,473,532,A,01B,G,0.07671840421321464
Maxchi,565,608,A,01C,G,0.24729402265563932
Maxchi,439,484,A,02B,G,0.0033121475136870943
Maxchi,5454,5497,A,02G,G,0.2636796191045545
Maxchi,465,516,A,A2D,G,2.5940742549494534e-05
Maxchi,484,532,A,AD,G,0.000678695606028948
Maxchi,473,532,A,AE,G,0.030557128849091963
Maxchi,434,483,A,AG,G,2.086004177470275e-09
Maxchi,451,507,A,G,K,0.00034578507276962316
Maxchi,511,563,A,01A1,H,0.4420677940706149
Maxchi,511,563,A,01B,H,0.3760918174259896
Maxchi,565,608,A,01C,H,0.24729402265563932
Maxchi,451,508,A,02B,H,0.05874917487044891
Maxchi,466,491,A,A2D,H,0.00036295619686463885
Maxchi,461,510,A,AD,H,0.000345623408104615
Maxchi,459,511,A,AE,H,0.06067647421012434
Maxchi,494,509,A,AG,H,4.284146187165984e-07
Maxchi,472,530,A,01A1,J,0.09741464039377716
Maxchi,413,472,A,01B,J,0.10354890410293692
Maxchi,441,486,A,02B,J,0.2502059120147342
Maxchi,516,571,A,02G,J,0.006157617285370997
Maxchi,467,516,A,A2D,J,2.0588151171499052e-05
Maxchi,413,467,A,AD,J,0.0002445237481751522
Maxchi,413,472,A,AE,J,0.10354890410293692
Maxchi,437,485,A,AG,J,3.158423111697619e-08
Maxchi,489,539,A,BC,J,0.0656911336441939
Maxchi,496,547,A,BF,J,0.0046943853946133755
Maxchi,7885,7920,A,BG,J,0.018620889429885278
Maxchi,443,495,A,01A1,K,0.04904613925438668
Maxchi,463,513,A,01B,K,0.0006817102933708401
Maxchi,413,463,A,01C,K,0.0018811128570602163
Maxchi,393,450,A,02A,K,0.0007030196939860888
Maxchi,393,450,A,02B,K,0.0007030196939860888
Maxchi,413,463,A,02G,K,0.0018811128570602163
Maxchi,393,450,A,A1D,K,0.0007030196939860888
Maxchi,413,463,A,AD,K,0.0018811128570602163
Maxchi,463,513,A,AE,K,0.0006817102933708401
Maxchi,413,463,A,AG,K,0.0018811128570602163
Maxchi,405,453,A,BC,K,0.24821307898992026
Maxchi,413,463,A,BF,K,0.0018811128570602163
Maxchi,413,463,A,BF1,K,0.0018811128570602163
Maxchi,393,450,A,BG,K,3.919203973022859e-05
Maxchi,417,467,A,C2U,K,0.08782728379058734
Maxchi,316,363,A,CPZ,K,0.019728847532845598
Maxchi,418,466,A,DF,K,1.0529141903587239e-06
Maxchi,547,600,A,01A1,L,0.07297753951956215
Maxchi,493,550,A,01B,L,0.07849483033471316
Maxchi,438,487,A,02B,L,0.1360970044403716
Maxchi,495,547,A,A2D,L,0.005125489443759879
Maxchi,461,510,A,AD,L,0.02350559083729607
Maxchi,494,547,A,AE,L,0.1350968406866018
Maxchi,489,533,A,AG,L,0.0011112732879842797
Maxchi,7922,7974,A,L,cpx,0.0005477023825302931
Maxchi,568,622,A,01A1,cpx,0.2242125506341817
Maxchi,568,622,A,01B,cpx,0.10752723963321277
Maxchi,514,560,A,02B,cpx,0.14853823836890173
Maxchi,465,491,A,A2D,cpx,8.76417421089973e-05
Maxchi,510,559,A,AD,cpx,0.02290228470605656
Maxchi,1219,1281,A1,01A1,02B,0.07883361675988991
Maxchi,480,534,A1,01A1,A1D,0.048380088501432404
Maxchi,1201,1248,A1,01A1,AD,0.24939662552220368
Maxchi,442,495,A1,01A1,C2U,0.026278641821333035
Maxchi,223,278,A1,01A1,CPZ,0.07547550485267839
Maxchi,991,1056,A1,01B,01C,0.07170959361976427
Maxchi,444,493,A1,01B,02G,0.00538703355141441
Maxchi,406,452,A1,01B,A1D,0.39164382861578273
Maxchi,412,460,A1,01B,A5U,0.00018033983092287495
Maxchi,1537,1587,A1,01B,AD,0.02458647159415497
Maxchi,496,547,A1,01B,BF1,0.0025854430718900306
Maxchi,442,495,A1,01B,C2U,0.026278641821333035
Maxchi,434,487,A1,02A,C2U,0.00013496859757170863
Maxchi,859,860,A1,01C,02B,5.762843271868781e-07
Maxchi,443,493,A1,01C,02G,0.0740225429253814
Maxchi,443,493,A1,02A,02G,0.0740225429253814
Maxchi,443,492,A1,02B,02G,0.059381462772073845
Maxchi,493,542,A1,02G,A1D,1.7119527096551035e-06
Maxchi,443,493,A1,02G,C2U,0.0002719395840333429
Maxchi,480,534,A1,01C,A1D,0.048380088501432404
Maxchi,431,489,A1,02A,A1D,0.4065186224319768
Maxchi,486,542,A1,02B,A1D,0.49125445228368114
Maxchi,339,397,A1,A1D,C2U,0.4362070717212526
Maxchi,488,529,A1,01A1,A2,0.011754843410191179
Maxchi,485,529,A1,01B,A2,0.0002825277646880896
Maxchi,485,529,A1,01C,A2,0.0002825277646880896
Maxchi,485,529,A1,02A,A2,0.0002825277646880896
Maxchi,412,465,A1,02B,A2,3.5621818367824316e-05
Maxchi,441,485,A1,02G,A2,0.0002825277646880896
Maxchi,465,516,A1,A1D,A2,7.234112838652756e-07
Maxchi,485,529,A1,A2,A2D,0.0002825277646880896
Maxchi,487,529,A1,A2,A3,0.002094685975868531
Maxchi,413,467,A1,A2,A5U,4.1291965714983236e-05
Maxchi,488,529,A1,A2,AD,0.011754843410191179
Maxchi,486,529,A1,A2,AE,0.0010342909719042036
Maxchi,486,529,A1,A2,AG,0.0010342909719042036
Maxchi,412,465,A1,A2,B,3.5621818367824316e-05
Maxchi,368,409,A1,A2,BC,0.03945881656103023
Maxchi,413,465,A1,A2,BG,0.0001433996985618295
Maxchi,413,465,A1,A2,C,0.0001433996985618295
Maxchi,413,465,A1,A2,C2U,0.0001433996985618295
Maxchi,412,465,A1,A2,CD,3.5621818367824316e-05
Maxchi,306,356,A1,A2,CPZ,0.384088249473852
Maxchi,412,465,A1,A2,D,3.5621818367824316e-05
Maxchi,464,512,A1,A2,DF,0.0752109804874063
Maxchi,465,516,A1,A2,G,7.234112838652756e-07
Maxchi,441,485,A1,A2,H,0.0002825277646880896
Maxchi,412,465,A1,A2,J,3.5621818367824316e-05
Maxchi,413,465,A1,A2,K,0.0001433996985618295
Maxchi,441,485,A1,A2,L,0.0002825277646880896
Maxchi,486,529,A1,A2,cpx,0.0010342909719042036
Maxchi,1540,1587,A1,01A1,A2D,0.005176137738424453
Maxchi,571,621,A1,01C,A2D,0.5515150900118735
Maxchi,434,487,A1,02A,A2D,0.09987451929352424
Maxchi,493,541,A1,02G,A2D,7.564816800405635e-07
Maxchi,430,489,A1,A1D,A2D,0.17551347319520555
Maxchi,433,481,A1,A2D,A5U,2.8089040436829e-06
Maxchi,410,464,A1,A2D,C2U,0.005770353412078525
Maxchi,1508,1564,A1,01A1,A3,0.013385381237299189
Maxchi,1512,1564,A1,01B,A3,0.07802808739788843
Maxchi,685,742,A1,01C,A3,0.029756013745119804
Maxchi,434,486,A1,02A,A3,0.0018459570079280379
Maxchi,443,492,A1,02G,A3,0.059381462772073845
Maxchi,480,534,A1,A1D,A3,0.048380088501432404
Maxchi,433,481,A1,A3,A5U,2.8089040436829e-06
Maxchi,589,648,A1,A3,A6,0.08830999614023403
Maxchi,6007,6062,A1,A3,AG,0.019033344278795803
Maxchi,484,537,A1,A3,B,0.016174100790327592
Maxchi,434,482,A1,A3,BC,0.00847999544038844
Maxchi,412,463,A1,A3,BF,0.0011783850112514662
Maxchi,412,463,A1,A3,BF1,0.002659317140032744
Maxchi,426,477,A1,A3,BG,0.12496456077606814
Maxchi,412,463,A1,A3,C,0.0002766428496460526
Maxchi,412,464,A1,A3,C2U,0.0004105171036473985
Maxchi,460,510,A1,A3,CD,0.0415651498373117
Maxchi,388,436,A1,A3,CPZ,0.5049850750938457
Maxchi,412,462,A1,A3,DF,0.11995996216452143
Maxchi,463,513,A1,A3,F1,0.0006289394206546049
Maxchi,536,586,A1,A3,F2,0.01198793122443384
Maxchi,528,574,A1,A3,G,0.18385451020292712
Maxchi,459,509,A1,A3,H,0.366582209410512
Maxchi,556,615,A1,A3,J,0.025721020619750432
Maxchi,465,518,A1,A3,L,0.6070048167773971
Maxchi,514,558,A1,A3,cpx,0.11565086724906912
Maxchi,410,466,A1,02B,A5U,0.06887237117137426
Maxchi,433,481,A1,02G,A5U,2.8089040436829e-06
Maxchi,433,480,A1,A1D,A5U,4.657580401355168e-06
Maxchi,457,506,A1,A5U,AD,1.6786056834021975e-07
Maxchi,411,466,A1,A5U,C2U,0.05978366262806145
Maxchi,334,383,A1,A5U,CPZ,0.4428602225095475
Maxchi,403,417,A1,01A1,A6,0.030630447843490304
Maxchi,477,512,A1,02A,A6,0.3087484427949946
Maxchi,413,473,A1,02B,A6,0.1153633617661686
Maxchi,493,547,A1,A1D,A6,0.29869755599496717
Maxchi,477,505,A1,A2D,A6,0.1973497216523107
Maxchi,467,520,A1,A5U,A6,0.0350189231826519
Maxchi,476,508,A1,A6,AD,0.2519732887030862
Maxchi,565,608,A1,A6,AE,0.08922967334631311
Maxchi,522,568,A1,A6,AG,0.1600324337145672
Maxchi,413,467,A1,A6,BG,0.03992487093355428
Maxchi,496,544,A1,A6,D,0.6825698188332029
Maxchi,413,467,A1,A6,DF,0.0717694075066066
Maxchi,484,533,A1,A6,G,0.18362780635311488
Maxchi,476,518,A1,A6,H,0.07650443975110946
Maxchi,443,495,A1,A6,K,0.14283207284569413
Maxchi,584,648,A1,A6,cpx,0.31349994558358524
Maxchi,724,773,A1,01C,AD,0.18762168884108998
Maxchi,496,538,A1,02A,AD,2.4119904642767228e-06
Maxchi,517,571,A1,02G,AD,0.000854838975391348
Maxchi,489,546,A1,A1D,AD,0.3327703896909945
Maxchi,496,547,A1,AD,BF1,0.0025854430718900306
Maxchi,495,547,A1,AD,C2U,0.00355784926891911
Maxchi,411,461,A1,AD,CPZ,0.009914211838606657
Maxchi,991,1056,A1,01C,AE,0.07170959361976427
Maxchi,493,541,A1,02G,AE,7.564816800405635e-07
Maxchi,480,534,A1,A1D,AE,0.048380088501432404
Maxchi,412,460,A1,A5U,AE,0.00018033983092287495
Maxchi,435,482,A1,AE,BC,0.004842788059466142
Maxchi,354,397,A1,AE,BF,0.12644763356667546
Maxchi,496,547,A1,AE,BF1,0.0025854430718900306
Maxchi,426,477,A1,AE,BG,0.12496456077606814
Maxchi,442,495,A1,AE,C2U,0.026278641821333035
Maxchi,472,528,A1,AE,CD,0.12067007504806043
Maxchi,464,512,A1,AE,DF,0.18177820453157364
Maxchi,514,568,A1,AE,cpx,0.19284179629374387
Maxchi,1242,1300,A1,01A1,AG,0.10921355706195075
Maxchi,510,565,A1,02A,AG,0.06554950792212194
Maxchi,430,490,A1,A1D,AG,0.21140155618095882
Maxchi,457,506,A1,A5U,AG,0.010660823094031456
Maxchi,5601,5650,A1,AD,AG,0.07620362056013766
Maxchi,428,479,A1,AG,BC,0.029883105324575915
Maxchi,444,496,A1,AG,BF,0.0204755038283593
Maxchi,444,496,A1,AG,BF1,0.0204755038283593
Maxchi,442,495,A1,AG,C2U,0.2800541184232168
Maxchi,451,497,A1,AG,CD,0.004162298290121676
Maxchi,423,478,A1,AG,CPZ,9.241639730817517e-05
Maxchi,451,497,A1,AG,DF,0.005959178548021845
Maxchi,481,532,A1,01C,B,0.029521662342880877
Maxchi,450,504,A1,02A,B,0.006249477882326379
Maxchi,443,493,A1,02G,B,0.0002719395840333429
Maxchi,402,452,A1,A1D,B,0.2214397326720097
Maxchi,537,590,A1,AD,B,0.016174100790327592
Maxchi,496,543,A1,AE,B,0.28797215208793064
Maxchi,444,496,A1,B,BF,0.0204755038283593
Maxchi,496,547,A1,B,BF1,0.0025854430718900306
Maxchi,442,498,A1,B,BG,9.805905877948192e-05
Maxchi,401,454,A1,B,C,0.0006366406446421751
Maxchi,369,437,A1,B,C2U,0.00014326654513159402
Maxchi,445,488,A1,B,CD,0.1035128738340032
Maxchi,689,739,A1,B,D,1.0
Maxchi,415,464,A1,B,DF,0.18177820453157364
Maxchi,444,496,A1,B,F1,0.0204755038283593
Maxchi,451,500,A1,B,F2,0.03989425809237361
Maxchi,413,472,A1,B,J,0.26472454102827403
Maxchi,426,472,A1,B,L,0.14994716118343376
Maxchi,453,501,A1,B,cpx,0.31221638834331633
Maxchi,393,450,A1,B.FR.83.HXBLAI_IIIB_BRU.K03455,BF,0.0013574242948539183
Maxchi,450,507,A1,B.FR.83.HXBLAI_IIIB_BRU.K03455,BF1,0.0005674132382468102
Maxchi,450,503,A1,B.FR.83.HXBLAI_IIIB_BRU.K03455,F2,0.05051582192098474
Maxchi,435,482,A1,01A1,BC,0.01042151075037047
Maxchi,435,482,A1,01B,BC,0.004842788059466142
Maxchi,413,464,A1,01C,BC,0.20861974101918132
Maxchi,465,511,A1,02B,BC,7.687243909390665e-05
Maxchi,413,465,A1,02G,BC,9.747173754462248e-06
Maxchi,397,454,A1,A1D,BC,0.1757045546306893
Maxchi,435,484,A1,A2D,BC,0.004031780648283041
Maxchi,435,482,A1,AD,BC,0.021081059310006034
Maxchi,347,401,A1,BC,BF,0.4297547676964517
Maxchi,411,467,A1,BC,BF1,0.036307388610389964
Maxchi,418,465,A1,BC,C2U,7.687243909390665e-05
Maxchi,306,356,A1,BC,CPZ,0.41224367825669916
Maxchi,394,441,A1,01C,BF,0.17092517503481247
Maxchi,405,453,A1,02B,BF,0.4385780260809997
Maxchi,443,493,A1,02G,BF,0.0002719395840333429
Maxchi,405,453,A1,A1D,BF,0.39996426478030644
Maxchi,444,496,A1,AD,BF,0.0204755038283593
Maxchi,496,547,A1,BF,BF1,0.0025854430718900306
Maxchi,360,414,A1,BF,C2U,0.4623005529918929
Maxchi,305,358,A1,BF,CPZ,0.4474384947962765
Maxchi,443,496,A1,01C,BF1,0.042333171701855674
Maxchi,393,450,A1,02B,BF1,0.0005674132382468102
Maxchi,443,493,A1,02G,BF1,0.0002719395840333429
Maxchi,405,453,A1,A1D,BF1,0.3716350677480469
Maxchi,433,481,A1,BF1,C2U,0.37564791079050885
Maxchi,477,527,A1,01A1,BG,0.04977397963238423
Maxchi,426,477,A1,01B,BG,0.12496456077606814
Maxchi,426,477,A1,01C,BG,0.12496456077606814
Maxchi,426,477,A1,02A,BG,0.12496456077606814
Maxchi,426,477,A1,02B,BG,0.12496456077606814
Maxchi,412,465,A1,02G,BG,0.0031560175455886508
Maxchi,426,477,A1,A1D,BG,0.12496456077606814
Maxchi,460,520,A1,A2D,BG,0.00019234250398850644
Maxchi,411,466,A1,A5U,BG,0.05978366262806145
Maxchi,442,500,A1,AD,BG,1.0922427516913379e-05
Maxchi,426,477,A1,BG,C2U,0.12496456077606814
Maxchi,336,387,A1,BG,CPZ,0.09147892885679805
Maxchi,435,482,A1,01B,C,0.008169047029457093
Maxchi,421,466,A1,01C,C,0.05827896591608562
Maxchi,401,454,A1,02B,C,0.0006366406446421751
Maxchi,435,482,A1,02G,C,1.6325976912462794e-05
Maxchi,397,454,A1,A1D,C,0.1757045546306893
Maxchi,405,461,A1,A2D,C,2.6340119835386526e-05
Maxchi,435,482,A1,AD,C,0.008169047029457093
Maxchi,435,482,A1,AE,C,0.008169047029457093
Maxchi,435,482,A1,AG,C,0.008169047029457093
Maxchi,435,482,A1,BC,C,0.01042151075037047
Maxchi,360,414,A1,BF,C,0.4623005529918929
Maxchi,411,467,A1,BF1,C,0.036307388610389964
Maxchi,442,498,A1,BG,C,2.7454784324267634e-05
Maxchi,435,478,A1,C,C2U,0.002131470068610165
Maxchi,432,488,A1,C,CD,0.008016028844556319
Maxchi,306,356,A1,C,CPZ,0.5959460879180236
Maxchi,416,464,A1,C,DF,0.08535571477732393
Maxchi,115,189,A1,C,F2,2.961456048799701e-10
Maxchi,429,498,A1,C,G,0.010447533393276606
Maxchi,419,467,A1,C,cpx,0.07738693932603265
Maxchi,458,509,A1,01C,C2U,0.46119354499008014
Maxchi,437,504,A1,02B,C2U,0.00014326654513159402
Maxchi,472,528,A1,01B,CD,0.12067007504806043
Maxchi,401,445,A1,01C,CD,0.1035128738340032
Maxchi,445,488,A1,02A,CD,0.1035128738340032
Maxchi,401,445,A1,02B,CD,0.1035128738340032
Maxchi,443,493,A1,02G,CD,0.0002719395840333429
Maxchi,451,497,A1,AD,CD,0.004162298290121676
Maxchi,451,497,A1,BF,CD,0.004162298290121676
Maxchi,451,497,A1,BF1,CD,0.004162298290121676
Maxchi,426,477,A1,BG,CD,0.12496456077606814
Maxchi,409,460,A1,C2U,CD,0.43852648989499543
Maxchi,315,362,A1,CD,CPZ,0.010595978092578485
Maxchi,1293,1349,A1,01A1,D,0.009961426023919053
Maxchi,1183,1240,A1,01B,D,0.00445850853282375
Maxchi,568,621,A1,01C,D,0.3770042153301648
Maxchi,450,504,A1,02A,D,0.006249477882326379
Maxchi,443,493,A1,02G,D,0.0002719395840333429
Maxchi,410,466,A1,A5U,D,0.06887237117137426
Maxchi,434,477,A1,BC,D,7.764489608689099e-07
Maxchi,426,483,A1,BG,D,0.10855992135909721
Maxchi,520,595,A1,CD,D,0.008810285508869824
Maxchi,480,528,A1,D,DF,0.04087511929813311
Maxchi,443,494,A1,D,F1,0.0022887385698528
Maxchi,1071,1114,A1,D,F2,0.029385649053171866
Maxchi,500,547,A1,D,G,0.14158442710395336
Maxchi,554,612,A1,D,J,0.20458390420321126
Maxchi,456,505,A1,D,cpx,0.12283596573025672
Maxchi,464,512,A1,01B,DF,0.18177820453157364
Maxchi,464,512,A1,01C,DF,0.08535571477732393
Maxchi,452,502,A1,02A,DF,0.013766880172368233
Maxchi,452,502,A1,02B,DF,0.013766880172368233
Maxchi,464,512,A1,02G,DF,0.18177820453157364
Maxchi,415,464,A1,A1D,DF,0.18177820453157364
Maxchi,433,481,A1,A5U,DF,0.11947098677170034
Maxchi,451,497,A1,AD,DF,0.005959178548021845
Maxchi,416,464,A1,BC,DF,0.059196856774493885
Maxchi,416,464,A1,BF,DF,0.08535571477732393
Maxchi,416,464,A1,BF1,DF,0.08535571477732393
Maxchi,464,513,A1,BG,DF,0.07070114486598289
Maxchi,415,464,A1,C2U,DF,0.18177820453157364
Maxchi,480,528,A1,CD,DF,0.04087511929813311
Maxchi,444,496,A1,01B,F1,0.0204755038283593
Maxchi,443,496,A1,01C,F1,0.042333171701855674
Maxchi,393,450,A1,02B,F1,0.0013574242948539183
Maxchi,443,493,A1,02G,F1,0.0002719395840333429
Maxchi,393,450,A1,A1D,F1,0.0013574242948539183
Maxchi,496,547,A1,AD,F1,0.0025854430718900306
Maxchi,496,547,A1,AE,F1,0.0025854430718900306
Maxchi,444,496,A1,AG,F1,0.0204755038283593
Maxchi,496,547,A1,BF,F1,0.0025854430718900306
Maxchi,496,547,A1,BF1,F1,0.0025854430718900306
Maxchi,442,498,A1,BG,F1,9.805905877948192e-05
Maxchi,433,481,A1,C2U,F1,0.044505649956435966
Maxchi,451,497,A1,CD,F1,0.004162298290121676
Maxchi,305,358,A1,CPZ,F1,0.10354989617629018
Maxchi,416,464,A1,DF,F1,0.08535571477732393
Maxchi,444,496,A1,F1,F2,0.0204755038283593
Maxchi,464,505,A1,F1,K,0.010368207147910032
Maxchi,444,496,A1,F1,cpx,0.0204755038283593
Maxchi,1095,1144,A1,01A1,F2,0.669672632416211
Maxchi,1071,1114,A1,01B,F2,0.029385649053171866
Maxchi,482,499,A1,01C,F2,0.010197876776240265
Maxchi,450,504,A1,02A,F2,0.006249477882326379
Maxchi,493,554,A1,02B,F2,0.000502105425352689
Maxchi,132,181,A1,02G,F2,2.2088536328104897e-12
Maxchi,132,181,A1,A1D,F2,2.2088536328104897e-12
Maxchi,674,725,A1,AD,F2,0.0123195117955672
Maxchi,1071,1114,A1,AE,F2,0.029385649053171866
Maxchi,536,586,A1,AG,F2,0.01198793122443384
Maxchi,418,465,A1,BC,F2,7.687243909390665e-05
Maxchi,132,181,A1,BF,F2,2.2088536328104897e-12
Maxchi,444,496,A1,BF1,F2,0.0204755038283593
Maxchi,442,498,A1,BG,F2,9.805905877948192e-05
Maxchi,132,181,A1,C2U,F2,2.2088536328104897e-12
Maxchi,446,488,A1,CD,F2,0.08115697167323974
Maxchi,416,464,A1,DF,F2,0.08535571477732393
Maxchi,442,501,A1,F2,G,0.027064529542934354
Maxchi,453,505,A1,F2,J,0.27584709807348307
Maxchi,536,586,A1,F2,K,0.01198793122443384
Maxchi,442,495,A1,F2,L,0.2445304008606901
Maxchi,132,181,A1,F2,cpx,2.2088536328104897e-12
Maxchi,442,491,A1,01A1,G,0.03989425809237361
Maxchi,442,503,A1,01B,G,0.10283853399734726
Maxchi,575,621,A1,01C,G,0.3119924711454469
Maxchi,442,501,A1,02A,G,0.027064529542934354
Maxchi,491,539,A1,02B,G,0.04087511929813311
Maxchi,450,497,A1,A1D,G,0.6594569985747136
Maxchi,463,513,A1,A2D,G,0.00018847634152290956
Maxchi,433,480,A1,A5U,G,4.657580401355168e-06
Maxchi,503,559,A1,AD,G,0.0027150813070030734
Maxchi,442,503,A1,AE,G,0.05860107828752473
Maxchi,451,507,A1,BF,G,0.0006663080746142137
Maxchi,451,508,A1,BF1,G,0.00016596339143258484
Maxchi,503,559,A1,BG,G,5.873477014569952e-05
Maxchi,442,501,A1,C2U,G,0.027064529542934354
Maxchi,387,438,A1,CPZ,G,0.2840768459233023
Maxchi,441,490,A1,G,J,0.04679715379530236
Maxchi,446,481,A1,G,cpx,0.015584591650845619
Maxchi,509,559,A1,01A1,H,0.366582209410512
Maxchi,509,559,A1,01B,H,0.366582209410512
Maxchi,458,509,A1,01C,H,0.615302555690511
Maxchi,443,495,A1,02A,H,0.255714503575078
Maxchi,458,509,A1,02B,H,0.615302555690511
Maxchi,443,495,A1,02G,H,0.255714503575078
Maxchi,458,509,A1,A1D,H,0.615302555690511
Maxchi,492,541,A1,A2D,H,0.10459732913999457
Maxchi,467,520,A1,A5U,H,0.04095825260280486
Maxchi,509,559,A1,AD,H,0.615302555690511
Maxchi,509,559,A1,AE,H,0.366582209410512
Maxchi,459,509,A1,AG,H,0.4795897710096283
Maxchi,412,471,A1,BC,H,0.1373653088564922
Maxchi,412,464,A1,BF,H,0.09035734147241459
Maxchi,412,464,A1,BF1,H,0.09035734147241459
Maxchi,412,466,A1,BG,H,0.0705568606021305
Maxchi,492,541,A1,C2U,H,0.10459732913999457
Maxchi,327,380,A1,CPZ,H,0.3595149169882603
Maxchi,464,512,A1,DF,H,0.18177820453157364
Maxchi,509,559,A1,H,cpx,0.615302555690511
Maxchi,504,556,A1,01B,J,0.06945008826120921
Maxchi,556,615,A1,01C,J,0.025721020619750432
Maxchi,413,472,A1,02A,J,0.26472454102827403
Maxchi,556,615,A1,02B,J,0.025721020619750432
Maxchi,413,472,A1,02G,J,0.26472454102827403
Maxchi,413,472,A1,A1D,J,0.26472454102827403
Maxchi,463,513,A1,A2D,J,0.0003801335754154002
Maxchi,496,556,A1,AD,J,0.22853883084959575
Maxchi,504,556,A1,AE,J,0.06945008826120921
Maxchi,515,568,A1,AG,J,0.025414623777647038
Maxchi,413,463,A1,BC,J,0.003755953976896718
Maxchi,404,453,A1,BF,J,0.006768741146915494
Maxchi,404,453,A1,BF1,J,0.006768741146915494
Maxchi,413,467,A1,BG,J,0.0011117992287175374
Maxchi,413,472,A1,C2U,J,0.26472454102827403
Maxchi,414,467,A1,CD,J,0.0036740778660108065
Maxchi,313,362,A1,CPZ,J,0.022471248034794673
Maxchi,415,464,A1,DF,J,0.1993753192590406
Maxchi,485,537,A1,J,L,0.07084253248012091
Maxchi,412,463,A1,J,cpx,0.008536550410185827
Maxchi,1202,1250,A1,01A1,K,0.08085559837005234
Maxchi,509,559,A1,01C,K,0.27119582002812104
Maxchi,450,504,A1,02A,K,0.006249477882326379
Maxchi,413,465,A1,02G,K,9.747173754462248e-06
Maxchi,451,507,A1,A1D,K,0.0011871872410405295
Maxchi,411,459,A1,A5U,K,0.0005195076846622699
Maxchi,416,481,A1,BF1,K,0.06300439105707738
Maxchi,442,498,A1,BG,K,9.805905877948192e-05
Maxchi,419,467,A1,C2U,K,0.018492433669984546
Maxchi,410,462,A1,CD,K,3.8885560784717e-05
Maxchi,418,466,A1,DF,K,1.0529141903587239e-06
Maxchi,476,533,A1,01B,L,0.14818923175658089
Maxchi,426,472,A1,01C,L,0.14994716118343376
Maxchi,442,495,A1,02A,L,0.2445304008606901
Maxchi,433,485,A1,02B,L,0.0849415493044115
Maxchi,442,495,A1,02G,L,0.2445304008606901
Maxchi,472,518,A1,A1D,L,0.14994716118343376
Maxchi,442,495,A1,A2D,L,0.005125489443759879
Maxchi,495,547,A1,AD,L,0.4815999681017722
Maxchi,476,533,A1,AE,L,0.14818923175658089
Maxchi,495,547,A1,AG,L,0.4815999681017722
Maxchi,425,472,A1,BC,L,0.05303971533667682
Maxchi,426,472,A1,BF,L,0.14994716118343376
Maxchi,426,472,A1,BF1,L,0.14994716118343376
Maxchi,426,477,A1,BG,L,0.17979150269156446
Maxchi,425,472,A1,C2U,L,0.05303971533667682
Maxchi,315,363,A1,CPZ,L,0.16566783307658434
Maxchi,426,477,A1,DF,L,0.11793010316487021
Maxchi,501,547,A1,L,cpx,0.26404581157350093
Maxchi,339,394,A1,01A1,cpx,0.11279880305538487
Maxchi,513,567,A1,01B,cpx,0.17678602884948658
Maxchi,559,576,A1,01C,cpx,0.03195870443530866
Maxchi,498,515,A1,02A,cpx,0.00034389117728162783
Maxchi,510,568,A1,02B,cpx,0.0352182831260726
Maxchi,522,564,A1,02G,cpx,0.15412032555453625
Maxchi,481,532,A1,A1D,cpx,0.2628084071031743
Maxchi,486,514,A1,A2D,cpx,0.006393591914106547
Maxchi,461,514,A1,A5U,cpx,0.015673838888084216
Maxchi,491,514,A1,AD,cpx,0.002476641278298481
Maxchi,375,417,A1,BC,cpx,0.029737642016301476
Maxchi,419,463,A1,BF,cpx,0.029839370541013443
Maxchi,419,463,A1,BF1,cpx,0.029839370541013443
Maxchi,461,514,A1,BG,cpx,0.02504195107077096
Maxchi,458,486,A1,C2U,cpx,0.006393591914106547
Maxchi,456,505,A1,CD,cpx,0.12283596573025672
Maxchi,412,460,A1D,01B,A5U,0.00018033983092287495
Maxchi,486,539,A1D,01C,02A,0.000987071311898626
Maxchi,443,491,A1D,02A,02B,0.001726821857456539
Maxchi,405,451,A1D,01C,02B,0.07438723293859167
Maxchi,307,356,A1D,02B,CPZ,0.4131236877318951
Maxchi,492,541,A1D,01C,02G,1.7119527096551035e-06
Maxchi,407,468,A1D,02B,02G,3.780821348455573e-05
Maxchi,4042,4080,A1D,A2,A5U,0.013342050954886652
Maxchi,416,466,A1D,02A,A2D,0.0656911336441939
Maxchi,355,403,A1D,02B,A2D,0.38273308888522595
Maxchi,500,549,A1D,A3,AD,0.417500852278199
Maxchi,492,538,A1D,01A1,A6,0.23076248535182253
Maxchi,485,532,A1D,A6,AG,2.337022555902927e-06
Maxchi,542,587,A1D,01B,AE,0.16520835015030932
Maxchi,412,460,A1D,A5U,AE,0.00018033983092287495
Maxchi,434,491,A1D,AE,AG,0.0010941463654923927
Maxchi,403,451,A1D,AE,CD,0.284577605786535
Maxchi,496,535,A1D,AE,cpx,0.07889593632713156
Maxchi,434,491,A1D,01A1,AG,0.0010941463654923927
Maxchi,434,490,A1D,01B,AG,0.00035285584097841495
Maxchi,468,515,A1D,02G,AG,0.15710716103576738
Maxchi,413,461,A1D,A5U,AG,2.636597351804326e-07
Maxchi,496,516,A1D,AG,cpx,3.901365639133128e-08
Maxchi,347,401,A1D,02B,B,0.3864762307712325
Maxchi,406,452,A1D,AE,B,0.5504066652257602
Maxchi,404,454,A1D,B,D,0.26945640515977404
Maxchi,347,401,A1D,02B,B.FR.83.HXBLAI_IIIB_BRU.K03455,0.3864762307712325
Maxchi,406,452,A1D,B.FR.83.HXBLAI_IIIB_BRU.K03455,D,0.14817787189628098
Maxchi,400,453,A1D,02B,BC,0.32000492122972407
Maxchi,3344,3398,A1D,BC,BF,0.18832837924848533
Maxchi,3289,3344,A1D,BC,BF1,0.18832837924848533
Maxchi,3089,3136,A1D,BC,BG,0.1816455402664493
Maxchi,403,452,A1D,02B,BF,0.0473302084081901
Maxchi,347,401,A1D,02B,C,0.3864762307712325
Maxchi,355,403,A1D,A2D,C,0.38273308888522595
Maxchi,8820,8877,A1D,C,C2U,0.0007519863724043567
Maxchi,8763,8814,A1D,C,CD,0.016346462533326413
Maxchi,347,401,A1D,C,F2,0.48352205986804886
Maxchi,409,459,A1D,02B,C2U,0.2214397326720097
Maxchi,398,442,A1D,01C,D,0.1256846454903779
Maxchi,459,500,A1D,CD,D,0.2995379738137086
Maxchi,437,489,A1D,D,DF,0.03475558435961615
Maxchi,406,452,A1D,02B,DF,0.2515481025711902
Maxchi,6693,6741,A1D,02A,F1,6.488601711414715e-07
Maxchi,408,463,A1D,A2D,F1,0.5386498448593774
Maxchi,3508,3538,A1D,DF,F1,0.008249649676729727
Maxchi,334,384,A1D,BF,F2,0.7064241454056421
Maxchi,322,378,A1D,BF1,F2,0.006462709231672826
Maxchi,334,384,A1D,BG,F2,0.7064241454056421
Maxchi,403,451,A1D,C2U,F2,0.5266201376098685
Maxchi,334,384,A1D,F2,H,0.7064241454056421
Maxchi,340,392,A1D,F2,J,0.19082698017001115
Maxchi,434,498,A1D,01A1,G,0.07334586407080738
Maxchi,4467,4497,A1D,02G,G,0.1022381228782648
Maxchi,404,456,A1D,A2D,J,2.4285271122064797e-05
Maxchi,340,390,A1D,01C,K,0.07649336468303457
Maxchi,340,392,A1D,BF,K,0.10788377018834606
Maxchi,340,392,A1D,BF1,K,0.009988469341019053
Maxchi,347,401,A1D,C2U,K,0.21038398851740508
Maxchi,394,455,A1D,A2D,L,3.8560226711244064e-07
Maxchi,496,535,A1D,01B,cpx,0.07889593632713156
Maxchi,555,607,A1D,01C,cpx,0.03737298834065144
Maxchi,441,498,A1D,02B,cpx,0.0776040168462201
Maxchi,434,486,A2,01A1,01C,0.00043209146890514915
Maxchi,267,312,A2,01A1,02B,0.4478844782641117
Maxchi,413,465,A2,01A1,BF1,0.0019682121929670434
Maxchi,316,363,A2,01A1,CPZ,0.13707483194633338
Maxchi,487,529,A2,01A1,01B,0.0005956885019237326
Maxchi,485,529,A2,01B,01C,0.00012017642163721631
Maxchi,405,461,A2,01B,02A,7.572192362701e-06
Maxchi,413,465,A2,01B,02G,9.126970762799442e-05
Maxchi,340,389,A2,01B,A2D,0.2503699401156915
Maxchi,405,461,A2,01B,BF1,3.386110688893442e-05
Maxchi,399,452,A2,01B,C2U,0.39137737305970277
Maxchi,306,356,A2,01B,CPZ,0.7127948779904185
Maxchi,363,410,A2,01C,CPZ,0.1996861282073717
Maxchi,413,465,A2,02A,02B,9.309485309008419e-08
Maxchi,392,442,A2,01C,02B,0.12282264810139186
Maxchi,359,406,A2,02B,CPZ,0.02677489170263985
Maxchi,511,564,A2,01C,02G,0.09192709254792425
Maxchi,435,504,A2,02B,02G,1.1125886570284671e-07
Maxchi,465,491,A2,A,A2D,8.76417421089973e-05
Maxchi,477,507,A2,A1,A6,0.22431312651115032
Maxchi,465,516,A2,A1,BF1,7.234112838652756e-07
Maxchi,413,465,A2,A1,F1,0.0001433996985618295
Maxchi,410,452,A2,02B,A1D,0.1841248002180458
Maxchi,478,532,A2,01A1,A2D,0.03038571339690442
Maxchi,399,463,A2,01C,A2D,0.00493486996090097
Maxchi,405,463,A2,02A,A2D,0.004752457493731557
Maxchi,405,463,A2,02G,A2D,0.004752457493731557
Maxchi,409,463,A2,A1D,A2D,0.0050693095567016086
Maxchi,405,459,A2,A2D,A5U,0.019575579359935334
Maxchi,406,459,A2,A2D,BF1,0.10010404381896809
Maxchi,334,398,A2,A2D,C2U,0.0063197764186808635
Maxchi,485,529,A2,01A1,A3,0.00012017642163721631
Maxchi,465,516,A2,01B,A3,3.311355783009827e-08
Maxchi,394,456,A2,02A,A3,5.0134361694659125e-05
Maxchi,413,465,A2,02G,A3,0.00018113971897727038
Maxchi,404,462,A2,A2D,A3,0.005883075073271565
Maxchi,412,464,A2,A3,AD,5.6835114464550245e-05
Maxchi,465,516,A2,A3,AE,3.311355783009827e-08
Maxchi,413,465,A2,A3,AG,0.00018113971897727038
Maxchi,412,465,A2,A3,B,0.0006291579431746393
Maxchi,337,385,A2,A3,BC,0.6475485278683646
Maxchi,412,465,A2,A3,BF,0.0006291579431746393
Maxchi,412,465,A2,A3,BF1,0.0006291579431746393
Maxchi,394,450,A2,A3,BG,0.00045036938167822917
Maxchi,337,385,A2,A3,C,0.6475485278683646
Maxchi,402,450,A2,A3,C2U,0.13652336900662895
Maxchi,412,465,A2,A3,CD,0.0006291579431746393
Maxchi,306,356,A2,A3,CPZ,0.31162633783027793
Maxchi,412,465,A2,A3,DF,0.0006291579431746393
Maxchi,407,459,A2,A3,F1,0.06602739156095537
Maxchi,133,182,A2,A3,F2,6.05607432893745e-11
Maxchi,412,465,A2,A3,G,0.0006291579431746393
Maxchi,413,465,A2,A3,H,0.00018113971897727038
Maxchi,354,402,A2,A3,J,0.09065925177628366
Maxchi,407,459,A2,A3,K,0.06602739156095537
Maxchi,413,465,A2,A3,L,0.00018113971897727038
Maxchi,413,465,A2,A3,cpx,0.00018113971897727038
Maxchi,3255,3319,A2,A5U,BF1,0.056377568688441085
Maxchi,2303,2340,A2,A5U,CPZ,0.33592381315173286
Maxchi,477,537,A2,01A1,A6,0.14723340955957193
Maxchi,3872,3930,A2,02G,A6,0.038195468008596384
Maxchi,413,465,A2,A2D,A6,0.00014043154984087983
Maxchi,4771,4786,A2,A5U,A6,0.00422866444038677
Maxchi,434,484,A2,A6,AD,0.03705621856411898
Maxchi,485,532,A2,A6,AG,2.337022555902927e-06
Maxchi,3903,3953,A2,A6,BF,0.17295423299938706
Maxchi,3805,3860,A2,A6,BG,0.020976865320552755
Maxchi,413,463,A2,A6,K,0.0004285381433283909
Maxchi,394,453,A2,02A,AD,0.00018307720981811717
Maxchi,413,465,A2,02G,AD,0.0001830717470387595
Maxchi,411,464,A2,AD,BF1,0.00016208626808513353
Maxchi,487,529,A2,01A1,AE,0.0005956885019237326
Maxchi,488,530,A2,01B,AE,0.007817993223068994
Maxchi,485,529,A2,01C,AE,0.00012017642163721631
Maxchi,405,461,A2,02A,AE,7.572192362701e-06
Maxchi,413,465,A2,02G,AE,2.6556477130485327e-05
Maxchi,413,459,A2,A1D,AE,0.007047239943940993
Maxchi,405,459,A2,A2D,AE,0.011799437558204224
Maxchi,412,460,A2,A5U,AE,0.00018033983092287495
Maxchi,434,482,A2,AE,AG,0.005397850653930181
Maxchi,384,434,A2,AE,BC,0.0415651498373117
Maxchi,399,452,A2,AE,BF,0.23724770907279316
Maxchi,399,452,A2,AE,BF1,0.23724770907279316
Maxchi,399,452,A2,AE,BG,0.23724770907279316
Maxchi,399,452,A2,AE,C2U,0.23724770907279316
Maxchi,399,452,A2,AE,CD,0.23724770907279316
Maxchi,306,356,A2,AE,CPZ,0.6165503419643842
Maxchi,416,465,A2,AE,DF,0.014178114623910458
Maxchi,486,515,A2,AE,cpx,0.13756436322670643
Maxchi,434,482,A2,01A1,AG,0.005397850653930181
Maxchi,434,482,A2,01B,AG,0.005397850653930181
Maxchi,463,511,A2,01C,AG,0.022990394092464842
Maxchi,414,463,A2,02A,AG,0.059012148063682074
Maxchi,463,511,A2,02B,AG,0.022990394092464842
Maxchi,468,516,A2,02G,AG,0.1485617748918646
Maxchi,413,459,A2,A1D,AG,0.38516385389393415
Maxchi,399,463,A2,A2D,AG,0.00493486996090097
Maxchi,413,461,A2,A5U,AG,2.636597351804326e-07
Maxchi,487,530,A2,AD,AG,0.005294654474147886
Maxchi,413,462,A2,AG,BF,0.13968054656580797
Maxchi,413,462,A2,AG,BF1,0.13968054656580797
Maxchi,393,450,A2,AG,BG,0.02370907646413878
Maxchi,388,434,A2,AG,C2U,0.5838163978863669
Maxchi,415,462,A2,AG,CD,0.5198798552473741
Maxchi,360,410,A2,AG,CPZ,0.315113667053283
Maxchi,412,463,A2,AG,DF,0.2432139802829662
Maxchi,471,494,A2,AG,cpx,2.3175128178679494e-11
Maxchi,8713,8765,A2,01C,B,0.07714051233716633
Maxchi,392,442,A2,02B,B,0.12282264810139186
Maxchi,459,511,A2,A2D,B,0.10010404381896809
Maxchi,394,453,A2,AD,B,0.00018307720981811717
Maxchi,399,452,A2,AE,B,0.2675779149042183
Maxchi,3921,3969,A2,B,BC,0.6365702710137531
Maxchi,8915,8940,A2,B,CD,0.22738526970372913
Maxchi,410,464,A2,B,D,4.033273521129317e-06
Maxchi,413,465,A2,B,F2,0.006569047197348295
Maxchi,3889,3938,A2,B,G,0.007613976643298618
Maxchi,407,462,A2,B,K,0.0013216334062191733
Maxchi,465,516,A2,01C,B.FR.83.HXBLAI_IIIB_BRU.K03455,1.866763244641792e-07
Maxchi,392,442,A2,02B,B.FR.83.HXBLAI_IIIB_BRU.K03455,0.12282264810139186
Maxchi,459,511,A2,A2D,B.FR.83.HXBLAI_IIIB_BRU.K03455,0.10010404381896809
Maxchi,399,452,A2,AE,B.FR.83.HXBLAI_IIIB_BRU.K03455,0.23724770907279316
Maxchi,410,464,A2,B.FR.83.HXBLAI_IIIB_BRU.K03455,D,4.033273521129317e-06
Maxchi,407,462,A2,B.FR.83.HXBLAI_IIIB_BRU.K03455,K,0.0013216334062191733
Maxchi,8281,8331,A2,01C,BC,0.08782728379058734
Maxchi,382,434,A2,02B,BC,0.048286107676681664
Maxchi,334,398,A2,A2D,BC,0.0063197764186808635
Maxchi,3635,3681,A2,A5U,BC,0.24814671734544008
Maxchi,337,394,A2,AD,BC,0.2837967964902772
Maxchi,3272,3324,A2,BC,BG,0.11136048658353469
Maxchi,412,463,A2,01A1,BF,0.0007777416532290207
Maxchi,405,461,A2,01B,BF,3.386110688893442e-05
Maxchi,465,516,A2,01C,BF,1.866763244641792e-07
Maxchi,6761,6812,A2,02A,BF,0.012447749917967746
Maxchi,415,463,A2,02B,BF,0.06843639751475675
Maxchi,407,462,A2,A2D,BF,0.00023092391622201014
Maxchi,411,464,A2,AD,BF,0.00016208626808513353
Maxchi,3420,3448,A2,BF,BG,0.024729820253712204
Maxchi,465,516,A2,01C,BF1,1.866763244641792e-07
Maxchi,6746,6799,A2,02A,BF1,5.839393730112378e-05
Maxchi,392,442,A2,02B,BF1,0.12282264810139186
Maxchi,393,450,A2,01A1,BG,5.8283214555850995e-05
Maxchi,405,461,A2,01B,BG,3.386110688893442e-05
Maxchi,465,516,A2,01C,BG,1.866763244641792e-07
Maxchi,3589,3635,A2,02A,BG,0.07322069865600879
Maxchi,392,442,A2,02B,BG,0.12282264810139186
Maxchi,3420,3448,A2,A1D,BG,0.024729820253712204
Maxchi,390,453,A2,A2D,BG,1.664208662311115e-08
Maxchi,394,450,A2,AD,BG,0.00015908915352169954
Maxchi,3420,3448,A2,BF1,BG,0.024729820253712204
Maxchi,3343,3401,A2,BG,C2U,0.01884297007811572
Maxchi,399,452,A2,01B,C,0.39137737305970277
Maxchi,8662,8711,A2,01C,C,0.45571432401694
Maxchi,3941,3985,A2,02A,C,0.18008603904992887
Maxchi,382,434,A2,02B,C,0.048286107676681664
Maxchi,334,398,A2,A2D,C,0.0063197764186808635
Maxchi,384,434,A2,AE,C,0.0415651498373117
Maxchi,384,434,A2,AG,C,0.2761284746961425
Maxchi,3454,3504,A2,BG,C,0.2971465303484674
Maxchi,8763,8814,A2,C,CD,0.016346462533326413
Maxchi,383,432,A2,C,D,0.09099113508979113
Maxchi,8902,8940,A2,C,F1,0.021593741015158565
Maxchi,3913,3970,A2,C,G,0.0016868385986169496
Maxchi,3919,3969,A2,C,L,0.15729920705028105
Maxchi,8606,8655,A2,01C,C2U,0.21303243553347784
Maxchi,392,442,A2,02B,C2U,0.12282264810139186
Maxchi,405,461,A2,01B,CD,3.386110688893442e-05
Maxchi,339,389,A2,02B,CD,0.6254144141884408
Maxchi,442,495,A2,A2D,CD,0.024086122681578698
Maxchi,3872,3921,A2,A5U,CD,0.022950538964290043
Maxchi,3448,3476,A2,BG,CD,0.024729820253712204
Maxchi,8764,8816,A2,C2U,CD,0.0011979148464518754
Maxchi,390,439,A2,01C,D,0.2433450091487593
Maxchi,392,442,A2,02B,D,0.6835897065103371
Maxchi,375,415,A2,A1D,D,0.12474556126836099
Maxchi,404,458,A2,BC,D,0.4322296467930219
Maxchi,410,462,A2,BF,D,5.218123851554864e-06
Maxchi,462,513,A2,BF1,D,1.7668120801218435e-05
Maxchi,385,439,A2,BG,D,1.7977617534704973e-05
Maxchi,410,464,A2,C2U,D,4.033273521129317e-06
Maxchi,417,482,A2,CD,D,0.07031411721575394
Maxchi,459,502,A2,D,DF,0.004367358108369793
Maxchi,410,462,A2,D,F1,5.218123851554864e-06
Maxchi,410,464,A2,D,F2,4.033273521129317e-06
Maxchi,410,464,A2,D,H,4.033273521129317e-06
Maxchi,404,453,A2,D,J,0.0008945701077711376
Maxchi,407,462,A2,D,K,0.0013216334062191733
Maxchi,459,507,A2,D,L,0.1041883751990496
Maxchi,392,442,A2,D,cpx,0.6835897065103371
Maxchi,416,465,A2,01B,DF,0.014178114623910458
Maxchi,465,516,A2,01C,DF,1.866763244641792e-07
Maxchi,346,399,A2,02B,DF,0.4091137720282485
Maxchi,415,468,A2,A2D,DF,4.1971799549214226e-05
Maxchi,3877,3933,A2,A5U,DF,0.03794039600833882
Maxchi,464,512,A2,AD,DF,0.00026225854926072194
Maxchi,3448,3476,A2,BG,DF,0.024729820253712204
Maxchi,413,465,A2,01A1,F1,0.0019682121929670434
Maxchi,465,516,A2,01C,F1,1.866763244641792e-07
Maxchi,388,434,A2,02B,F1,0.2648469160580465
Maxchi,407,462,A2,A2D,F1,0.0006307087248425548
Maxchi,409,459,A2,AD,F1,0.02596005119655669
Maxchi,399,452,A2,AE,F1,0.23724770907279316
Maxchi,388,434,A2,AG,F1,0.5838163978863669
Maxchi,446,499,A2,F1,F2,0.09372848970558816
Maxchi,419,454,A2,F1,K,0.1493037043551452
Maxchi,405,461,A2,01B,F2,3.386110688893442e-05
Maxchi,331,386,A2,01C,F2,0.4415063991409569
Maxchi,330,382,A2,02B,F2,0.07941127253803493
Maxchi,383,433,A2,02G,F2,0.5382526579885007
Maxchi,345,389,A2,A1D,F2,0.05516214114360935
Maxchi,459,511,A2,A2D,F2,0.10010404381896809
Maxchi,414,463,A2,A5U,F2,0.002170438349781023
Maxchi,112,182,A2,AD,F2,3.999622316169876e-13
Maxchi,399,452,A2,AE,F2,0.23724770907279316
Maxchi,384,434,A2,AG,F2,0.2761284746961425
Maxchi,383,433,A2,BC,F2,0.5382526579885007
Maxchi,446,499,A2,BF,F2,0.09372848970558816
Maxchi,499,550,A2,BF1,F2,0.10768719022197014
Maxchi,333,383,A2,BG,F2,0.2214397326720097
Maxchi,413,464,A2,CD,F2,1.1879625120420544e-05
Maxchi,316,376,A2,CPZ,F2,0.03766692222862869
Maxchi,417,465,A2,DF,F2,5.160246429267156e-07
Maxchi,413,464,A2,F2,H,0.0028926475588645323
Maxchi,407,462,A2,F2,K,0.0013216334062191733
Maxchi,333,383,A2,F2,L,0.2214397326720097
Maxchi,465,516,A2,01A1,G,1.3202865652724015e-07
Maxchi,3889,3938,A2,01C,G,0.007613976643298618
Maxchi,3938,3987,A2,02A,G,0.16811129302065989
Maxchi,4891,4945,A2,02G,G,0.03766692222862869
Maxchi,447,500,A2,A2D,G,0.24806403089419707
Maxchi,4327,4372,A2,A5U,G,0.21829891777644528
Maxchi,394,450,A2,AD,G,0.00015908915352169954
Maxchi,3855,3913,A2,BF1,G,0.0016868385986169496
Maxchi,4748,4797,A2,BG,G,0.25234141066910454
Maxchi,3938,3987,A2,C2U,G,0.0687918885087871
Maxchi,3889,3938,A2,CD,G,0.007613976643298618
Maxchi,6357,6411,A2,CPZ,G,0.008363693759999218
Maxchi,3938,3987,A2,DF,G,0.0687918885087871
Maxchi,4476,4524,A2,G,H,0.2962698714842834
Maxchi,3938,3987,A2,G,J,0.16811129302065989
Maxchi,391,450,A2,G,K,0.060291593664121804
Maxchi,3938,3987,A2,G,cpx,0.16811129302065989
Maxchi,443,492,A2,A2D,H,0.043848204057658886
Maxchi,443,492,A2,AD,H,0.02261675536053429
Maxchi,406,461,A2,AE,H,0.012598197091145387
Maxchi,414,464,A2,AG,H,3.8579287259119125e-05
Maxchi,6357,6411,A2,CPZ,H,0.008363693759999218
Maxchi,8606,8655,A2,01C,J,0.21303243553347784
Maxchi,404,456,A2,A2D,J,2.4285271122064797e-05
Maxchi,3921,3970,A2,A5U,J,0.022950538964290043
Maxchi,347,401,A2,AD,J,0.2852285150326257
Maxchi,388,434,A2,AG,J,0.5838163978863669
Maxchi,466,516,A2,DF,J,6.55213215371538e-06
Maxchi,406,454,A2,J,K,0.2672574931543847
Maxchi,503,555,A2,J,L,0.015064923060378318
Maxchi,338,389,A2,01C,K,0.29698593917603655
Maxchi,338,389,A2,02B,K,0.29698593917603655
Maxchi,396,443,A2,A1D,K,0.1180580228394254
Maxchi,407,462,A2,A2D,K,0.0013216334062191733
Maxchi,400,443,A2,AD,K,0.09354813473746129
Maxchi,333,382,A2,BC,K,0.5628691527705981
Maxchi,407,462,A2,BF,K,0.0013216334062191733
Maxchi,407,462,A2,BF1,K,0.0013216334062191733
Maxchi,382,431,A2,BG,K,0.5628691527705981
Maxchi,417,467,A2,C2U,K,0.16215399420210025
Maxchi,410,462,A2,CD,K,1.0336128365662579e-05
Maxchi,418,466,A2,DF,K,1.0529141903587239e-06
Maxchi,406,460,A2,K,L,0.0001883773738774027
Maxchi,337,388,A2,K,cpx,0.5996679642003074
Maxchi,458,514,A2,01B,L,0.07263180800038568
Maxchi,495,547,A2,01C,L,0.5861573576101348
Maxchi,401,452,A2,02B,L,0.15759465408547446
Maxchi,442,495,A2,A2D,L,0.005125489443759879
Maxchi,458,514,A2,AE,L,0.07263180800038568
Maxchi,413,465,A2,AG,L,0.0013291186853165238
Maxchi,8694,8742,A2,CD,L,0.056738221375193486
Maxchi,451,510,A2,01B,cpx,0.2947439932220543
Maxchi,388,448,A2,02B,cpx,0.013064240033837259
Maxchi,403,451,A2,A2D,cpx,0.1204728502922188
Maxchi,464,514,A2,AD,cpx,0.0021029077885654206
Maxchi,6782,6827,A2,BC,cpx,0.0004489968773056469
Maxchi,449,509,A2D,01A1,01C,0.2857521307951265
Maxchi,1260,1319,A2D,01A1,02B,0.04168671479244172
Maxchi,406,461,A2D,01A1,A1D,1.968011692186842e-05
Maxchi,412,465,A2D,01A1,A5U,0.00045819659891080405
Maxchi,443,496,A2D,01A1,BF1,0.0024922721091885517
Maxchi,4428,4478,A2D,01B,02B,0.0740225429253814
Maxchi,407,462,A2D,01B,BF1,7.587110006493944e-05
Maxchi,414,463,A2D,02A,02B,0.19226422394718887
Maxchi,514,568,A2D,01C,02B,0.030625822897301844
Maxchi,463,511,A2D,01C,02G,0.04076379087123041
Maxchi,414,463,A2D,02A,02G,0.04076379087123041
Maxchi,406,461,A2D,02B,02G,3.2856664008917734e-05
Maxchi,395,452,A2D,02G,A1D,0.009024828339056797
Maxchi,359,410,A2D,02G,C2U,0.14453155296608708
Maxchi,462,513,A2D,01A1,A,0.00023957459276782245
Maxchi,498,560,A2D,A,A1,0.10416270486140311
Maxchi,403,451,A2D,01C,A1D,0.2962698714842834
Maxchi,403,451,A2D,A1D,C2U,0.1931640336989519
Maxchi,405,463,A2D,02B,A2,0.004752457493731557
Maxchi,482,532,A2D,A2,AD,0.030181446086570786
Maxchi,459,511,A2D,A2,D,0.10010404381896809
Maxchi,495,547,A2D,A3,B,0.005001799380710173
Maxchi,405,459,A2D,A3,BC,1.8348782179201282e-05
Maxchi,413,463,A2D,A3,BF,0.0018493137321645289
Maxchi,408,463,A2D,A3,BF1,0.22706760318704894
Maxchi,412,462,A2D,A3,C,0.0004939237352513672
Maxchi,355,403,A2D,A3,C2U,0.036713856362704134
Maxchi,416,467,A2D,A3,CD,0.07572567085535896
Maxchi,408,462,A2D,A3,F1,0.0001711751651557773
Maxchi,513,564,A2D,A3,F2,2.759843217990061e-05
Maxchi,495,547,A2D,A3,J,0.0008435586215650179
Maxchi,413,467,A2D,A5U,AD,0.0016699324711505399
Maxchi,412,460,A2D,A5U,BF1,1.4126284826211267e-06
Maxchi,412,460,A2D,A5U,C2U,3.733241740515218e-07
Maxchi,317,363,A2D,A5U,CPZ,0.2982676113657846
Maxchi,451,505,A2D,A6,AD,0.16279692662103376
Maxchi,451,505,A2D,A6,AG,0.16279692662103376
Maxchi,413,465,A2D,A6,BF1,0.0004950305373285119
Maxchi,465,491,A2D,A6,CD,0.001275345222616162
Maxchi,451,505,A2D,A6,D,0.16279692662103376
Maxchi,442,495,A2D,A6,DF,0.046644618329719174
Maxchi,413,465,A2D,A6,F2,0.0004950305373285119
Maxchi,413,465,A2D,A6,G,0.0004950305373285119
Maxchi,8904,8940,A2D,02B,AD,0.2540874054039092
Maxchi,407,462,A2D,AD,BF1,0.0003184202274976653
Maxchi,407,462,A2D,AE,BF,0.00023092391622201014
Maxchi,407,462,A2D,AE,BF1,7.587110006493944e-05
Maxchi,442,495,A2D,AE,CD,0.024086122681578698
Maxchi,468,520,A2D,AE,DF,1.2113385224434341e-05
Maxchi,407,462,A2D,AG,BF1,7.587110006493944e-05
Maxchi,410,464,A2D,AG,CD,6.230954413355861e-05
Maxchi,414,463,A2D,02A,B,0.19226422394718887
Maxchi,463,516,A2D,AD,B,0.003914243121173532
Maxchi,516,568,A2D,AE,B,0.014447174947031167
Maxchi,495,546,A2D,B,CD,0.0025854430718900306
Maxchi,413,465,A2D,01C,B.FR.83.HXBLAI_IIIB_BRU.K03455,7.053514253250004e-07
Maxchi,413,465,A2D,02A,B.FR.83.HXBLAI_IIIB_BRU.K03455,1.5832112449611048e-07
Maxchi,413,465,A2D,02B,B.FR.83.HXBLAI_IIIB_BRU.K03455,7.053514253250004e-07
Maxchi,395,452,A2D,02G,B.FR.83.HXBLAI_IIIB_BRU.K03455,0.009024828339056797
Maxchi,412,464,A2D,A,B.FR.83.HXBLAI_IIIB_BRU.K03455,0.0007943769519734322
Maxchi,463,511,A2D,A3,B.FR.83.HXBLAI_IIIB_BRU.K03455,0.08596246943030068
Maxchi,413,465,A2D,AD,B.FR.83.HXBLAI_IIIB_BRU.K03455,7.053514253250004e-07
Maxchi,413,465,A2D,AE,B.FR.83.HXBLAI_IIIB_BRU.K03455,7.053514253250004e-07
Maxchi,444,496,A2D,B.FR.83.HXBLAI_IIIB_BRU.K03455,BF,0.003642285554316119
Maxchi,443,496,A2D,B.FR.83.HXBLAI_IIIB_BRU.K03455,BF1,0.0024922721091885517
Maxchi,418,467,A2D,B.FR.83.HXBLAI_IIIB_BRU.K03455,F1,0.009244764887867584
Maxchi,414,467,A2D,B.FR.83.HXBLAI_IIIB_BRU.K03455,F2,1.7768291753071368e-05
Maxchi,397,452,A2D,B.FR.83.HXBLAI_IIIB_BRU.K03455,cpx,1.946659379709656e-05
Maxchi,413,465,A2D,01C,BC,0.0009597756385035611
Maxchi,413,465,A2D,02B,BC,8.051460469273072e-05
Maxchi,355,403,A2D,02G,BC,0.44000347714340904
Maxchi,355,403,A2D,A1D,BC,0.38273308888522595
Maxchi,415,462,A2D,BC,BF1,0.19287176923030988
Maxchi,410,464,A2D,BC,C2U,0.005770353412078525
Maxchi,407,462,A2D,01B,BF,0.00023092391622201014
Maxchi,407,462,A2D,01C,BF,0.00023092391622201014
Maxchi,360,414,A2D,02A,BF,0.635393816299618
Maxchi,409,463,A2D,02B,BF,0.09662257110224609
Maxchi,407,462,A2D,02G,BF,0.00023092391622201014
Maxchi,408,463,A2D,A1D,BF,0.23700357010021536
Maxchi,412,460,A2D,A5U,BF,3.733241740515218e-07
Maxchi,443,499,A2D,BF,BF1,0.015936049614999063
Maxchi,384,436,A2D,BF,BG,0.11205561344163809
Maxchi,407,462,A2D,01C,BF1,7.587110006493944e-05
Maxchi,415,462,A2D,02A,BF1,0.19287176923030988
Maxchi,407,462,A2D,02B,BF1,7.587110006493944e-05
Maxchi,407,462,A2D,02G,BF1,7.587110006493944e-05
Maxchi,408,463,A2D,A1D,BF1,0.22706760318704894
Maxchi,407,462,A2D,BF1,C2U,7.587110006493944e-05
Maxchi,390,453,A2D,01B,BG,1.664208662311115e-08
Maxchi,385,447,A2D,01C,BG,1.9119726552815567e-08
Maxchi,390,453,A2D,02A,BG,1.664208662311115e-08
Maxchi,385,447,A2D,02G,BG,1.9119726552815567e-08
Maxchi,385,443,A2D,BG,C2U,2.0114988758207108e-08
Maxchi,392,437,A2D,02B,C,0.2605130523641699
Maxchi,415,462,A2D,BF1,C,0.19287176923030988
Maxchi,410,464,A2D,C,C2U,0.005770353412078525
Maxchi,115,189,A2D,C,F2,2.961456048799701e-10
Maxchi,358,434,A2D,C,G,2.6025340292428597e-09
Maxchi,359,410,A2D,01C,C2U,0.27892254528121196
Maxchi,407,453,A2D,02B,C2U,0.09477623390274373
Maxchi,495,546,A2D,01A1,CD,0.0025854430718900306
Maxchi,442,495,A2D,01B,CD,0.024086122681578698
Maxchi,410,464,A2D,01C,CD,6.230954413355861e-05
Maxchi,411,464,A2D,02A,CD,1.615175600655684e-05
Maxchi,410,464,A2D,02B,CD,6.230954413355861e-05
Maxchi,411,464,A2D,02G,CD,1.615175600655684e-05
Maxchi,417,469,A2D,A5U,CD,0.0007909458814597515
Maxchi,442,495,A2D,AD,CD,0.024086122681578698
Maxchi,417,469,A2D,BG,CD,0.0022759706941818674
Maxchi,465,516,A2D,A5U,D,7.375737103699963e-05
Maxchi,513,563,A2D,CD,D,0.008428653547412075
Maxchi,447,505,A2D,D,G,0.05078622793194476
Maxchi,495,546,A2D,01A1,DF,0.0029858746260015712
Maxchi,468,520,A2D,01B,DF,1.2113385224434341e-05
Maxchi,415,466,A2D,01C,DF,3.43037046489071e-07
Maxchi,459,516,A2D,02A,DF,4.234477096775988e-09
Maxchi,416,468,A2D,02B,DF,1.2113385224434341e-05
Maxchi,402,459,A2D,02G,DF,4.234477096775988e-09
Maxchi,402,459,A2D,A1D,DF,4.234477096775988e-09
Maxchi,415,468,A2D,AD,DF,0.00021597214909638157
Maxchi,407,462,A2D,01B,F1,0.0006307087248425548
Maxchi,407,462,A2D,01C,F1,0.0006307087248425548
Maxchi,413,467,A2D,02A,F1,0.15990269776475124
Maxchi,407,462,A2D,02B,F1,0.0006307087248425548
Maxchi,407,462,A2D,02G,F1,0.0006307087248425548
Maxchi,412,460,A2D,A5U,F1,1.4126284826211267e-06
Maxchi,407,462,A2D,AD,F1,0.0006307087248425548
Maxchi,407,462,A2D,AE,F1,0.0006307087248425548
Maxchi,443,499,A2D,BF1,F1,0.015936049614999063
Maxchi,406,462,A2D,F1,H,0.00034918990350158574
Maxchi,413,465,A2D,F1,J,3.3185542081888365e-06
Maxchi,464,508,A2D,F1,K,0.07667654050397318
Maxchi,394,456,A2D,F1,L,8.264190964819632e-06
Maxchi,413,462,A2D,02A,F2,0.3474241395478743
Maxchi,513,563,A2D,02B,F2,0.024938514649277772
Maxchi,531,589,A2D,AD,F2,0.0054294041064596645
Maxchi,132,181,A2D,C2U,F2,2.2088536328104897e-12
Maxchi,1214,1260,A2D,F2,K,0.03197195617764869
Maxchi,358,434,A2D,02A,G,4.1988171794384633e-07
Maxchi,412,460,A2D,A5U,G,3.733241740515218e-07
Maxchi,451,509,A2D,BF1,G,0.015626898156213584
Maxchi,461,520,A2D,BG,G,0.0005493809776800874
Maxchi,407,462,A2D,BF1,H,0.0005294930567809988
Maxchi,394,452,A2D,BG,H,0.00046397929358656055
Maxchi,442,495,A2D,H,L,0.005125489443759879
Maxchi,495,547,A2D,02B,J,0.0008435586215650179
Maxchi,413,465,A2D,BF,J,3.3185542081888365e-06
Maxchi,413,465,A2D,BF1,J,3.3185542081888365e-06
Maxchi,428,479,A2D,J,L,0.004162983863218621
Maxchi,464,508,A2D,BF1,K,0.07667654050397318
Maxchi,394,455,A2D,01C,L,3.8560226711244064e-07
Maxchi,395,456,A2D,02B,L,1.8683022968902387e-06
Maxchi,395,456,A2D,A5U,L,1.2420782793621043e-06
Maxchi,394,456,A2D,BF1,L,8.264190964819632e-06
Maxchi,412,465,A2D,01C,cpx,0.0004469149591119941
Maxchi,452,508,A2D,02A,cpx,0.00016125930172413978
Maxchi,411,464,A2D,CD,cpx,1.615175600655684e-05
Maxchi,1512,1550,A3,01A1,02B,0.007601641475220178
Maxchi,459,512,A3,01A1,A1D,0.1807956025085745
Maxchi,394,451,A3,01A1,BF1,0.0006738741186576579
Maxchi,202,260,A3,01A1,CPZ,0.0027172910566244045
Maxchi,1452,1509,A3,01A1,01B,0.07306860426675679
Maxchi,509,555,A3,01B,01C,0.04319096462724591
Maxchi,443,493,A3,01B,02G,0.01888008495594564
Maxchi,470,514,A3,01B,A1D,0.4154349926877037
Maxchi,332,382,A3,01B,BF1,0.03705621856411898
Maxchi,265,313,A3,01B,C2U,0.04844168257040396
Maxchi,377,427,A3,01B,CPZ,0.29389566241365894
Maxchi,349,404,A3,01C,CPZ,0.3147366402996309
Maxchi,486,538,A3,01C,02A,0.0003102009386349511
Maxchi,413,465,A3,02A,02B,0.0003632814822494714
Maxchi,304,354,A3,02A,CPZ,0.2134845847291672
Maxchi,378,427,A3,02B,CPZ,0.29060657251954247
Maxchi,493,541,A3,01C,02G,3.570692008590348e-06
Maxchi,493,541,A3,02A,02G,3.570692008590348e-06
Maxchi,443,493,A3,02B,02G,0.000902450723787605
Maxchi,443,493,A3,02G,A1D,0.000902450723787605
Maxchi,412,459,A3,02G,C2U,0.4815234897129276
Maxchi,333,383,A3,02G,CPZ,0.7373295528967543
Maxchi,470,514,A3,01C,A1D,0.4154349926877037
Maxchi,451,497,A3,02A,A1D,0.30219952397486116
Maxchi,405,451,A3,02B,A1D,0.07438723293859167
Maxchi,405,454,A3,A1D,C2U,0.029042195818757027
Maxchi,366,412,A3,A1D,CPZ,0.07322069865600879
Maxchi,410,452,A3,02B,A2,0.22042266395563676
Maxchi,412,465,A3,A1D,A2,0.0006291579431746393
Maxchi,405,461,A3,A2,A5U,5.150712161205953e-05
Maxchi,1456,1511,A3,01A1,A2D,0.0797377955775798
Maxchi,514,569,A3,01C,A2D,0.00462441179690669
Maxchi,448,504,A3,02A,A2D,0.011121407835384017
Maxchi,8882,8940,A3,02B,A2D,0.001843450157148989
Maxchi,413,465,A3,02G,A2D,0.00014410794613046817
Maxchi,462,511,A3,A1D,A2D,0.47766393016165465
Maxchi,410,461,A3,02G,A5U,0.029217356949896914
Maxchi,410,461,A3,A1D,A5U,0.029217356949896914
Maxchi,411,459,A3,A5U,C2U,0.00017576657303473815
Maxchi,384,435,A3,A5U,CPZ,0.041061231413701424
Maxchi,464,513,A3,A1D,A6,0.06710590444272106
Maxchi,461,508,A3,A2D,A6,7.532855244456986e-05
Maxchi,461,513,A3,A6,AD,0.023878103148139693
Maxchi,487,532,A3,A6,AG,0.0021637372868211877
Maxchi,413,463,A3,A6,BC,0.03545213766499872
Maxchi,413,463,A3,A6,C,0.03545213766499872
Maxchi,413,463,A3,A6,C2U,0.03545213766499872
Maxchi,413,462,A3,A6,CD,0.017187967089650008
Maxchi,309,360,A3,A6,CPZ,0.6364545087760487
Maxchi,414,463,A3,A6,DF,0.041859321913875
Maxchi,114,201,A3,A6,F2,3.8349186448415074e-16
Maxchi,463,513,A3,A6,G,0.1324663427033211
Maxchi,568,621,A3,01C,AD,0.2445304008606901
Maxchi,444,493,A3,02G,AD,0.0010016696813240117
Maxchi,412,463,A3,AD,BF1,0.002659317140032744
Maxchi,412,464,A3,AD,C2U,0.0004105171036473985
Maxchi,1452,1509,A3,01A1,AE,0.07306860426675679
Maxchi,684,718,A3,01C,AE,0.13764364535111637
Maxchi,470,514,A3,A1D,AE,0.4154349926877037
Maxchi,462,512,A3,A5U,AE,0.1355147945267815
Maxchi,5507,5559,A3,AE,AG,0.08252326938191991
Maxchi,405,450,A3,AE,BF1,0.5183148259489008
Maxchi,394,446,A3,AE,BG,0.0013425313625487943
Maxchi,313,360,A3,AE,C2U,0.04844168257040396
Maxchi,340,388,A3,AE,CD,0.1241392727982461
Maxchi,388,436,A3,AE,CPZ,0.18242243945173198
Maxchi,313,360,A3,AE,DF,0.0849800447619531
Maxchi,1243,1285,A3,01A1,AG,0.06895469325808681
Maxchi,5506,5558,A3,01B,AG,0.08252326938191991
Maxchi,517,568,A3,01C,AG,9.834078370274988e-05
Maxchi,451,505,A3,02A,AG,0.07470593331213042
Maxchi,5475,5536,A3,02B,AG,0.1016780813726036
Maxchi,516,564,A3,02G,AG,0.4701007598741286
Maxchi,451,497,A3,A1D,AG,0.30219952397486116
Maxchi,413,467,A3,A5U,AG,4.490279936860011e-05
Maxchi,405,453,A3,AG,BF,0.6018449674634234
Maxchi,392,443,A3,AG,BF1,0.5245499793891186
Maxchi,391,448,A3,AG,BG,2.0514688212590798e-05
Maxchi,339,389,A3,AG,C2U,0.3723653021980271
Maxchi,409,461,A3,AG,CD,0.2903465795154091
Maxchi,383,433,A3,AG,CPZ,0.3334246598120234
Maxchi,412,463,A3,AG,DF,0.2432139802829662
Maxchi,497,516,A3,AG,cpx,3.49456984707644e-07
Maxchi,397,446,A3,01A1,B,0.03110740041053457
Maxchi,484,537,A3,01B,B,0.22035679261532
Maxchi,404,450,A3,A1D,B,0.28249777875948967
Maxchi,411,459,A3,A5U,B,0.00017576657303473815
Maxchi,451,500,A3,AD,B,0.47839126296344536
Maxchi,484,537,A3,AE,B,0.22035679261532
Maxchi,497,550,A3,AG,B,0.007529777293184479
Maxchi,405,457,A3,B,BC,3.2987444410099e-05
Maxchi,395,451,A3,B,BF,0.0008460037738567384
Maxchi,395,451,A3,B,BF1,0.0019246598918890908
Maxchi,385,439,A3,B,BG,2.3663336887427572e-05
Maxchi,403,453,A3,B,C,0.5711354220484652
Maxchi,399,442,A3,B,C2U,0.15331853968422782
Maxchi,401,445,A3,B,CD,0.056310279553237336
Maxchi,309,360,A3,B,CPZ,0.20735926066156013
Maxchi,540,592,A3,B,D,0.5106463985452859
Maxchi,402,452,A3,B,DF,0.007717784138101647
Maxchi,395,451,A3,B,F1,0.0008460037738567384
Maxchi,451,497,A3,B,F2,0.012380868230552287
Maxchi,439,501,A3,B,H,0.03868646526715733
Maxchi,438,489,A3,B,J,0.11307072732469667
Maxchi,451,497,A3,B,K,0.015536870248481494
Maxchi,426,477,A3,B,L,0.1619950866312151
Maxchi,401,454,A3,B.FR.83.HXBLAI_IIIB_BRU.K03455,BC,0.31926525951854623
Maxchi,395,451,A3,B.FR.83.HXBLAI_IIIB_BRU.K03455,BF,0.0008460037738567384
Maxchi,411,467,A3,B.FR.83.HXBLAI_IIIB_BRU.K03455,C2U,0.05069922546523272
Maxchi,397,450,A3,B.FR.83.HXBLAI_IIIB_BRU.K03455,F1,0.029637249207239483
Maxchi,133,182,A3,B.FR.83.HXBLAI_IIIB_BRU.K03455,F2,6.05607432893745e-11
Maxchi,340,392,A3,B.FR.83.HXBLAI_IIIB_BRU.K03455,K,0.6880146896648908
Maxchi,434,482,A3,01A1,BC,0.00847999544038844
Maxchi,405,457,A3,02B,BC,3.2987444410099e-05
Maxchi,353,403,A3,02G,BC,0.6357140551738975
Maxchi,397,454,A3,A1D,BC,0.03549266193375471
Maxchi,411,459,A3,A5U,BC,0.00017576657303473815
Maxchi,434,482,A3,AD,BC,0.0038715879556283812
Maxchi,400,453,A3,BC,BF,0.4796019596151667
Maxchi,379,433,A3,BC,BF1,0.22860747101308176
Maxchi,403,453,A3,BC,C2U,0.6357140551738975
Maxchi,354,402,A3,BC,CD,0.21986893044484188
Maxchi,310,358,A3,BC,CPZ,0.24627225255748464
Maxchi,394,451,A3,01A1,BF,0.0002702647631961344
Maxchi,411,459,A3,01B,BF,0.38273308888522595
Maxchi,391,443,A3,01C,BF,0.27147033855121266
Maxchi,412,459,A3,02B,BF,0.14158442710395336
Maxchi,411,459,A3,02G,BF,0.38273308888522595
Maxchi,411,459,A3,A1D,BF,0.38273308888522595
Maxchi,407,459,A3,A5U,BF,0.00015295007255565455
Maxchi,412,463,A3,AD,BF,0.0011783850112514662
Maxchi,412,463,A3,BF,BF1,0.0011783850112514662
Maxchi,385,436,A3,BF,BG,0.08942243417922216
Maxchi,411,459,A3,BF,C2U,0.38273308888522595
Maxchi,342,392,A3,BF,CPZ,0.12919469683421905
Maxchi,409,459,A3,02B,BF1,0.3690387815136851
Maxchi,407,459,A3,02G,BF1,0.16037628719681019
Maxchi,391,443,A3,BF1,C2U,0.35556828287297415
Maxchi,310,359,A3,BF1,CPZ,0.47310628523347253
Maxchi,394,446,A3,01B,BG,0.0013425313625487943
Maxchi,395,447,A3,01C,BG,0.0004947328016721528
Maxchi,394,446,A3,02A,BG,0.0013425313625487943
Maxchi,394,446,A3,02B,BG,0.0013425313625487943
Maxchi,447,498,A3,02G,BG,0.0004947328016721528
Maxchi,432,497,A3,A1D,BG,0.012292373560263407
Maxchi,385,447,A3,A2D,BG,1.9119726552815567e-08
Maxchi,426,477,A3,AD,BG,0.06818065750065651
Maxchi,385,440,A3,BF1,BG,4.1794266694338326e-05
Maxchi,309,356,A3,BG,CPZ,0.6275174630955099
Maxchi,215,265,A3,01A1,C,0.15729920705028105
Maxchi,292,340,A3,01B,C,0.15513156872711012
Maxchi,405,453,A3,02B,C,0.4385780260809997
Maxchi,354,406,A3,02G,C,0.3893639545156855
Maxchi,411,459,A3,A5U,C,0.00017576657303473815
Maxchi,412,463,A3,AD,C,0.0002766428496460526
Maxchi,326,385,A3,AE,C,0.27296089979358085
Maxchi,336,389,A3,AG,C,0.4945050918626087
Maxchi,465,512,A3,BC,C,0.00011636066053234642
Maxchi,377,418,A3,BF,C,0.3119010174389436
Maxchi,379,433,A3,BF1,C,0.5001752212908456
Maxchi,385,440,A3,BG,C,4.1794266694338326e-05
Maxchi,355,412,A3,C,C2U,0.27624427143234465
Maxchi,416,466,A3,C,CD,0.016859358483873304
Maxchi,310,361,A3,C,CPZ,0.28706544814495805
Maxchi,391,433,A3,C,D,0.16908702951317148
Maxchi,416,466,A3,C,DF,0.009973820702205347
Maxchi,379,433,A3,C,F1,0.5001752212908456
Maxchi,117,190,A3,C,F2,2.21615494284981e-08
Maxchi,407,459,A3,C,H,0.16037628719681019
Maxchi,403,452,A3,C,J,0.5136007573187431
Maxchi,331,386,A3,C,K,0.20753131919001275
Maxchi,426,477,A3,C,L,0.1619950866312151
Maxchi,355,411,A3,01C,C2U,0.1879331883295818
Maxchi,288,340,A3,C2U,CPZ,0.025347318677468325
Maxchi,340,388,A3,01B,CD,0.06321090562983771
Maxchi,412,463,A3,01C,CD,0.008375747130642092
Maxchi,412,463,A3,02B,CD,0.008375747130642092
Maxchi,412,463,A3,02G,CD,0.008375747130642092
Maxchi,401,445,A3,A1D,CD,0.056310279553237336
Maxchi,462,511,A3,AD,CD,0.13800891784063768
Maxchi,354,406,A3,BF,CD,0.4420677940706149
Maxchi,354,406,A3,BF1,CD,0.4420677940706149
Maxchi,402,445,A3,BG,CD,0.027239871019661105
Maxchi,353,403,A3,C2U,CD,0.2214397326720097
Maxchi,1240,1297,A3,01A1,D,0.03852151721377801
Maxchi,503,555,A3,01C,D,0.009205026208950886
Maxchi,407,460,A3,02G,D,0.27721626231136354
Maxchi,4506,4564,A3,AG,D,0.15008088346864057
Maxchi,406,459,A3,BC,D,8.919414082569427e-06
Maxchi,406,457,A3,BF,D,0.6562627277105864
Maxchi,400,443,A3,BF1,D,0.29295564362849746
Maxchi,447,498,A3,BG,D,0.0004947328016721528
Maxchi,353,403,A3,C2U,D,0.2291438535330073
Maxchi,459,500,A3,CD,D,0.27359124295912673
Maxchi,411,457,A3,D,DF,0.014577732887904352
Maxchi,408,461,A3,D,F1,0.0007113098724385832
Maxchi,492,546,A3,D,F2,0.00028464422829652233
Maxchi,426,482,A3,D,G,0.036474094677194493
Maxchi,412,464,A3,D,H,0.018672658683924186
Maxchi,451,492,A3,D,J,0.058640899842855226
Maxchi,426,477,A3,D,L,0.1619950866312151
Maxchi,462,511,A3,01A1,DF,0.10687788157916177
Maxchi,411,466,A3,01C,DF,0.07956606099726905
Maxchi,389,439,A3,02B,DF,0.0656911336441939
Maxchi,402,452,A3,A1D,DF,0.007717784138101647
Maxchi,402,459,A3,A2D,DF,4.234477096775988e-09
Maxchi,404,454,A3,A5U,DF,0.0019582631798785374
Maxchi,412,462,A3,AD,DF,0.0415651498373117
Maxchi,416,466,A3,BC,DF,0.009973820702205347
Maxchi,411,459,A3,BF,DF,0.38273308888522595
Maxchi,405,453,A3,BF1,DF,0.38273308888522595
Maxchi,415,463,A3,C2U,DF,0.04087511929813311
Maxchi,413,462,A3,CD,DF,0.017187967089650008
Maxchi,412,463,A3,01A1,F1,0.002659317140032744
Maxchi,340,388,A3,01B,F1,0.07143059820837892
Maxchi,389,440,A3,02B,F1,0.04062090867420988
Maxchi,394,442,A3,02G,F1,0.14189971750447364
Maxchi,340,388,A3,AE,F1,0.13182179530379115
Maxchi,397,440,A3,AG,F1,0.35215149432572357
Maxchi,379,433,A3,BC,F1,0.22860747101308176
Maxchi,412,463,A3,BF,F1,0.0011783850112514662
Maxchi,412,463,A3,BF1,F1,0.002659317140032744
Maxchi,385,440,A3,BG,F1,4.1794266694338326e-05
Maxchi,409,459,A3,C2U,F1,0.2214397326720097
Maxchi,416,466,A3,CD,F1,0.016859358483873304
Maxchi,305,358,A3,CPZ,F1,0.34416083589928537
Maxchi,369,429,A3,DF,F1,0.0005256882396462858
Maxchi,124,222,A3,F1,F2,8.86263925460899e-19
Maxchi,384,436,A3,F1,G,0.07250236800323447
Maxchi,406,458,A3,F1,H,0.18264736605270593
Maxchi,405,453,A3,F1,J,0.0008388230760533814
Maxchi,392,442,A3,F1,K,0.017638269184362447
Maxchi,426,477,A3,F1,L,0.1619950866312151
Maxchi,493,546,A3,01A1,F2,0.0003997817844526836
Maxchi,512,564,A3,01B,F2,0.000272688413510131
Maxchi,114,200,A3,02A,F2,6.058493452792979e-14
Maxchi,133,182,A3,02G,F2,6.05607432893745e-11
Maxchi,133,182,A3,A1D,F2,6.05607432893745e-11
Maxchi,512,564,A3,AE,F2,0.000272688413510131
Maxchi,513,564,A3,AG,F2,2.759843217990061e-05
Maxchi,133,182,A3,BF,F2,6.05607432893745e-11
Maxchi,114,201,A3,BF1,F2,2.0388601100876615e-15
Maxchi,114,195,A3,BG,F2,6.14621608909639e-14
Maxchi,133,182,A3,C2U,F2,6.05607432893745e-11
Maxchi,133,182,A3,CD,F2,6.05607432893745e-11
Maxchi,133,182,A3,CPZ,F2,1.3979532953010109e-11
Maxchi,133,182,A3,DF,F2,6.05607432893745e-11
Maxchi,133,182,A3,F2,H,6.05607432893745e-11
Maxchi,438,489,A3,F2,J,0.11307072732469667
Maxchi,493,546,A3,F2,K,0.0003997817844526836
Maxchi,133,182,A3,F2,L,6.05607432893745e-11
Maxchi,133,182,A3,F2,cpx,6.05607432893745e-11
Maxchi,392,448,A3,02A,G,0.006653549732570603
Maxchi,474,522,A3,02B,G,0.04550026389635857
Maxchi,413,465,A3,02G,G,0.0002272758032944052
Maxchi,462,512,A3,A1D,G,0.4404006981390033
Maxchi,445,493,A3,A2D,G,0.22067136191984324
Maxchi,411,459,A3,A5U,G,0.0007609678652993602
Maxchi,450,498,A3,AE,G,0.31607280595066856
Maxchi,394,451,A3,BC,G,5.39476595418888e-05
Maxchi,385,436,A3,BF,G,0.08942243417922216
Maxchi,394,441,A3,BF1,G,0.09045823439181767
Maxchi,426,477,A3,BG,G,0.06818065750065651
Maxchi,337,385,A3,CPZ,G,0.156337198788842
Maxchi,402,451,A3,DF,G,0.00440798228205382
Maxchi,412,464,A3,G,H,0.018672658683924186
Maxchi,438,489,A3,G,J,0.11307072732469667
Maxchi,441,465,A3,G,cpx,0.0051991741135384
Maxchi,459,511,A3,01A1,H,0.2110936711315774
Maxchi,412,462,A3,01C,H,0.004533384721616578
Maxchi,443,492,A3,02A,H,0.032788675200106226
Maxchi,412,464,A3,02B,H,0.018672658683924186
Maxchi,443,492,A3,02G,H,0.032788675200106226
Maxchi,462,512,A3,A2D,H,0.016577039148905494
Maxchi,443,492,A3,AG,H,0.032788675200106226
Maxchi,407,459,A3,BC,H,0.16037628719681019
Maxchi,412,459,A3,BF,H,0.14158442710395336
Maxchi,406,458,A3,BF1,H,0.18264736605270593
Maxchi,376,439,A3,BG,H,0.05422099630917671
Maxchi,412,464,A3,C2U,H,0.018672658683924186
Maxchi,406,460,A3,CD,H,0.007468317883597822
Maxchi,326,382,A3,CPZ,H,0.06887237117137426
Maxchi,412,464,A3,DF,H,0.018672658683924186
Maxchi,412,462,A3,H,J,0.016577039148905494
Maxchi,462,512,A3,H,L,0.02401491276134589
Maxchi,443,495,A3,H,cpx,0.15563263294615798
Maxchi,540,589,A3,01A1,J,0.3418681850357756
Maxchi,413,472,A3,01B,J,0.10354890410293692
Maxchi,438,489,A3,02B,J,0.09126409037255706
Maxchi,504,556,A3,AD,J,0.31949952550746574
Maxchi,413,472,A3,AE,J,0.10354890410293692
Maxchi,495,547,A3,AG,J,0.000283646315304496
Maxchi,405,453,A3,BC,J,0.0008388230760533814
Maxchi,403,452,A3,BF,J,0.5136007573187431
Maxchi,403,452,A3,BF1,J,0.5136007573187431
Maxchi,394,449,A3,BG,J,0.0012535584514949093
Maxchi,354,403,A3,C2U,J,0.2433450091487593
Maxchi,453,501,A3,CD,J,0.0008388230760533814
Maxchi,309,355,A3,CPZ,J,0.2648469160580465
Maxchi,453,501,A3,DF,J,0.0008388230760533814
Maxchi,419,474,A3,J,K,0.021576397607898073
Maxchi,414,463,A3,J,L,0.0019445455114083033
Maxchi,354,403,A3,J,cpx,0.2433450091487593
Maxchi,495,546,A3,01C,K,0.00034056928440875673
Maxchi,390,439,A3,02G,K,0.2986882350656738
Maxchi,340,391,A3,A1D,K,0.03353951182489896
Maxchi,411,459,A3,A5U,K,0.00017576657303473815
Maxchi,368,421,A3,BC,K,0.010053946924862547
Maxchi,392,443,A3,BF,K,0.10788377018834606
Maxchi,392,442,A3,BF1,K,0.04568255324009429
Maxchi,382,431,A3,BG,K,0.47766393016165465
Maxchi,405,453,A3,C2U,K,0.2742988273958725
Maxchi,396,440,A3,CD,K,0.07888530302601765
Maxchi,417,467,A3,DF,K,0.6835897065103371
Maxchi,340,392,A3,K,L,0.5021641702194704
Maxchi,462,511,A3,01A1,L,0.2986882350656738
Maxchi,413,462,A3,01C,L,0.03572884112563301
Maxchi,434,498,A3,02A,L,0.016624883537380536
Maxchi,426,477,A3,02B,L,0.1619950866312151
Maxchi,462,511,A3,A2D,L,0.2986882350656738
Maxchi,462,511,A3,AG,L,0.2986882350656738
Maxchi,426,477,A3,BC,L,0.1619950866312151
Maxchi,413,463,A3,BF,L,0.0018493137321645289
Maxchi,426,477,A3,BG,L,0.1619950866312151
Maxchi,426,477,A3,C2U,L,0.1619950866312151
Maxchi,416,467,A3,CD,L,0.07572567085535896
Maxchi,309,360,A3,CPZ,L,0.1691467747131917
Maxchi,426,477,A3,DF,L,0.1619950866312151
Maxchi,564,583,A3,01B,cpx,0.02339508498038375
Maxchi,496,520,A3,01C,cpx,0.000782953761851837
Maxchi,451,486,A3,02A,cpx,0.006355514362347352
Maxchi,463,512,A3,02B,cpx,0.17410586836903788
Maxchi,465,493,A3,02G,cpx,0.000179300306780007
Maxchi,504,553,A3,A1D,cpx,0.6356400089157308
Maxchi,406,460,A3,A2D,cpx,0.0631543623924553
Maxchi,353,403,A3,BC,cpx,0.5711354220484652
Maxchi,412,459,A3,BF,cpx,0.14158442710395336
Maxchi,407,459,A3,BF1,cpx,0.009525262234071788
Maxchi,447,498,A3,BG,cpx,0.0004947328016721528
Maxchi,407,459,A3,C2U,cpx,0.009525262234071788
Maxchi,412,462,A3,CD,cpx,0.020637558243972173
Maxchi,350,406,A3,CPZ,cpx,0.361076353800852
Maxchi,412,465,A5U,01B,A2D,2.7402984798427735e-05
Maxchi,384,435,A5U,01C,CPZ,0.4132125666168054
Maxchi,413,459,A5U,02A,02B,0.0016813776874934343
Maxchi,371,413,A5U,02B,CPZ,0.056733446908822774
Maxchi,4493,4545,A5U,02A,02G,0.2543319283415742
Maxchi,414,467,A5U,02B,02G,0.00032974032486314677
Maxchi,2184,2240,A5U,02G,CPZ,0.0750111114554317
Maxchi,411,459,A5U,01A1,A1,0.00013173386627009137
Maxchi,481,527,A5U,01C,A1D,0.2099239340682665
Maxchi,413,459,A5U,02B,A1D,0.0005679790481949106
Maxchi,462,511,A5U,A2,AD,1.9244799756398536e-06
Maxchi,412,460,A5U,01C,A2D,3.733241740515218e-07
Maxchi,412,460,A5U,02A,A2D,3.733241740515218e-07
Maxchi,412,460,A5U,02G,A2D,3.733241740515218e-07
Maxchi,412,460,A5U,A1D,A2D,3.733241740515218e-07
Maxchi,411,459,A5U,01C,A3,0.0007609678652993602
Maxchi,411,459,A5U,02A,A3,0.0007609678652993602
Maxchi,411,459,A5U,A2D,A3,0.0007609678652993602
Maxchi,412,466,A5U,A3,AD,0.004033326588165843
Maxchi,411,459,A5U,A3,BF1,0.00017576657303473815
Maxchi,404,456,A5U,A3,BG,3.98638171279237e-05
Maxchi,412,450,A5U,A3,CD,0.05192168471026005
Maxchi,411,459,A5U,A3,D,0.0007609678652993602
Maxchi,411,459,A5U,A3,F1,0.00017576657303473815
Maxchi,411,459,A5U,A3,F2,0.00017576657303473815
Maxchi,464,515,A5U,A3,H,0.01972665836710995
Maxchi,404,456,A5U,A3,J,0.0002605248507714282
Maxchi,404,458,A5U,A3,L,0.3151229974217652
Maxchi,461,512,A5U,A3,cpx,0.029217356949896914
Maxchi,412,466,A5U,01C,AD,0.0006462043795272136
Maxchi,413,467,A5U,02A,AD,0.0016699324711505399
Maxchi,413,460,A5U,02B,AD,1.854082149027039e-07
Maxchi,413,467,A5U,02G,AD,0.0016699324711505399
Maxchi,412,466,A5U,A1D,AD,0.0006462043795272136
Maxchi,413,460,A5U,AD,BF1,4.0589807639152854e-08
Maxchi,413,460,A5U,AD,C2U,4.0589807639152854e-08
Maxchi,377,436,A5U,AD,CPZ,0.1890009500003644
Maxchi,481,527,A5U,01B,AE,0.040681778586424515
Maxchi,462,511,A5U,A2D,AE,2.5224428059702455e-05
Maxchi,413,467,A5U,AE,AG,0.000769592448026532
Maxchi,412,460,A5U,01B,AG,0.00018033983092287495
Maxchi,413,467,A5U,02A,AG,0.000769592448026532
Maxchi,457,506,A5U,02G,AG,0.02057418772474588
Maxchi,413,467,A5U,AD,AG,0.000769592448026532
Maxchi,413,461,A5U,AG,BF1,5.933355453311035e-08
Maxchi,459,504,A5U,01C,B,0.00014285386831423981
Maxchi,401,457,A5U,B,D,0.0015233633416843395
Maxchi,3484,3528,A5U,BC,CD,0.08693228835713944
Maxchi,6760,6812,A5U,02A,BF,0.02258688816417965
Maxchi,405,454,A5U,02B,BF,0.6622662229323552
Maxchi,2961,3014,A5U,A1D,BF,0.11116427437249761
Maxchi,2961,3014,A5U,BF,BG,0.11116427437249761
Maxchi,467,521,A5U,01C,BF1,0.008363693759999218
Maxchi,6709,6761,A5U,02A,BF1,5.524538768270693e-07
Maxchi,413,459,A5U,02B,BF1,0.0005679790481949106
Maxchi,2964,3010,A5U,A1D,BF1,0.07322069865600879
Maxchi,389,449,A5U,A2D,BG,2.3570095858069872e-08
Maxchi,413,460,A5U,AD,BG,4.0589807639152854e-08
Maxchi,3285,3343,A5U,01C,C,0.018453388976571825
Maxchi,8801,8833,A5U,C,CD,0.057418718288524434
Maxchi,401,455,A5U,C,D,0.0005735647738201119
Maxchi,3617,3666,A5U,C,F1,0.2798545831624518
Maxchi,3815,3869,A5U,C,L,0.32624164466674305
Maxchi,467,520,A5U,01C,C2U,0.010631241009302324
Maxchi,413,459,A5U,02B,C2U,0.0005679790481949106
Maxchi,413,459,A5U,02B,CD,0.0005679790481949106
Maxchi,413,459,A5U,02B,D,0.0005679790481949106
Maxchi,401,457,A5U,BF1,D,0.0015233633416843395
Maxchi,461,500,A5U,CD,D,0.15075490956012208
Maxchi,401,455,A5U,D,cpx,0.0005735647738201119
Maxchi,413,459,A5U,02B,DF,0.0005679790481949106
Maxchi,3883,3945,A5U,BF,DF,0.06298428373574322
Maxchi,467,520,A5U,01C,F1,0.010631241009302324
Maxchi,3239,3286,A5U,02A,F1,0.47944821195876297
Maxchi,413,460,A5U,AD,F1,4.0589807639152854e-08
Maxchi,412,481,A5U,F1,F2,0.06920676219395702
Maxchi,400,457,A5U,01C,F2,0.00017528973572991343
Maxchi,394,456,A5U,02A,F2,0.016033222835069645
Maxchi,394,456,A5U,02G,F2,0.004720964262080302
Maxchi,412,481,A5U,BF1,F2,0.06920676219395702
Maxchi,481,527,A5U,01C,G,0.024565901492500413
Maxchi,3903,3952,A5U,02A,H,0.24896625581463458
Maxchi,413,467,A5U,AD,H,0.0016699324711505399
Maxchi,467,520,A5U,AE,H,0.05708229350160747
Maxchi,481,527,A5U,01C,J,0.0019343030737566914
Maxchi,3455,3484,A5U,02G,J,0.008150971593502705
Maxchi,403,460,A5U,A2D,J,1.2594267086330096e-06
Maxchi,413,460,A5U,AD,J,4.0589807639152854e-08
Maxchi,412,460,A5U,AE,J,0.00018033983092287495
Maxchi,406,460,A5U,01C,K,2.835678221774547e-07
Maxchi,413,459,A5U,02B,K,0.0005679790481949106
Maxchi,401,454,A5U,A1D,K,0.02846692979025701
Maxchi,415,480,A5U,BF1,K,0.09400083712181725
Maxchi,459,504,A5U,02B,cpx,0.0005955216401182513
Maxchi,413,467,A5U,AD,cpx,0.0016699324711505399
Maxchi,454,496,A6,01A1,02A,0.03549813132066253
Maxchi,413,467,A6,01A1,A5U,0.018184877933952303
Maxchi,362,410,A6,01A1,CPZ,0.23336508285416446
Maxchi,571,621,A6,01A1,01B,0.6373518882339371
Maxchi,571,621,A6,01B,01C,0.7231813825023465
Maxchi,451,505,A6,01B,02A,0.18013047318816744
Maxchi,451,505,A6,01B,02G,0.18013047318816744
Maxchi,491,531,A6,01B,A1D,0.14679308730856683
Maxchi,465,491,A6,01B,A2D,0.001275345222616162
Maxchi,482,528,A6,01B,A5U,0.08161841824643004
Maxchi,450,505,A6,01B,AD,0.09826550544569602
Maxchi,371,412,A6,01C,CPZ,0.08543950764665637
Maxchi,450,505,A6,02A,02B,0.001284740867109088
Maxchi,441,486,A6,01C,02B,0.18404675577109242
Maxchi,444,493,A6,02B,02G,0.09651717944009924
Maxchi,445,496,A6,02B,A1D,0.00501222205636942
Maxchi,450,505,A6,01B,A2,0.09826550544569602
Maxchi,509,559,A6,01C,A2,0.0740225429253814
Maxchi,413,465,A6,A2,A3,0.00018113971897727038
Maxchi,453,491,A6,A2,AE,0.033584014745530855
Maxchi,8827,8890,A6,A2,CD,1.867868830588393e-05
Maxchi,451,505,A6,01A1,A2D,0.16279692662103376
Maxchi,465,491,A6,01C,A2D,0.001275345222616162
Maxchi,413,465,A6,02A,A2D,0.00014043154984087983
Maxchi,413,465,A6,02B,A2D,0.00014043154984087983
Maxchi,465,491,A6,02G,A2D,0.001275345222616162
Maxchi,413,465,A6,A1D,A2D,0.00014043154984087983
Maxchi,413,465,A6,A2D,A5U,9.059118204816237e-05
Maxchi,531,590,A6,01B,A3,0.19606729832402198
Maxchi,459,509,A6,02A,A3,0.05243214378327604
Maxchi,459,509,A6,02G,A3,0.08984851153541502
Maxchi,413,463,A6,A3,A5U,0.03013934367952086
Maxchi,531,590,A6,A3,AE,0.19606729832402198
Maxchi,413,463,A6,A3,BG,0.052923544167699614
Maxchi,438,483,A6,A3,J,0.02036380249939786
Maxchi,463,512,A6,A3,L,0.049121598087049675
Maxchi,459,509,A6,A3,cpx,0.1643080644339086
Maxchi,413,459,A6,02B,A5U,0.0016813776874934343
Maxchi,413,467,A6,A5U,AD,0.01932405825233089
Maxchi,3231,3284,A6,A5U,BF1,0.07187307608325053
Maxchi,461,513,A6,01C,AD,0.03214042608077431
Maxchi,462,516,A6,02A,AD,0.0009843472902597978
Maxchi,443,493,A6,02G,AD,0.08172275229865922
Maxchi,461,513,A6,A1D,AD,0.03214042608077431
Maxchi,384,434,A6,AD,CPZ,0.24002431881283606
Maxchi,571,621,A6,01A1,AE,0.6373518882339371
Maxchi,571,621,A6,01B,AE,0.7231813825023465
Maxchi,575,619,A6,01C,AE,0.4996600914316084
Maxchi,451,505,A6,02G,AE,0.3118455169307424
Maxchi,467,520,A6,A1D,AE,0.28926427873288535
Maxchi,465,491,A6,A2D,AE,0.001275345222616162
Maxchi,481,528,A6,A5U,AE,0.15138591429941345
Maxchi,450,505,A6,AD,AE,0.19302151860918548
Maxchi,413,467,A6,AE,BG,0.14954135458461107
Maxchi,413,464,A6,AE,CD,0.07848111739941042
Maxchi,568,622,A6,AE,cpx,0.19284179629374387
Maxchi,521,564,A6,01A1,AG,3.134870532415531e-05
Maxchi,490,533,A6,01C,AG,0.0037856427441573834
Maxchi,521,564,A6,02A,AG,3.134870532415531e-05
Maxchi,521,564,A6,02G,AG,3.134870532415531e-05
Maxchi,413,467,A6,A5U,AG,0.000769592448026532
Maxchi,394,445,A6,02B,B,0.00501222205636942
Maxchi,465,491,A6,A2D,B,0.001275345222616162
Maxchi,496,544,A6,B,D,0.6825698188332029
Maxchi,465,516,A6,A2D,B.FR.83.HXBLAI_IIIB_BRU.K03455,6.174339257958864e-05
Maxchi,483,528,A6,B.FR.83.HXBLAI_IIIB_BRU.K03455,D,0.13604627822904264
Maxchi,472,532,A6,01C,BC,0.2193572031637776
Maxchi,368,409,A6,02B,BC,0.07004325300059093
Maxchi,8227,8276,A6,A1D,BC,0.02404382341398728
Maxchi,3458,3508,A6,A5U,BC,0.0740225429253814
Maxchi,413,460,A6,AD,BC,9.300818989739754e-05
Maxchi,3337,3386,A6,BC,BF,0.39850112291159456
Maxchi,3160,3219,A6,BC,BG,0.05822494988070689
Maxchi,509,559,A6,01C,BF,0.0740225429253814
Maxchi,3853,3920,A6,02A,BF,0.1976910668915723
Maxchi,413,465,A6,A2D,BF,0.0004950305373285119
Maxchi,509,559,A6,01C,BF1,0.0740225429253814
Maxchi,6875,6923,A6,02A,BF1,0.1317781004783331
Maxchi,414,459,A6,02B,BF1,0.03216275871676809
Maxchi,413,467,A6,01B,BG,0.07470593331213042
Maxchi,445,495,A6,02B,BG,0.0012408198296110042
Maxchi,413,465,A6,A2D,BG,0.0004950305373285119
Maxchi,451,491,A6,01B,C,0.14610037868683326
Maxchi,472,532,A6,01C,C,0.2193572031637776
Maxchi,8718,8767,A6,02A,C,0.00804457646583149
Maxchi,368,409,A6,02B,C,0.07004325300059093
Maxchi,3285,3343,A6,A5U,C,0.06032574965334366
Maxchi,414,473,A6,AD,C,0.004829424096545311
Maxchi,3343,3400,A6,BG,C,0.14835091369859368
Maxchi,8933,8940,A6,C,C2U,0.7820552667215729
Maxchi,8617,8664,A6,C,CD,0.7966461900881434
Maxchi,438,484,A6,C,D,0.30511979255226795
Maxchi,3560,3609,A6,C,DF,0.20438598709840392
Maxchi,333,382,A6,C,F2,0.4245873525849071
Maxchi,8764,8816,A6,C,G,0.1259001168466198
Maxchi,8691,8741,A6,C,cpx,0.06731953587593187
Maxchi,509,559,A6,01C,C2U,0.0740225429253814
Maxchi,445,496,A6,02B,C2U,0.00501222205636942
Maxchi,534,572,A6,01A1,CD,0.08508108562849187
Maxchi,394,445,A6,02B,CD,0.00501222205636942
Maxchi,347,403,A6,01A1,D,0.14086741322172322
Maxchi,411,458,A6,01C,D,0.044714789292094416
Maxchi,451,500,A6,02A,D,0.031144103363584127
Maxchi,411,458,A6,02G,D,0.044714789292094416
Maxchi,414,467,A6,A5U,D,0.01824985619310672
Maxchi,451,497,A6,BF,D,0.024831396960934244
Maxchi,451,497,A6,BF1,D,0.024831396960934244
Maxchi,413,467,A6,BG,D,0.021539452429296814
Maxchi,520,595,A6,CD,D,0.008810285508869824
Maxchi,483,528,A6,D,DF,0.13604627822904264
Maxchi,451,497,A6,D,F1,0.024831396960934244
Maxchi,454,504,A6,D,F2,0.01605261640811254
Maxchi,465,514,A6,01A1,DF,0.12543651972862271
Maxchi,402,452,A6,02B,DF,0.05658635924632134
Maxchi,3302,3350,A6,BF1,DF,0.07738693932603265
Maxchi,509,559,A6,01C,F1,0.0740225429253814
Maxchi,445,496,A6,02B,F1,0.00501222205636942
Maxchi,413,465,A6,A2D,F1,0.0004950305373285119
Maxchi,497,547,A6,F1,F2,0.020921335337794004
Maxchi,504,556,A6,F1,J,0.08871047363366337
Maxchi,413,464,A6,F1,K,0.0011741117568090092
Maxchi,414,475,A6,01A1,F2,0.1474926049692597
Maxchi,386,440,A6,01C,F2,0.08326451666355042
Maxchi,400,431,A6,02A,F2,0.007697390429599518
Maxchi,445,496,A6,02B,F2,0.00501222205636942
Maxchi,334,384,A6,A1D,F2,0.7064241454056421
Maxchi,417,465,A6,A5U,F2,0.00020806657946604852
Maxchi,386,440,A6,BC,F2,0.41617585205601837
Maxchi,497,547,A6,BF,F2,0.020921335337794004
Maxchi,497,547,A6,BF1,F2,0.020921335337794004
Maxchi,386,440,A6,C2U,F2,0.41617585205601837
Maxchi,496,545,A6,CD,F2,0.0022706151460082226
Maxchi,417,469,A6,DF,F2,1.5271620997411215e-05
Maxchi,413,464,A6,F2,K,0.0011741117568090092
Maxchi,444,496,A6,F2,L,0.15164077630270423
Maxchi,386,440,A6,F2,cpx,0.41617585205601837
Maxchi,4919,4959,A6,02G,G,0.07068119778342248
Maxchi,434,484,A6,AD,G,0.0060114035461048595
Maxchi,434,483,A6,AG,G,6.589806530888086e-08
Maxchi,3341,3398,A6,BC,G,0.054038673418208324
Maxchi,500,547,A6,01A1,H,0.29470287844035303
Maxchi,413,463,A6,02B,H,0.009023438818080326
Maxchi,465,491,A6,A2D,H,0.001275345222616162
Maxchi,484,532,A6,AD,H,0.003464621428074309
Maxchi,2231,2277,A6,CPZ,H,0.008088010876090478
Maxchi,445,496,A6,02B,J,0.00501222205636942
Maxchi,468,516,A6,A2D,J,0.00012415485688150067
Maxchi,505,556,A6,C2U,J,0.11611717257184827
Maxchi,413,464,A6,01A1,K,0.0011741117568090092
Maxchi,417,467,A6,02A,K,0.08782728379058734
Maxchi,393,450,A6,02B,K,0.0008410661524745975
Maxchi,397,453,A6,A1D,K,0.11261603766908823
Maxchi,463,513,A6,A2D,K,0.00023603441652934905
Maxchi,406,460,A6,A5U,K,0.00011914105759189374
Maxchi,413,464,A6,AD,K,0.0011741117568090092
Maxchi,405,453,A6,BC,K,0.39996426478030644
Maxchi,405,453,A6,BF,K,0.3535297367369249
Maxchi,413,464,A6,BF1,K,0.0011741117568090092
Maxchi,394,451,A6,BG,K,0.00044681774537259135
Maxchi,417,467,A6,C2U,K,0.08782728379058734
Maxchi,413,464,A6,CD,K,0.0011741117568090092
Maxchi,413,464,A6,DF,K,0.0011741117568090092
Maxchi,540,583,A6,01C,L,0.06840509767544992
Maxchi,391,445,A6,02B,L,0.04576823861326954
Maxchi,442,495,A6,A2D,L,0.005125489443759879
Maxchi,568,622,A6,01B,cpx,0.10752723963321277
Maxchi,769,820,A6,01C,cpx,0.17169664533325835
Maxchi,441,499,A6,02B,cpx,0.07786651287620318
Maxchi,465,491,A6,A2D,cpx,0.001275345222616162
Maxchi,510,559,A6,AD,cpx,0.02290228470605656
Maxchi,384,434,AD,01C,CPZ,0.03767151418475305
Maxchi,487,538,AD,02A,02B,7.151535572690909e-05
Maxchi,404,461,AD,02A,C2U,0.4308629510594717
Maxchi,384,434,AD,02A,CPZ,0.006476179031060255
Maxchi,568,621,AD,01C,02B,0.5678401488404275
Maxchi,411,461,AD,02B,CPZ,0.009914211838606657
Maxchi,493,541,AD,01C,02G,2.9930622223033832e-05
Maxchi,493,541,AD,02A,02G,2.9930622223033832e-05
Maxchi,493,541,AD,02B,02G,2.9930622223033832e-05
Maxchi,443,493,AD,02G,A1D,0.0015245562361271003
Maxchi,384,434,AD,02G,CPZ,0.03767151418475305
Maxchi,461,513,AD,A,A6,0.023878103148139693
Maxchi,464,489,AD,01C,A1D,0.0019652936728663138
Maxchi,434,487,AD,02A,A1D,0.00011637494819744449
Maxchi,429,486,AD,02B,A1D,0.05459028575450188
Maxchi,304,358,AD,A1D,CPZ,0.27110128524388677
Maxchi,411,464,AD,01B,A2,3.621858675818534e-05
Maxchi,415,463,AD,01C,A2,0.02682235642696378
Maxchi,394,453,AD,02B,A2,0.00018307720981811717
Maxchi,411,464,AD,A1D,A2,3.621858675818534e-05
Maxchi,411,464,AD,A2,AE,3.621858675818534e-05
Maxchi,411,464,AD,A2,C2U,0.00016208626808513353
Maxchi,410,464,AD,A2,D,4.033273521129317e-06
Maxchi,516,570,AD,01C,A2D,4.268546192171417e-05
Maxchi,434,487,AD,02A,A2D,0.048868565069394444
Maxchi,443,493,AD,02G,A2D,0.009624055829163092
Maxchi,406,461,AD,A1D,A2D,1.968011692186842e-05
Maxchi,1032,1084,AD,01A1,A3,0.024223663747764402
Maxchi,356,404,AD,01A1,A6,0.1733635175268883
Maxchi,476,512,AD,A6,AG,0.0008581206663936758
Maxchi,430,489,AD,A1D,AE,0.038924969883684414
Maxchi,486,515,AD,AE,cpx,0.13756436322670643
Maxchi,404,456,AD,B,BC,0.004996411159990855
Maxchi,395,452,AD,B,C,0.0034848981065333596
Maxchi,394,448,AD,B,C2U,0.10998558666182459
Maxchi,395,450,AD,B,CD,0.015159353132027608
Maxchi,401,454,AD,B,DF,0.00201239123019915
Maxchi,413,472,AD,B,J,0.006681390566024786
Maxchi,369,439,AD,B,L,0.012957304690931929
Maxchi,495,547,AD,B,B.FR.83.HXBLAI_IIIB_BRU.K03455,0.038510003258076186
Maxchi,395,451,AD,B.FR.83.HXBLAI_IIIB_BRU.K03455,BF,0.0054742379722186735
Maxchi,395,451,AD,B.FR.83.HXBLAI_IIIB_BRU.K03455,BF1,0.002469822603740449
Maxchi,403,467,AD,B.FR.83.HXBLAI_IIIB_BRU.K03455,C,0.2560538714542364
Maxchi,395,451,AD,B.FR.83.HXBLAI_IIIB_BRU.K03455,F1,0.02140438462029117
Maxchi,132,181,AD,B.FR.83.HXBLAI_IIIB_BRU.K03455,F2,4.517430404432827e-11
Maxchi,405,454,AD,B.FR.83.HXBLAI_IIIB_BRU.K03455,K,0.8119993835788955
Maxchi,334,384,AD,BC,BF,0.6200391036196777
Maxchi,368,416,AD,BC,BF1,0.37564791079050885
Maxchi,443,496,AD,BF,BF1,0.05913735649299666
Maxchi,368,413,AD,BF,C2U,0.48072874124579834
Maxchi,417,465,AD,01C,BF1,0.08085559837005234
Maxchi,410,466,AD,02B,BF1,0.23517828782465305
Maxchi,407,459,AD,A1D,BF1,0.3853315267895524
Maxchi,413,465,AD,02G,BG,4.419427399508574e-05
Maxchi,411,464,AD,A1D,BG,0.0007878259043322992
Maxchi,435,478,AD,C,C2U,0.017644731591625575
Maxchi,418,474,AD,C,CD,0.06366390977451541
Maxchi,416,464,AD,C,DF,0.00018756572413969295
Maxchi,405,453,AD,C,F1,0.2672574931543847
Maxchi,115,189,AD,C,F2,2.961456048799701e-10
Maxchi,347,401,AD,C,J,0.2852285150326257
Maxchi,404,461,AD,01C,C2U,0.4308629510594717
Maxchi,347,404,AD,02B,C2U,0.4308629510594717
Maxchi,429,488,AD,BF,CD,0.11992758148635956
Maxchi,458,509,AD,01C,D,0.033674985893467714
Maxchi,419,462,AD,02G,D,0.18005456341886295
Maxchi,437,489,AD,D,DF,0.03475558435961615
Maxchi,452,497,AD,D,L,0.2792133262235515
Maxchi,404,461,AD,01C,DF,0.2512761479763133
Maxchi,415,464,AD,C2U,DF,0.0006207408210660679
Maxchi,415,464,AD,CD,DF,0.0007341973866521863
Maxchi,338,396,AD,BC,F1,0.11905153971613468
Maxchi,443,496,AD,BF,F1,0.05913735649299666
Maxchi,443,496,AD,BF1,F1,0.05913735649299666
Maxchi,395,442,AD,C2U,F1,0.040634888838157725
Maxchi,429,488,AD,CD,F1,0.11992758148635956
Maxchi,369,429,AD,DF,F1,0.012273872561222213
Maxchi,347,401,AD,F1,J,0.2852285150326257
Maxchi,448,493,AD,F1,L,0.04043914956462095
Maxchi,407,460,AD,BC,F2,0.2270662885815552
Maxchi,132,181,AD,C2U,F2,4.517430404432827e-11
Maxchi,456,505,AD,CD,F2,0.00440319256521625
Maxchi,132,181,AD,DF,F2,4.517430404432827e-11
Maxchi,132,181,AD,F2,H,4.517430404432827e-11
Maxchi,442,495,AD,F2,J,0.006923645092338614
Maxchi,460,488,AD,01C,G,6.590512512947171e-05
Maxchi,444,493,AD,02G,G,0.004819521932780892
Maxchi,426,477,AD,BG,G,0.21015799373615301
Maxchi,443,492,AD,01C,H,0.02261675536053429
Maxchi,412,464,AD,02B,H,0.0010272333273914224
Maxchi,347,401,AD,BF,J,0.2852285150326257
Maxchi,414,472,AD,C2U,J,0.0022569946258528856
Maxchi,401,454,AD,DF,J,0.00201239123019915
Maxchi,369,439,AD,J,L,0.012957304690931929
Maxchi,392,442,AD,BF1,K,0.04568255324009429
Maxchi,408,467,AD,C2U,K,0.38082542501572436
Maxchi,442,495,AD,01C,L,0.00811427005066765
Maxchi,511,559,AD,02G,cpx,0.00557660120591965
Maxchi,462,511,AD,A1D,cpx,0.08836671477814495
Maxchi,1538,1563,AE,01A1,01C,0.00010202525259935383
Maxchi,347,401,AE,01A1,A1D,0.159003948736483
Maxchi,411,466,AE,01A1,A5U,0.0090151580348255
Maxchi,1250,1253,AE,01A1,AD,4.913968091566137e-07
Maxchi,496,547,AE,01A1,BF1,0.0010699807884825595
Maxchi,442,495,AE,01A1,C2U,0.013842055425429359
Maxchi,327,377,AE,01A1,CPZ,0.011743382301172606
Maxchi,2423,2490,AE,01B,01C,0.029270795882999114
Maxchi,569,621,AE,01B,02A,0.4906442499934076
Maxchi,515,564,AE,01B,02G,0.00042877278952902436
Maxchi,443,496,AE,01B,BF1,0.003554421026784216
Maxchi,406,455,AE,01B,CPZ,8.89052562091611e-05
Maxchi,368,413,AE,01C,CPZ,0.19305906087643185
Maxchi,860,861,AE,01C,02B,5.762843271868781e-07
Maxchi,515,564,AE,02A,02G,0.00042877278952902436
Maxchi,450,507,AE,02B,02G,0.08491533492068548
Maxchi,493,542,AE,02G,A1D,1.7119527096551035e-06
Maxchi,443,493,AE,02G,C2U,0.0007421842888034797
Maxchi,328,381,AE,02G,CPZ,0.19169460205188435
Maxchi,434,486,AE,02A,A1,3.832421893777173e-05
Maxchi,493,559,AE,01C,A1D,0.1509623197602479
Maxchi,434,490,AE,02A,A1D,0.08395281829312767
Maxchi,387,434,AE,02B,A1D,0.04027349257280963
Maxchi,295,351,AE,A1D,CPZ,0.22544231699450956
Maxchi,413,465,AE,02B,A2,4.555549366483458e-07
Maxchi,338,391,AE,A2,J,0.6070048167773971
Maxchi,1587,1634,AE,01A1,A2D,0.06701274790788571
Maxchi,494,524,AE,01C,A2D,0.023285782558538352
Maxchi,434,487,AE,02A,A2D,0.09987451929352424
Maxchi,443,493,AE,02G,A2D,0.2924929234132355
Maxchi,407,462,AE,A1D,A2D,7.273505856259344e-05
Maxchi,410,464,AE,A2D,C2U,0.005770353412078525
Maxchi,486,538,AE,02A,A3,0.008603424170232611
Maxchi,443,492,AE,02G,A3,0.0895508885730561
Maxchi,564,583,AE,A3,cpx,0.02339508498038375
Maxchi,482,528,AE,01C,A5U,0.08161841824643004
Maxchi,413,467,AE,02A,A5U,0.005069309556701606
Maxchi,412,466,AE,02G,A5U,0.010587137334056926
Maxchi,467,520,AE,A5U,AD,0.01932405825233089
Maxchi,412,460,AE,A5U,BF1,4.515786059286766e-05
Maxchi,412,460,AE,A5U,C2U,4.515786059286766e-05
Maxchi,327,368,AE,A5U,CPZ,0.044963233463928026
Maxchi,451,505,AE,02A,A6,0.3118455169307424
Maxchi,511,570,AE,01C,AD,0.12500865494478341
Maxchi,454,496,AE,02A,AD,0.09969367621717747
Maxchi,443,493,AE,02G,AD,0.08172275229865922
Maxchi,338,391,AE,AD,BF1,0.07450614430338962
Maxchi,403,466,AE,AD,CPZ,0.0184797672468865
Maxchi,1516,1552,AE,01A1,AG,0.008239018825724635
Maxchi,6072,6123,AE,01B,AG,0.02819416592193359
Maxchi,494,522,AE,01C,AG,0.019904314936974157
Maxchi,433,486,AE,02A,AG,0.02167460756854013
Maxchi,497,541,AE,02G,AG,5.698100829656575e-05
Maxchi,398,441,AE,AG,BF,0.04019130749721493
Maxchi,338,387,AE,AG,BF1,0.22162064491427935
Maxchi,413,465,AE,AG,BG,0.000631293611661166
Maxchi,338,389,AE,AG,C2U,0.011440837486232352
Maxchi,411,461,AE,AG,CPZ,0.016255915732583004
Maxchi,496,514,AE,AG,cpx,0.025345947349644717
Maxchi,551,600,AE,02B,B,0.14054464283059165
Maxchi,398,442,AE,B,BC,0.1757343356442213
Maxchi,392,435,AE,B,BG,0.0001135027216531705
Maxchi,338,389,AE,B,C2U,0.1801518312803213
Maxchi,458,504,AE,B,CD,0.11195928141900247
Maxchi,543,589,AE,B,D,0.28797215208793064
Maxchi,465,514,AE,B,DF,0.06280961517859225
Maxchi,451,502,AE,B,H,0.10935607087446286
Maxchi,413,472,AE,B,J,0.10354890410293692
Maxchi,458,514,AE,B,L,0.07263180800038568
Maxchi,405,452,AE,B.FR.83.HXBLAI_IIIB_BRU.K03455,BC,0.08061433750751337
Maxchi,394,441,AE,B.FR.83.HXBLAI_IIIB_BRU.K03455,BF,0.040664956689662635
Maxchi,391,443,AE,B.FR.83.HXBLAI_IIIB_BRU.K03455,BF1,0.3853315267895524
Maxchi,434,482,AE,01A1,BC,0.00047760831889735164
Maxchi,395,442,AE,02B,BC,0.21022004327694005
Maxchi,413,465,AE,A2D,BC,8.051460469273072e-05
Maxchi,412,460,AE,A5U,BC,4.515786059286766e-05
Maxchi,354,397,AE,BC,BF,0.12644763356667546
Maxchi,353,403,AE,BC,BF1,0.0656911336441939
Maxchi,398,442,AE,BC,C2U,0.1757343356442213
Maxchi,351,401,AE,BC,CD,0.20526828196397517
Maxchi,306,356,AE,BC,CPZ,0.29474059923228213
Maxchi,443,496,AE,01B,BF,0.003554421026784216
Maxchi,450,511,AE,01C,BF,0.10563224704540407
Maxchi,410,466,AE,02B,BF,0.14750525362623956
Maxchi,412,460,AE,A5U,BF,4.515786059286766e-05
Maxchi,444,496,AE,BF,BF1,0.0013015993776376556
Maxchi,397,440,AE,BF,C2U,0.04019130749721493
Maxchi,443,496,AE,01C,BF1,0.003554421026784216
Maxchi,410,466,AE,02B,BF1,0.23517828782465305
Maxchi,387,434,AE,02G,BF1,0.26290684824360844
Maxchi,391,443,AE,BF1,C2U,0.38073614237880793
Maxchi,426,477,AE,01A1,BG,0.21015799373615301
Maxchi,477,528,AE,01B,BG,0.20860214718869377
Maxchi,459,516,AE,01C,BG,0.07621668439461073
Maxchi,426,474,AE,02B,BG,0.5581846494226572
Maxchi,390,453,AE,A2D,BG,1.664208662311115e-08
Maxchi,315,371,AE,BG,CPZ,0.013058422966999977
Maxchi,397,440,AE,BF,C,0.04019130749721493
Maxchi,391,443,AE,BF1,C,0.38073614237880793
Maxchi,405,451,AE,C,C2U,0.635714941972191
Maxchi,412,467,AE,C,CD,0.05978366262806145
Maxchi,368,416,AE,C,DF,0.46443743841445717
Maxchi,393,440,AE,C,F2,0.13707483194633338
Maxchi,450,511,AE,01C,C2U,0.10563224704540407
Maxchi,313,360,AE,02B,C2U,0.04844168257040396
Maxchi,402,449,AE,01A1,CD,0.10226142285840974
Maxchi,494,544,AE,01B,CD,0.384088249473852
Maxchi,410,463,AE,01C,CD,0.03729886133361802
Maxchi,452,497,AE,02A,CD,0.03412494001733623
Maxchi,389,439,AE,02B,CD,0.10270121677067474
Maxchi,412,460,AE,A5U,CD,0.00018033983092287495
Maxchi,416,464,AE,BF,CD,0.21986893044484188
Maxchi,392,440,AE,BF1,CD,0.13982446765734657
Maxchi,412,467,AE,C2U,CD,0.05978366262806145
Maxchi,520,595,AE,CD,D,0.008810285508869824
Maxchi,463,502,AE,D,DF,0.060455061726855136
Maxchi,443,494,AE,D,F1,0.0022887385698528
Maxchi,552,611,AE,D,F2,7.693779301013446e-07
Maxchi,410,459,AE,D,L,0.1041883751990496
Maxchi,465,514,AE,01A1,DF,0.14362035437549175
Maxchi,465,514,AE,01B,DF,0.14362035437549175
Maxchi,465,514,AE,01C,DF,0.06280961517859225
Maxchi,416,464,AE,02A,DF,0.156337198788842
Maxchi,338,388,AE,02B,DF,0.10765747301199126
Maxchi,405,451,AE,A1D,DF,0.11061798548406608
Maxchi,412,460,AE,A5U,DF,4.515786059286766e-05
Maxchi,464,512,AE,AD,DF,0.00018756572413969295
Maxchi,406,452,AE,BC,DF,0.09477623390274373
Maxchi,391,443,AE,BF,DF,0.3853315267895524
Maxchi,391,443,AE,BF1,DF,0.3853315267895524
Maxchi,415,465,AE,C2U,DF,0.14362035437549175
Maxchi,416,465,AE,CD,DF,0.06280961517859225
Maxchi,392,440,AE,CD,F1,0.13982446765734657
Maxchi,416,465,AE,DF,F1,0.06280961517859225
Maxchi,443,496,AE,F1,F2,0.003554421026784216
Maxchi,464,505,AE,F1,K,0.008532691358833666
Maxchi,442,495,AE,F1,L,0.4349463303907435
Maxchi,453,504,AE,CD,F2,0.03494601601644283
Maxchi,392,441,AE,DF,F2,0.016428842851249167
Maxchi,444,493,AE,02G,G,8.168426895791432e-05
Maxchi,401,449,AE,A1D,G,0.5074313899844749
Maxchi,446,494,AE,A2D,G,0.3652578484486141
Maxchi,413,464,AE,02B,H,0.0027600269458943104
Maxchi,406,461,AE,A1D,H,0.029945820149151415
Maxchi,450,499,AE,J,L,0.02001713249554554
Maxchi,419,471,AE,C2U,K,0.5717953339741051
Maxchi,340,388,AE,CD,K,0.1241392727982461
Maxchi,418,466,AE,DF,K,1.0529141903587239e-06
Maxchi,442,495,AE,A2D,L,0.005125489443759879
Maxchi,979,1029,AE,01B,cpx,0.31879048660189724
Maxchi,568,622,AE,01C,cpx,0.19284179629374387
Maxchi,517,568,AE,02A,cpx,0.11865765957085836
Maxchi,517,568,AE,02G,cpx,0.11865765957085836
Maxchi,434,484,AE,A2D,cpx,0.0015014516088578012
Maxchi,412,464,AE,A5U,cpx,0.17283191353583527
Maxchi,374,418,AE,BC,cpx,0.3694375231247773
Maxchi,420,465,AE,BF,cpx,0.30112285404966205
Maxchi,420,465,AE,BF1,cpx,0.30112285404966205
Maxchi,460,488,AE,C2U,cpx,0.11159978367678293
Maxchi,510,565,AG,01A1,02A,0.06554950792212194
Maxchi,1237,1291,AG,01A1,02B,0.009669418441902477
Maxchi,444,493,AG,01A1,02G,0.0004703902317901143
Maxchi,1545,1587,AG,01A1,AD,0.2104909959045569
Maxchi,1493,1540,AG,01A1,01B,0.00017300852643109825
Maxchi,494,522,AG,01B,01C,0.019904314936974157
Maxchi,433,486,AG,01B,02A,0.036934601808312595
Maxchi,5413,5429,AG,01B,02B,0.19825639744335355
Maxchi,492,541,AG,01B,02G,1.7119527096551035e-06
Maxchi,5131,5188,AG,01B,AD,0.17263037646609303
Maxchi,338,387,AG,01B,BF1,0.12152137209711454
Maxchi,338,389,AG,01B,C2U,0.004291129784931398
Maxchi,411,461,AG,01B,CPZ,0.016255915732583004
Maxchi,510,565,AG,01C,02A,0.06554950792212194
Maxchi,510,565,AG,02A,02B,0.06554950792212194
Maxchi,515,568,AG,01C,02B,0.03395184827920676
Maxchi,650,698,AG,02A,02G,0.06166490774402757
Maxchi,506,541,AG,02B,02G,0.13396120840002
Maxchi,515,537,AG,02A,A,7.764036537930667e-09
Maxchi,492,514,AG,02B,A,6.712366164913151e-08
Maxchi,492,515,AG,02G,A,7.764036537930667e-09
Maxchi,5944,6014,AG,02B,A1,1.2295781682361708e-10
Maxchi,506,541,AG,02G,A1,0.13396120840002
Maxchi,493,514,AG,A1,cpx,3.1840901689442113e-10
Maxchi,494,517,AG,01C,A1D,7.892387993124069e-10
Maxchi,451,505,AG,02A,A1D,0.07470593331213042
Maxchi,431,480,AG,02B,A1D,0.0007317472704776957
Maxchi,351,406,AG,A1D,CPZ,0.048948800772222245
Maxchi,393,453,AG,A2,B,0.01809300799050575
Maxchi,450,507,AG,A2,G,0.02370907646413878
Maxchi,1545,1585,AG,01A1,A2D,0.19662281410993426
Maxchi,517,568,AG,01C,A2D,9.834078370274988e-05
Maxchi,451,505,AG,02A,A2D,0.07470593331213042
Maxchi,5164,5205,AG,02B,A2D,0.15704601556933742
Maxchi,468,516,AG,02G,A2D,0.1485617748918646
Maxchi,454,502,AG,A1D,A2D,3.2956841086272374e-05
Maxchi,463,511,AG,A2D,A5U,1.0824951717620867e-06
Maxchi,413,467,AG,01C,A5U,0.00031542782206423967
Maxchi,467,520,AG,02B,A5U,0.00012240094172885881
Maxchi,413,461,AG,A5U,C2U,5.933355453311035e-08
Maxchi,334,383,AG,A5U,CPZ,0.47766393016165465
Maxchi,451,505,AG,01B,A6,0.1120778471249775
Maxchi,489,532,AG,02B,A6,0.0037856427441573834
Maxchi,451,505,AG,A6,AE,0.21419302571912488
Maxchi,493,514,AG,A6,cpx,3.1840901689442113e-10
Maxchi,516,569,AG,01C,AD,0.19169460205188435
Maxchi,510,565,AG,02A,AD,0.06554950792212194
Maxchi,5347,5351,AG,02B,AD,2.50399202468755e-06
Maxchi,506,541,AG,02G,AD,0.13396120840002
Maxchi,434,491,AG,A1D,AD,0.0010941463654923927
Maxchi,411,461,AG,AD,CPZ,0.009914211838606657
Maxchi,453,504,AG,B,CD,0.009389925345878314
Maxchi,504,547,AG,B,D,0.06604928153726758
Maxchi,401,453,AG,B,DF,0.0006570721511554054
Maxchi,394,453,AG,B,H,0.00017202886493939196
Maxchi,395,450,AG,B,L,0.00484517466316223
Maxchi,442,495,AG,B,B.FR.83.HXBLAI_IIIB_BRU.K03455,0.03534506877224951
Maxchi,405,450,AG,B.FR.83.HXBLAI_IIIB_BRU.K03455,BC,0.2312799624106377
Maxchi,453,501,AG,B.FR.83.HXBLAI_IIIB_BRU.K03455,BF,0.38273308888522595
Maxchi,410,460,AG,B.FR.83.HXBLAI_IIIB_BRU.K03455,C2U,0.12282264810139186
Maxchi,401,453,AG,B.FR.83.HXBLAI_IIIB_BRU.K03455,CD,0.009389925345878314
Maxchi,132,181,AG,B.FR.83.HXBLAI_IIIB_BRU.K03455,F2,1.0391318531499887e-11
Maxchi,401,451,AG,01B,BC,0.47950012218695337
Maxchi,413,465,AG,02B,BC,0.008759480176957485
Maxchi,339,386,AG,BC,BF,0.5198798552473742
Maxchi,397,453,AG,BC,BF1,0.3093617005996899
Maxchi,347,395,AG,BC,C2U,0.3560756941963228
Maxchi,409,461,AG,BC,CD,0.2903465795154091
Maxchi,306,356,AG,BC,CPZ,0.5710088068742297
Maxchi,338,379,AG,01B,BF,0.11953630138618049
Maxchi,386,433,AG,01C,BF,0.5198798552473742
Maxchi,404,453,AG,02B,BF,0.5247876515257845
Maxchi,453,503,AG,BF,BF1,0.01644739717132165
Maxchi,339,386,AG,BF,C2U,0.5198798552473742
Maxchi,305,358,AG,BF,CPZ,0.37907017082864225
Maxchi,453,501,AG,02B,BF1,0.3718210152649648
Maxchi,387,434,AG,BF1,C2U,0.3821814302487686
Maxchi,305,358,AG,BF1,CPZ,0.37907017082864225
Maxchi,413,465,AG,01B,BG,0.000631293611661166
Maxchi,413,465,AG,01C,BG,0.000631293611661166
Maxchi,413,465,AG,02B,BG,0.000631293611661166
Maxchi,442,485,AG,02G,BG,0.21919895781319487
Maxchi,391,448,AG,A1D,BG,5.8659900315098334e-05
Maxchi,390,453,AG,A2D,BG,1.664208662311115e-08
Maxchi,360,410,AG,BG,CPZ,0.11983553251050144
Maxchi,339,386,AG,BF,C,0.5198798552473742
Maxchi,387,434,AG,BF1,C,0.3821814302487686
Maxchi,409,461,AG,C,CD,0.2903465795154091
Maxchi,417,465,AG,C,DF,0.21986893044484188
Maxchi,115,189,AG,C,F2,2.961456048799701e-10
Maxchi,390,439,AG,C,J,0.6716598585364553
Maxchi,404,460,AG,01C,C2U,0.4318159087299308
Maxchi,442,495,AG,01C,CD,0.025914827609903903
Maxchi,453,504,AG,02B,CD,0.009389925345878314
Maxchi,468,511,AG,02G,CD,0.1570692943145777
Maxchi,409,461,AG,A1D,CD,0.2903465795154091
Maxchi,409,461,AG,BF,CD,0.2903465795154091
Maxchi,409,461,AG,BF1,CD,0.2903465795154091
Maxchi,409,461,AG,C2U,CD,0.2903465795154091
Maxchi,339,386,AG,CD,CPZ,0.11410709480862181
Maxchi,440,487,AG,D,F1,0.23346465425911828
Maxchi,552,612,AG,D,F2,4.3102408336332906e-07
Maxchi,452,497,AG,D,L,0.2792133262235515
Maxchi,416,466,AG,01C,DF,5.8725938186908635e-06
Maxchi,453,504,AG,02A,DF,0.0006570721511554054
Maxchi,453,504,AG,02B,DF,0.0006570721511554054
Maxchi,442,483,AG,02G,DF,0.21200343092282212
Maxchi,413,461,AG,A5U,DF,5.933355453311035e-08
Maxchi,417,465,AG,BC,DF,0.21986893044484188
Maxchi,412,463,AG,BF,DF,0.2432139802829662
Maxchi,412,463,AG,BF1,DF,0.2432139802829662
Maxchi,415,461,AG,C2U,DF,0.07991317509998397
Maxchi,415,466,AG,CD,DF,1.970345895341455e-05
Maxchi,453,503,AG,BF,F1,0.01644739717132165
Maxchi,389,439,AG,C2U,F1,0.26945640515977404
Maxchi,412,463,AG,DF,F1,0.2432139802829662
Maxchi,404,453,AG,F1,J,5.096114908066165e-05
Maxchi,392,437,AG,F1,L,0.18412637278497565
Maxchi,132,181,AG,A1D,F2,1.0391318531499887e-11
Maxchi,132,181,AG,C2U,F2,1.0391318531499887e-11
Maxchi,132,181,AG,CD,F2,1.0391318531499887e-11
Maxchi,132,181,AG,DF,F2,1.0391318531499887e-11
Maxchi,132,181,AG,F2,H,1.0391318531499887e-11
Maxchi,442,495,AG,F2,J,0.004637701425149166
Maxchi,394,453,AG,BG,H,0.0003958297897949407
Maxchi,442,495,AG,H,L,0.0015012305831160605
Maxchi,401,453,AG,DF,J,0.0006570721511554054
Maxchi,411,463,AG,BF,K,0.6460523190432952
Maxchi,405,453,AG,BF1,K,0.47719661998877005
Maxchi,367,419,AG,C2U,K,0.4815999681017722
Maxchi,414,463,AG,CD,K,0.41224367825669916
Maxchi,417,467,AG,DF,K,0.6835897065103371
Maxchi,450,504,AG,A1D,L,0.00484517466316223
Maxchi,394,449,AG,BG,L,0.0015419464765877382
Maxchi,569,575,AG,01A1,cpx,5.853214596165451e-07
Maxchi,510,568,AG,01B,cpx,0.31310232181312736
Maxchi,493,514,AG,01C,cpx,3.1840901689442113e-10
Maxchi,493,514,AG,02A,cpx,3.1840901689442113e-10
Maxchi,493,514,AG,02B,cpx,3.784870937535526e-09
Maxchi,495,516,AG,A2D,cpx,3.1840901689442113e-10
Maxchi,413,465,AG,A5U,cpx,3.862390278156631e-08
Maxchi,493,514,AG,AD,cpx,3.1840901689442113e-10
Maxchi,420,465,AG,BF1,cpx,0.29480199193370177
Maxchi,413,465,AG,BG,cpx,2.553937009371755e-07
Maxchi,471,494,AG,CD,cpx,2.3175128178679494e-11
Maxchi,559,624,B,01A1,01C,0.14593378764299358
Maxchi,450,504,B,01A1,02A,0.0334406386639979
Maxchi,397,446,B,01A1,02B,0.03110740041053457
Maxchi,450,504,B,01A1,02G,0.001900893250446667
Maxchi,406,451,B,01A1,A1D,0.3683595963802758
Maxchi,411,459,B,01A1,A5U,0.0005195076846622699
Maxchi,446,495,B,01A1,AD,0.03110740041053457
Maxchi,444,496,B,01A1,BF1,0.00698101664950212
Maxchi,360,433,B,01A1,C2U,0.00015237914136799306
Maxchi,543,589,B,01A1,01B,0.4365769098536174
Maxchi,547,600,B,01B,01C,0.321833325755563
Maxchi,551,600,B,01B,02B,0.14054464283059165
Maxchi,406,452,B,01B,A1D,0.39164382861578273
Maxchi,452,497,B,01B,A2D,0.0488690699403562
Maxchi,412,460,B,01B,A5U,4.515786059286766e-05
Maxchi,444,496,B,01B,BF1,0.0013015993776376556
Maxchi,486,538,B,01C,02A,0.0002984336305786591
Maxchi,443,491,B,02A,02B,0.001726821857456539
Maxchi,465,516,B,01C,02G,3.375064811409232e-06
Maxchi,435,504,B,02B,02G,1.1125886570284671e-07
Maxchi,494,550,B,01B,A,0.15976271723788146
Maxchi,447,497,B,A,F2,0.16413146457644773
Maxchi,446,495,B,01A1,A1,0.03110740041053457
Maxchi,496,543,B,01B,A1,0.28797215208793064
Maxchi,484,537,B,02B,A1,0.016174100790327592
Maxchi,492,546,B,A1,A2D,0.0007501120419963074
Maxchi,411,459,B,A1,A5U,0.0005195076846622699
Maxchi,493,547,B,A1,A6,0.29869755599496717
Maxchi,512,560,B,A1,AG,0.004200317081829784
Maxchi,418,465,B,A1,BC,7.687243909390665e-05
Maxchi,442,491,B,A1,G,0.05584110280508525
Maxchi,3921,3970,B,A2,A5U,0.022950538964290043
Maxchi,3420,3448,B,A2,BG,0.024729820253712204
Maxchi,8767,8815,B,A2,C,0.005069309556701606
Maxchi,446,495,B,01A1,A2D,0.03110740041053457
Maxchi,463,516,B,02B,A2D,0.003914243121173532
Maxchi,355,403,B,A1D,A2D,0.38273308888522595
Maxchi,412,460,B,A2D,A5U,3.733241740515218e-07
Maxchi,496,547,B,A2D,BF1,0.0016769763047165202
Maxchi,369,443,B,A2D,C2U,0.0002246657700206346
Maxchi,313,373,B,A2D,CPZ,0.0037372288665168934
Maxchi,413,464,B,01C,A3,0.1411939952934989
Maxchi,397,441,B,02A,A3,0.00832753071505233
Maxchi,392,448,B,02G,A3,0.002108177107943034
Maxchi,463,512,B,A3,A6,0.041859321913875
Maxchi,413,459,B,02B,A5U,0.0005679790481949106
Maxchi,413,460,B,A5U,AD,4.0589807639152854e-08
Maxchi,3282,3341,B,A5U,BF1,0.17350921879569672
Maxchi,492,538,B,01A1,A6,0.23076248535182253
Maxchi,446,492,B,01B,A6,0.23977732927918713
Maxchi,434,484,B,A6,AD,0.03705621856411898
Maxchi,400,446,B,A6,AE,0.14817787189628098
Maxchi,437,485,B,A6,AG,2.337022555902927e-06
Maxchi,444,496,B,A6,F2,0.15164077630270423
Maxchi,393,450,B,A6,K,0.0008410661524745975
Maxchi,464,489,B,01C,AD,0.0019652936728663138
Maxchi,449,495,B,02A,AD,0.08034195491172003
Maxchi,493,547,B,02B,AD,0.007438582430322814
Maxchi,392,454,B,02G,AD,0.005402649169998869
Maxchi,401,454,B,A1D,AD,0.05108425894700148
Maxchi,395,451,B,AD,BF1,0.002469822603740449
Maxchi,543,589,B,01A1,AE,0.4365769098536174
Maxchi,676,724,B,01B,AE,0.018360670362552917
Maxchi,559,624,B,01C,AE,0.3210047176701905
Maxchi,433,486,B,02A,AE,0.00017213137667013942
Maxchi,453,504,B,02G,AE,0.0012618487273813213
Maxchi,412,460,B,A5U,AE,4.515786059286766e-05
Maxchi,452,497,B,AD,AE,0.0488690699403562
Maxchi,452,497,B,AE,AG,0.06032924477422394
Maxchi,394,441,B,AE,BF,0.040664956689662635
Maxchi,443,496,B,AE,BF1,0.003554421026784216
Maxchi,453,501,B,AE,cpx,0.5957859181745873
Maxchi,446,495,B,01A1,AG,0.03110740041053457
Maxchi,452,497,B,01B,AG,0.06032924477422394
Maxchi,497,516,B,01C,AG,3.433186225520895e-06
Maxchi,450,505,B,02A,AG,0.08025388041180573
Maxchi,515,568,B,02B,AG,0.0024641055343891873
Maxchi,468,511,B,02G,AG,0.1570692943145777
Maxchi,347,401,B,A1D,AG,0.2242125506341817
Maxchi,463,516,B,A2D,AG,0.003914243121173532
Maxchi,413,461,B,A5U,AG,5.933355453311035e-08
Maxchi,451,509,B,AD,AG,0.060251986439846
Maxchi,405,448,B,AG,BC,0.020524864358379583
Maxchi,453,501,B,AG,BF,0.38273308888522595
Maxchi,453,501,B,AG,BF1,0.3718210152649648
Maxchi,368,415,B,AG,C2U,0.5276259496480485
Maxchi,452,510,B,AG,cpx,1.740053025812698e-05
Maxchi,405,457,B,01A1,BC,0.00018501639287445823
Maxchi,418,466,B,01B,BC,8.114466131041534e-05
Maxchi,3422,3474,B,01C,BC,0.2498764124185117
Maxchi,406,452,B,02B,BC,0.21815241859688964
Maxchi,8771,8819,B,A1D,BC,0.032969381244220025
Maxchi,435,484,B,A2D,BC,0.009740122405271884
Maxchi,3608,3657,B,A5U,BC,0.19344349849617715
Maxchi,3921,3969,B,BC,BF1,0.6365702710137531
Maxchi,3450,3503,B,BC,BG,0.04123603140394829
Maxchi,4645,4693,B,BC,CD,0.01954961968242028
Maxchi,2228,2277,B,BC,CPZ,0.07196067358182946
Maxchi,444,496,B,01A1,BF,0.00698101664950212
Maxchi,444,496,B,01B,BF,0.0013015993776376556
Maxchi,410,466,B,02B,BF,0.14750525362623956
Maxchi,443,496,B,A2D,BF,0.0024922721091885517
Maxchi,395,451,B,AD,BF,0.0054742379722186735
Maxchi,444,496,B,02B,BF1,0.002444092113489658
Maxchi,385,442,B,01A1,BG,9.805905877948192e-05
Maxchi,392,435,B,01B,BG,0.00027737450181313135
Maxchi,453,516,B,A2D,BG,1.664208662311115e-08
Maxchi,401,455,B,01A1,C,0.0004305640573599427
Maxchi,417,464,B,01B,C,0.35226143734015647
Maxchi,389,439,B,02B,C,0.18532630419857582
Maxchi,405,461,B,A2D,C,2.6340119835386526e-05
Maxchi,401,451,B,AE,C,0.6238744298062968
Maxchi,368,415,B,AG,C,0.21022004327694005
Maxchi,5123,5198,B,BC,C,0.0015861852215881009
Maxchi,3875,3922,B,BF1,C,0.5254677904123166
Maxchi,3510,3560,B,BG,C,0.10015750147176712
Maxchi,3851,3900,B,C,DF,0.09099113508979113
Maxchi,333,382,B,C,F2,0.4245873525849071
Maxchi,8872,8906,B,C,J,0.5355124804214658
Maxchi,367,421,B,C,K,0.018496786682893052
Maxchi,8899,8907,B,C,cpx,0.001138095584674928
Maxchi,424,481,B,02B,CD,0.06011846354949153
Maxchi,8826,8874,B,02G,CD,2.7888995688159826e-17
Maxchi,499,549,B,01C,D,0.6587062373590036
Maxchi,442,495,B,02A,D,0.008153607857268126
Maxchi,689,739,B,02B,D,1.0
Maxchi,401,453,B,02G,D,0.002947756459029625
Maxchi,546,599,B,A2D,D,0.00022152514553069167
Maxchi,540,592,B,AD,D,0.5106463985452859
Maxchi,458,505,B,BF,D,0.0018315945719889347
Maxchi,505,551,B,BF1,D,0.4680507617884445
Maxchi,434,489,B,C2U,D,0.023095258185181575
Maxchi,877,937,B,CD,D,0.15032345547866408
Maxchi,336,373,B,CPZ,D,0.09489018810166382
Maxchi,755,817,B,D,DF,0.013715829890337813
Maxchi,458,505,B,D,F1,0.0018315945719889347
Maxchi,441,490,B,D,G,0.010387360861852175
Maxchi,463,515,B,D,H,0.003378453060406757
Maxchi,497,554,B,D,J,0.42329744289899895
Maxchi,497,554,B,D,L,0.3122121398941613
Maxchi,401,454,B,D,cpx,0.0921933658447624
Maxchi,418,467,B,02B,DF,0.04943537870899749
Maxchi,3935,3977,B,02G,DF,0.37786926528655906
Maxchi,4597,4646,B,BC,DF,0.06862611372928061
Maxchi,444,496,B,01A1,F1,0.00698101664950212
Maxchi,444,496,B,01B,F1,0.0013015993776376556
Maxchi,444,496,B,02B,F1,0.002444092113489658
Maxchi,443,496,B,A2D,F1,0.0024922721091885517
Maxchi,395,451,B,AD,F1,0.02140438462029117
Maxchi,443,496,B,AE,F1,0.003554421026784216
Maxchi,454,501,B,AG,F1,0.41302244179633285
Maxchi,445,498,B,F1,F2,0.007104580825332236
Maxchi,452,501,B,01B,F2,0.03989425809237361
Maxchi,454,507,B,01C,F2,0.0006517350284670094
Maxchi,494,547,B,02B,F2,0.006162954764031188
Maxchi,334,384,B,A1D,F2,0.7064241454056421
Maxchi,516,568,B,A2D,F2,0.0628249949646146
Maxchi,393,454,B,A5U,F2,8.68307300331866e-09
Maxchi,443,495,B,AD,F2,0.534991496592453
Maxchi,452,497,B,AE,F2,0.06032924477422394
Maxchi,443,495,B,AG,F2,0.02207300189752454
Maxchi,404,457,B,BC,F2,0.4975765894718892
Maxchi,445,498,B,BF1,F2,0.007104580825332236
Maxchi,508,563,B,F2,K,0.04265837458432595
Maxchi,496,545,B,F2,L,0.0003752588929628269
Maxchi,442,503,B,01A1,G,0.10283853399734726
Maxchi,449,498,B,01B,G,0.26949136870208057
Maxchi,445,493,B,A2D,G,0.22067136191984324
Maxchi,449,498,B,AE,G,0.45571432401694
Maxchi,448,504,B,AG,G,0.05333685282913989
Maxchi,3336,3386,B,BC,G,0.2971465303484674
Maxchi,451,508,B,G,K,3.762306290507838e-05
Maxchi,406,461,B,01B,H,0.029945820149151415
Maxchi,406,462,B,A2D,H,0.00034918990350158574
Maxchi,4255,4290,B,BC,H,0.054397235304346404
Maxchi,394,450,B,H,K,0.0016426816549435477
Maxchi,413,472,B,01B,J,0.10354890410293692
Maxchi,412,471,B,02B,J,0.07722711060184698
Maxchi,495,547,B,A2D,J,0.0008435586215650179
Maxchi,413,471,B,AG,J,0.0001281405391145466
Maxchi,8852,8896,B,BC,J,0.06613552239547969
Maxchi,498,544,B,BF,J,0.0013536793727780064
Maxchi,418,474,B,J,K,0.010376928513117787
Maxchi,8900,8920,B,J,cpx,0.03634180030248867
Maxchi,453,509,B,01A1,K,0.012982972930050131
Maxchi,496,547,B,01B,K,0.00025428467579304817
Maxchi,419,462,B,02A,K,0.09932323210427291
Maxchi,443,496,B,02B,K,0.14384292348399957
Maxchi,398,442,B,02G,K,0.07888530302601765
Maxchi,340,391,B,A1D,K,0.03353951182489896
Maxchi,463,516,B,A2D,K,0.003914243121173532
Maxchi,406,460,B,A5U,K,2.835678221774547e-07
Maxchi,443,496,B,AD,K,0.0365857676642557
Maxchi,496,547,B,AE,K,0.00025428467579304817
Maxchi,443,496,B,AG,K,0.0365857676642557
Maxchi,421,474,B,BC,K,0.010053946924862547
Maxchi,464,505,B,BF,K,0.008532691358833666
Maxchi,385,446,B,BG,K,7.494737892337306e-06
Maxchi,419,471,B,C2U,K,0.5717953339741051
Maxchi,364,416,B,CPZ,K,0.6085596065681729
Maxchi,419,470,B,DF,K,2.659261855078662e-05
Maxchi,406,460,B,K,L,0.0001883773738774027
Maxchi,447,496,B,01A1,L,0.09649680249339898
Maxchi,400,457,B,01B,L,0.17768312697181937
Maxchi,442,495,B,A2D,L,0.005125489443759879
Maxchi,453,501,B,01A1,cpx,0.31221638834331633
Maxchi,388,448,B,02B,cpx,0.013064240033837259
Maxchi,395,452,B,A2D,cpx,0.00016125930172413978
Maxchi,3336,3386,B,BC,cpx,0.2971465303484674
Maxchi,450,503,B.FR.83.HXBLAI_IIIB_BRU.K03455,01A1,01C,0.04050365219922398
Maxchi,446,495,B.FR.83.HXBLAI_IIIB_BRU.K03455,01A1,02A,0.009890929739899744
Maxchi,451,504,B.FR.83.HXBLAI_IIIB_BRU.K03455,01A1,02B,0.1549702771303749
Maxchi,450,503,B.FR.83.HXBLAI_IIIB_BRU.K03455,01A1,02G,0.04050365219922398
Maxchi,446,495,B.FR.83.HXBLAI_IIIB_BRU.K03455,01A1,A1D,0.009890929739899744
Maxchi,397,456,B.FR.83.HXBLAI_IIIB_BRU.K03455,01A1,A5U,0.05093598300730399
Maxchi,294,338,B.FR.83.HXBLAI_IIIB_BRU.K03455,01A1,AD,0.030212365071589885
Maxchi,446,495,B.FR.83.HXBLAI_IIIB_BRU.K03455,01A1,C2U,0.009890929739899744
Maxchi,313,362,B.FR.83.HXBLAI_IIIB_BRU.K03455,01A1,CPZ,0.011217424440873904
Maxchi,464,514,B.FR.83.HXBLAI_IIIB_BRU.K03455,01A1,01B,0.14539319955769606
Maxchi,453,504,B.FR.83.HXBLAI_IIIB_BRU.K03455,01B,01C,0.0018685138910348941
Maxchi,417,467,B.FR.83.HXBLAI_IIIB_BRU.K03455,01B,02A,5.889354147865257e-06
Maxchi,453,504,B.FR.83.HXBLAI_IIIB_BRU.K03455,01B,02G,0.00427935046398839
Maxchi,413,465,B.FR.83.HXBLAI_IIIB_BRU.K03455,01B,A2D,7.053514253250004e-07
Maxchi,412,460,B.FR.83.HXBLAI_IIIB_BRU.K03455,01B,A5U,4.515786059286766e-05
Maxchi,397,452,B.FR.83.HXBLAI_IIIB_BRU.K03455,01B,AD,0.003285702271580257
Maxchi,418,469,B.FR.83.HXBLAI_IIIB_BRU.K03455,01B,BF1,4.7075289038982824e-05
Maxchi,401,453,B.FR.83.HXBLAI_IIIB_BRU.K03455,01B,C2U,0.0018685138910348941
Maxchi,340,389,B.FR.83.HXBLAI_IIIB_BRU.K03455,01B,CPZ,0.0006691632771382325
Maxchi,486,538,B.FR.83.HXBLAI_IIIB_BRU.K03455,01C,02A,0.0002984336305786591
Maxchi,417,471,B.FR.83.HXBLAI_IIIB_BRU.K03455,02A,02B,0.00012083957174801307
Maxchi,400,443,B.FR.83.HXBLAI_IIIB_BRU.K03455,01C,02B,0.004901615839150811
Maxchi,310,360,B.FR.83.HXBLAI_IIIB_BRU.K03455,02B,CPZ,0.08782728379058734
Maxchi,493,542,B.FR.83.HXBLAI_IIIB_BRU.K03455,01C,02G,1.7119527096551035e-06
Maxchi,435,504,B.FR.83.HXBLAI_IIIB_BRU.K03455,02B,02G,1.1125886570284671e-07
Maxchi,459,498,B.FR.83.HXBLAI_IIIB_BRU.K03455,01A1,A,0.02377802815846995
Maxchi,412,466,B.FR.83.HXBLAI_IIIB_BRU.K03455,01B,A,0.14954135458461107
Maxchi,511,563,B.FR.83.HXBLAI_IIIB_BRU.K03455,01C,A,0.07437734325249158
Maxchi,441,486,B.FR.83.HXBLAI_IIIB_BRU.K03455,02B,A,0.266116339320951
Maxchi,497,560,B.FR.83.HXBLAI_IIIB_BRU.K03455,A,A1,0.14230856754392993
Maxchi,458,482,B.FR.83.HXBLAI_IIIB_BRU.K03455,A,A3,0.008276455009494718
Maxchi,412,466,B.FR.83.HXBLAI_IIIB_BRU.K03455,A,AD,0.0002098123003215831
Maxchi,412,466,B.FR.83.HXBLAI_IIIB_BRU.K03455,A,AE,0.20120398589876398
Maxchi,413,467,B.FR.83.HXBLAI_IIIB_BRU.K03455,A,AG,1.8905466088176923e-08
Maxchi,3452,3505,B.FR.83.HXBLAI_IIIB_BRU.K03455,A,BC,0.4903931825421469
Maxchi,3923,3974,B.FR.83.HXBLAI_IIIB_BRU.K03455,A,C,0.12667287772966282
Maxchi,483,528,B.FR.83.HXBLAI_IIIB_BRU.K03455,A,D,0.035751743676472596
Maxchi,393,450,B.FR.83.HXBLAI_IIIB_BRU.K03455,A,K,0.0007030196939860888
Maxchi,486,540,B.FR.83.HXBLAI_IIIB_BRU.K03455,01A1,A1,0.03766692222862869
Maxchi,450,503,B.FR.83.HXBLAI_IIIB_BRU.K03455,01B,A1,0.05051582192098474
Maxchi,397,450,B.FR.83.HXBLAI_IIIB_BRU.K03455,01C,A1,0.05051582192098474
Maxchi,450,503,B.FR.83.HXBLAI_IIIB_BRU.K03455,02A,A1,0.05051582192098474
Maxchi,450,503,B.FR.83.HXBLAI_IIIB_BRU.K03455,02B,A1,0.05051582192098474
Maxchi,395,450,B.FR.83.HXBLAI_IIIB_BRU.K03455,02G,A1,0.011236436084936212
Maxchi,402,452,B.FR.83.HXBLAI_IIIB_BRU.K03455,A1,A1D,0.2214397326720097
Maxchi,393,453,B.FR.83.HXBLAI_IIIB_BRU.K03455,A1,A2,1.86567858749773e-05
Maxchi,463,512,B.FR.83.HXBLAI_IIIB_BRU.K03455,A1,A2D,0.2121319088036629
Maxchi,397,450,B.FR.83.HXBLAI_IIIB_BRU.K03455,A1,A3,0.05051582192098474
Maxchi,411,459,B.FR.83.HXBLAI_IIIB_BRU.K03455,A1,A5U,0.00013173386627009137
Maxchi,413,467,B.FR.83.HXBLAI_IIIB_BRU.K03455,A1,A6,0.0305520081944832
Maxchi,433,486,B.FR.83.HXBLAI_IIIB_BRU.K03455,A1,AD,0.10972459659904743
Maxchi,450,503,B.FR.83.HXBLAI_IIIB_BRU.K03455,A1,AE,0.05051582192098474
Maxchi,433,486,B.FR.83.HXBLAI_IIIB_BRU.K03455,A1,AG,0.10972459659904743
Maxchi,459,511,B.FR.83.HXBLAI_IIIB_BRU.K03455,A1,B,0.024974679293054206
Maxchi,385,442,B.FR.83.HXBLAI_IIIB_BRU.K03455,A1,BG,9.805905877948192e-05
Maxchi,397,450,B.FR.83.HXBLAI_IIIB_BRU.K03455,A1,C,0.05051582192098474
Maxchi,397,450,B.FR.83.HXBLAI_IIIB_BRU.K03455,A1,C2U,0.05051582192098474
Maxchi,433,480,B.FR.83.HXBLAI_IIIB_BRU.K03455,A1,CD,0.05634568321284017
Maxchi,313,362,B.FR.83.HXBLAI_IIIB_BRU.K03455,A1,CPZ,0.05826510723027464
Maxchi,463,511,B.FR.83.HXBLAI_IIIB_BRU.K03455,A1,D,0.008586355576884554
Maxchi,415,464,B.FR.83.HXBLAI_IIIB_BRU.K03455,A1,DF,0.18177820453157364
Maxchi,397,441,B.FR.83.HXBLAI_IIIB_BRU.K03455,A1,G,0.0007604165885138159
Maxchi,412,464,B.FR.83.HXBLAI_IIIB_BRU.K03455,A1,H,0.09035734147241459
Maxchi,413,467,B.FR.83.HXBLAI_IIIB_BRU.K03455,A1,J,0.051692402494324385
Maxchi,398,453,B.FR.83.HXBLAI_IIIB_BRU.K03455,A1,K,0.00031470004770165914
Maxchi,426,477,B.FR.83.HXBLAI_IIIB_BRU.K03455,A1,L,0.11793010316487021
Maxchi,405,453,B.FR.83.HXBLAI_IIIB_BRU.K03455,A1,cpx,0.5213834099237704
Maxchi,399,452,B.FR.83.HXBLAI_IIIB_BRU.K03455,01B,A2,0.43063580464290885
Maxchi,412,465,B.FR.83.HXBLAI_IIIB_BRU.K03455,A2,A3,0.0006291579431746393
Maxchi,3830,3875,B.FR.83.HXBLAI_IIIB_BRU.K03455,A2,A5U,0.37707564502770063
Maxchi,394,453,B.FR.83.HXBLAI_IIIB_BRU.K03455,A2,AD,0.00018307720981811717
Maxchi,388,434,B.FR.83.HXBLAI_IIIB_BRU.K03455,A2,AG,0.5838163978863669
Maxchi,3343,3400,B.FR.83.HXBLAI_IIIB_BRU.K03455,A2,BG,0.053565925766421926
Maxchi,398,456,B.FR.83.HXBLAI_IIIB_BRU.K03455,A2,F2,6.094635231753945e-07
Maxchi,6769,6815,B.FR.83.HXBLAI_IIIB_BRU.K03455,A2,cpx,0.04854894584614527
Maxchi,414,467,B.FR.83.HXBLAI_IIIB_BRU.K03455,01A1,A2D,1.7768291753071368e-05
Maxchi,413,465,B.FR.83.HXBLAI_IIIB_BRU.K03455,A1D,A2D,1.5832112449611048e-07
Maxchi,412,460,B.FR.83.HXBLAI_IIIB_BRU.K03455,A2D,A5U,3.733241740515218e-07
Maxchi,397,452,B.FR.83.HXBLAI_IIIB_BRU.K03455,A2D,C2U,1.946659379709656e-05
Maxchi,397,450,B.FR.83.HXBLAI_IIIB_BRU.K03455,01A1,A3,0.029637249207239483
Maxchi,397,450,B.FR.83.HXBLAI_IIIB_BRU.K03455,01B,A3,0.029637249207239483
Maxchi,397,450,B.FR.83.HXBLAI_IIIB_BRU.K03455,01C,A3,0.029637249207239483
Maxchi,397,450,B.FR.83.HXBLAI_IIIB_BRU.K03455,02A,A3,0.029637249207239483
Maxchi,389,439,B.FR.83.HXBLAI_IIIB_BRU.K03455,02B,A3,0.0415651498373117
Maxchi,397,450,B.FR.83.HXBLAI_IIIB_BRU.K03455,02G,A3,0.029637249207239483
Maxchi,397,450,B.FR.83.HXBLAI_IIIB_BRU.K03455,A1D,A3,0.029637249207239483
Maxchi,405,458,B.FR.83.HXBLAI_IIIB_BRU.K03455,A3,A5U,0.0646183081834429
Maxchi,463,512,B.FR.83.HXBLAI_IIIB_BRU.K03455,A3,A6,0.02449966425104342
Maxchi,450,503,B.FR.83.HXBLAI_IIIB_BRU.K03455,A3,AD,0.007847899061729736
Maxchi,397,450,B.FR.83.HXBLAI_IIIB_BRU.K03455,A3,AE,0.029637249207239483
Maxchi,450,503,B.FR.83.HXBLAI_IIIB_BRU.K03455,A3,AG,0.007847899061729736
Maxchi,438,489,B.FR.83.HXBLAI_IIIB_BRU.K03455,A3,B,0.01384314260686828
Maxchi,397,450,B.FR.83.HXBLAI_IIIB_BRU.K03455,A3,BF1,0.029637249207239483
Maxchi,347,401,B.FR.83.HXBLAI_IIIB_BRU.K03455,A3,C,0.2852285150326257
Maxchi,401,445,B.FR.83.HXBLAI_IIIB_BRU.K03455,A3,CD,0.056310279553237336
Maxchi,397,450,B.FR.83.HXBLAI_IIIB_BRU.K03455,A3,D,0.029637249207239483
Maxchi,402,452,B.FR.83.HXBLAI_IIIB_BRU.K03455,A3,DF,0.007717784138101647
Maxchi,370,427,B.FR.83.HXBLAI_IIIB_BRU.K03455,A3,G,0.0005421562470695175
Maxchi,405,453,B.FR.83.HXBLAI_IIIB_BRU.K03455,A3,J,0.0008388230760533814
Maxchi,450,503,B.FR.83.HXBLAI_IIIB_BRU.K03455,A3,cpx,0.007847899061729736
Maxchi,467,520,B.FR.83.HXBLAI_IIIB_BRU.K03455,01C,A5U,0.010631241009302324
Maxchi,413,459,B.FR.83.HXBLAI_IIIB_BRU.K03455,02B,A5U,0.0005679790481949106
Maxchi,2997,3045,B.FR.83.HXBLAI_IIIB_BRU.K03455,02G,A5U,0.08085559837005234
Maxchi,413,460,B.FR.83.HXBLAI_IIIB_BRU.K03455,A5U,AD,4.0589807639152854e-08
Maxchi,3369,3418,B.FR.83.HXBLAI_IIIB_BRU.K03455,A5U,C2U,0.340195300682
Maxchi,413,467,B.FR.83.HXBLAI_IIIB_BRU.K03455,01A1,A6,0.013129604783199958
Maxchi,467,520,B.FR.83.HXBLAI_IIIB_BRU.K03455,01B,A6,0.2233114151937494
Maxchi,412,468,B.FR.83.HXBLAI_IIIB_BRU.K03455,02B,A6,0.004677734981047276
Maxchi,413,467,B.FR.83.HXBLAI_IIIB_BRU.K03455,A6,AD,0.0012392549253576498
Maxchi,467,520,B.FR.83.HXBLAI_IIIB_BRU.K03455,A6,AE,0.10343822707297481
Maxchi,412,466,B.FR.83.HXBLAI_IIIB_BRU.K03455,A6,AG,1.039693800070653e-09
Maxchi,447,496,B.FR.83.HXBLAI_IIIB_BRU.K03455,A6,F2,0.09230740537980751
Maxchi,393,450,B.FR.83.HXBLAI_IIIB_BRU.K03455,A6,K,0.0008410661524745975
Maxchi,419,462,B.FR.83.HXBLAI_IIIB_BRU.K03455,01C,AD,0.048375914213304214
Maxchi,400,461,B.FR.83.HXBLAI_IIIB_BRU.K03455,02A,AD,0.16840579409669487
Maxchi,451,504,B.FR.83.HXBLAI_IIIB_BRU.K03455,02B,AD,0.1549702771303749
Maxchi,392,454,B.FR.83.HXBLAI_IIIB_BRU.K03455,02G,AD,0.005402649169998869
Maxchi,397,454,B.FR.83.HXBLAI_IIIB_BRU.K03455,A1D,AD,0.04351542499553306
Maxchi,394,448,B.FR.83.HXBLAI_IIIB_BRU.K03455,AD,C2U,0.10998558666182459
Maxchi,453,504,B.FR.83.HXBLAI_IIIB_BRU.K03455,01A1,AE,0.0018685138910348941
Maxchi,464,514,B.FR.83.HXBLAI_IIIB_BRU.K03455,01B,AE,0.14539319955769606
Maxchi,453,504,B.FR.83.HXBLAI_IIIB_BRU.K03455,01C,AE,0.0018685138910348941
Maxchi,416,464,B.FR.83.HXBLAI_IIIB_BRU.K03455,02A,AE,0.08085559837005234
Maxchi,340,388,B.FR.83.HXBLAI_IIIB_BRU.K03455,02B,AE,0.009160242773296894
Maxchi,453,504,B.FR.83.HXBLAI_IIIB_BRU.K03455,02G,AE,0.0012618487273813213
Maxchi,359,405,B.FR.83.HXBLAI_IIIB_BRU.K03455,A1D,AE,0.12823233764319114
Maxchi,412,460,B.FR.83.HXBLAI_IIIB_BRU.K03455,A5U,AE,4.515786059286766e-05
Maxchi,397,452,B.FR.83.HXBLAI_IIIB_BRU.K03455,AD,AE,0.003285702271580257
Maxchi,398,451,B.FR.83.HXBLAI_IIIB_BRU.K03455,AE,AG,7.694634963475578e-05
Maxchi,392,438,B.FR.83.HXBLAI_IIIB_BRU.K03455,AE,BG,0.01841606298580196
Maxchi,338,389,B.FR.83.HXBLAI_IIIB_BRU.K03455,AE,C2U,0.2536030627380825
Maxchi,438,483,B.FR.83.HXBLAI_IIIB_BRU.K03455,AE,CD,0.17469856239356363
Maxchi,311,360,B.FR.83.HXBLAI_IIIB_BRU.K03455,AE,CPZ,0.10196826574360565
Maxchi,416,465,B.FR.83.HXBLAI_IIIB_BRU.K03455,AE,DF,0.06280961517859225
Maxchi,405,453,B.FR.83.HXBLAI_IIIB_BRU.K03455,AE,cpx,0.5509849875850935
Maxchi,414,465,B.FR.83.HXBLAI_IIIB_BRU.K03455,01A1,AG,6.655120738788062e-06
Maxchi,340,389,B.FR.83.HXBLAI_IIIB_BRU.K03455,01B,AG,0.0006691632771382325
Maxchi,453,504,B.FR.83.HXBLAI_IIIB_BRU.K03455,01C,AG,0.0021390506749636986
Maxchi,411,471,B.FR.83.HXBLAI_IIIB_BRU.K03455,02A,AG,0.030608297297771314
Maxchi,465,516,B.FR.83.HXBLAI_IIIB_BRU.K03455,02B,AG,6.655120738788062e-06
Maxchi,442,485,B.FR.83.HXBLAI_IIIB_BRU.K03455,02G,AG,0.304969370938858
Maxchi,405,450,B.FR.83.HXBLAI_IIIB_BRU.K03455,A1D,AG,0.263252261316611
Maxchi,413,465,B.FR.83.HXBLAI_IIIB_BRU.K03455,A2D,AG,1.5832112449611048e-07
Maxchi,413,461,B.FR.83.HXBLAI_IIIB_BRU.K03455,A5U,AG,5.933355453311035e-08
Maxchi,451,504,B.FR.83.HXBLAI_IIIB_BRU.K03455,AD,AG,7.694634963475578e-05
Maxchi,453,501,B.FR.83.HXBLAI_IIIB_BRU.K03455,AG,BF1,0.3718210152649648
Maxchi,435,478,B.FR.83.HXBLAI_IIIB_BRU.K03455,AG,BG,4.953980371687381e-05
Maxchi,339,386,B.FR.83.HXBLAI_IIIB_BRU.K03455,AG,CPZ,0.01065105355838772
Maxchi,401,453,B.FR.83.HXBLAI_IIIB_BRU.K03455,AG,DF,0.0006570721511554054
Maxchi,452,510,B.FR.83.HXBLAI_IIIB_BRU.K03455,AG,cpx,1.740053025812698e-05
Maxchi,493,547,B.FR.83.HXBLAI_IIIB_BRU.K03455,01A1,B,0.4297547676964516
Maxchi,489,540,B.FR.83.HXBLAI_IIIB_BRU.K03455,01B,B,0.005220075988861687
Maxchi,412,468,B.FR.83.HXBLAI_IIIB_BRU.K03455,02B,B,0.015333862540743492
Maxchi,510,568,B.FR.83.HXBLAI_IIIB_BRU.K03455,A2D,B,0.22654533147454936
Maxchi,464,514,B.FR.83.HXBLAI_IIIB_BRU.K03455,AE,B,0.14539319955769606
Maxchi,5584,5605,B.FR.83.HXBLAI_IIIB_BRU.K03455,B,BC,7.73882081537238e-09
Maxchi,5571,5637,B.FR.83.HXBLAI_IIIB_BRU.K03455,B,BF,1.847655432065543e-08
Maxchi,8876,8940,B.FR.83.HXBLAI_IIIB_BRU.K03455,B,BG,0.007076189672032198
Maxchi,4836,4885,B.FR.83.HXBLAI_IIIB_BRU.K03455,B,C,0.3370473265200802
Maxchi,967,981,B.FR.83.HXBLAI_IIIB_BRU.K03455,B,D,0.011016305041484178
Maxchi,443,496,B.FR.83.HXBLAI_IIIB_BRU.K03455,B,K,0.09395867862903085
Maxchi,397,446,B.FR.83.HXBLAI_IIIB_BRU.K03455,01A1,BC,0.009890929739899744
Maxchi,405,452,B.FR.83.HXBLAI_IIIB_BRU.K03455,01B,BC,0.1511017663329229
Maxchi,389,439,B.FR.83.HXBLAI_IIIB_BRU.K03455,02B,BC,0.0415651498373117
Maxchi,3287,3336,B.FR.83.HXBLAI_IIIB_BRU.K03455,A1D,BC,0.726338697648762
Maxchi,413,465,B.FR.83.HXBLAI_IIIB_BRU.K03455,A2D,BC,7.053514253250004e-07
Maxchi,3428,3475,B.FR.83.HXBLAI_IIIB_BRU.K03455,A5U,BC,0.6442072413844713
Maxchi,338,400,B.FR.83.HXBLAI_IIIB_BRU.K03455,AD,BC,0.16840579409669487
Maxchi,3284,3341,B.FR.83.HXBLAI_IIIB_BRU.K03455,BC,BG,0.0914670980533126
Maxchi,4521,4569,B.FR.83.HXBLAI_IIIB_BRU.K03455,BC,CD,0.38273308888522595
Maxchi,1711,1775,B.FR.83.HXBLAI_IIIB_BRU.K03455,BC,CPZ,0.010080079357191301
Maxchi,418,469,B.FR.83.HXBLAI_IIIB_BRU.K03455,01B,BF,1.626741090194923e-05
Maxchi,417,474,B.FR.83.HXBLAI_IIIB_BRU.K03455,02B,BF1,0.019812711473003747
Maxchi,446,495,B.FR.83.HXBLAI_IIIB_BRU.K03455,01A1,BG,0.009890929739899744
Maxchi,392,438,B.FR.83.HXBLAI_IIIB_BRU.K03455,01B,BG,0.01841606298580196
Maxchi,3745,3781,B.FR.83.HXBLAI_IIIB_BRU.K03455,02G,BG,0.33014617981586275
Maxchi,453,516,B.FR.83.HXBLAI_IIIB_BRU.K03455,A2D,BG,1.664208662311115e-08
Maxchi,446,495,B.FR.83.HXBLAI_IIIB_BRU.K03455,01A1,C,0.009890929739899744
Maxchi,405,451,B.FR.83.HXBLAI_IIIB_BRU.K03455,01B,C,0.4238047575676316
Maxchi,7851,7909,B.FR.83.HXBLAI_IIIB_BRU.K03455,02A,C,0.06854177626725383
Maxchi,413,465,B.FR.83.HXBLAI_IIIB_BRU.K03455,A2D,C,7.053514253250004e-07
Maxchi,338,389,B.FR.83.HXBLAI_IIIB_BRU.K03455,AE,C,0.2536030627380825
Maxchi,4836,4885,B.FR.83.HXBLAI_IIIB_BRU.K03455,BC,C,0.1993753192590406
Maxchi,8772,8823,B.FR.83.HXBLAI_IIIB_BRU.K03455,BF1,C,0.00698101664950212
Maxchi,3351,3406,B.FR.83.HXBLAI_IIIB_BRU.K03455,BG,C,0.012427794706046684
Maxchi,413,462,B.FR.83.HXBLAI_IIIB_BRU.K03455,C,D,0.04024229728421672
Maxchi,8709,8762,B.FR.83.HXBLAI_IIIB_BRU.K03455,C,F1,0.1671093434469513
Maxchi,491,532,B.FR.83.HXBLAI_IIIB_BRU.K03455,C,J,0.05294503999422952
Maxchi,379,433,B.FR.83.HXBLAI_IIIB_BRU.K03455,C,K,0.34712792835150597
Maxchi,417,471,B.FR.83.HXBLAI_IIIB_BRU.K03455,02B,CD,0.3089393335930595
Maxchi,395,450,B.FR.83.HXBLAI_IIIB_BRU.K03455,AD,CD,0.015159353132027608
Maxchi,462,511,B.FR.83.HXBLAI_IIIB_BRU.K03455,01A1,D,0.04024229728421672
Maxchi,401,457,B.FR.83.HXBLAI_IIIB_BRU.K03455,A5U,D,0.0015233633416843395
Maxchi,463,511,B.FR.83.HXBLAI_IIIB_BRU.K03455,AD,D,0.008586355576884554
Maxchi,463,511,B.FR.83.HXBLAI_IIIB_BRU.K03455,AE,D,0.008586355576884554
Maxchi,463,511,B.FR.83.HXBLAI_IIIB_BRU.K03455,AG,D,0.008586355576884554
Maxchi,414,463,B.FR.83.HXBLAI_IIIB_BRU.K03455,BC,D,0.008586355576884554
Maxchi,495,547,B.FR.83.HXBLAI_IIIB_BRU.K03455,BF,D,0.0007563285572116887
Maxchi,413,481,B.FR.83.HXBLAI_IIIB_BRU.K03455,BF1,D,0.010309351972763784
Maxchi,414,463,B.FR.83.HXBLAI_IIIB_BRU.K03455,C2U,D,0.008586355576884554
Maxchi,754,817,B.FR.83.HXBLAI_IIIB_BRU.K03455,CD,D,0.07135321211950375
Maxchi,489,540,B.FR.83.HXBLAI_IIIB_BRU.K03455,D,DF,0.15713638788150552
Maxchi,453,498,B.FR.83.HXBLAI_IIIB_BRU.K03455,D,F2,0.5478897995168903
Maxchi,451,500,B.FR.83.HXBLAI_IIIB_BRU.K03455,D,G,0.041859321913875
Maxchi,411,466,B.FR.83.HXBLAI_IIIB_BRU.K03455,D,H,0.05247111740927405
Maxchi,413,467,B.FR.83.HXBLAI_IIIB_BRU.K03455,D,J,0.018905840778331837
Maxchi,463,511,B.FR.83.HXBLAI_IIIB_BRU.K03455,D,K,0.008586355576884554
Maxchi,482,537,B.FR.83.HXBLAI_IIIB_BRU.K03455,D,L,0.09234025327424898
Maxchi,438,483,B.FR.83.HXBLAI_IIIB_BRU.K03455,01A1,DF,0.05157161056402523
Maxchi,401,454,B.FR.83.HXBLAI_IIIB_BRU.K03455,AD,DF,0.00201239123019915
Maxchi,4591,4645,B.FR.83.HXBLAI_IIIB_BRU.K03455,BF,DF,0.2854939045250652
Maxchi,4486,4532,B.FR.83.HXBLAI_IIIB_BRU.K03455,BF1,DF,0.15185546055028654
Maxchi,450,503,B.FR.83.HXBLAI_IIIB_BRU.K03455,01A1,F1,0.04050365219922398
Maxchi,391,442,B.FR.83.HXBLAI_IIIB_BRU.K03455,AE,F1,0.4132125666168054
Maxchi,438,495,B.FR.83.HXBLAI_IIIB_BRU.K03455,F1,F2,0.17394005710411126
Maxchi,432,489,B.FR.83.HXBLAI_IIIB_BRU.K03455,F1,K,0.2737754650434242
Maxchi,335,384,B.FR.83.HXBLAI_IIIB_BRU.K03455,02A,F2,0.19817431957246448
Maxchi,322,370,B.FR.83.HXBLAI_IIIB_BRU.K03455,02G,F2,0.1485617748918646
Maxchi,342,392,B.FR.83.HXBLAI_IIIB_BRU.K03455,A1D,F2,0.384088249473852
Maxchi,397,455,B.FR.83.HXBLAI_IIIB_BRU.K03455,A5U,F2,1.1790630220598e-05
Maxchi,391,442,B.FR.83.HXBLAI_IIIB_BRU.K03455,AE,F2,0.4132125666168054
Maxchi,384,433,B.FR.83.HXBLAI_IIIB_BRU.K03455,BC,F2,0.6526480471013878
Maxchi,432,492,B.FR.83.HXBLAI_IIIB_BRU.K03455,BF1,F2,0.23300705447073788
Maxchi,417,469,B.FR.83.HXBLAI_IIIB_BRU.K03455,BG,F2,0.00015053026903075257
Maxchi,311,358,B.FR.83.HXBLAI_IIIB_BRU.K03455,CPZ,F2,0.31672250521880724
Maxchi,418,469,B.FR.83.HXBLAI_IIIB_BRU.K03455,F2,K,5.2932910131029366e-05
Maxchi,446,495,B.FR.83.HXBLAI_IIIB_BRU.K03455,01A1,G,0.009890929739899744
Maxchi,392,438,B.FR.83.HXBLAI_IIIB_BRU.K03455,01B,G,0.01841606298580196
Maxchi,387,445,B.FR.83.HXBLAI_IIIB_BRU.K03455,02B,G,0.022328551064985463
Maxchi,397,452,B.FR.83.HXBLAI_IIIB_BRU.K03455,A2D,G,3.1686511535421804e-05
Maxchi,369,427,B.FR.83.HXBLAI_IIIB_BRU.K03455,AD,G,0.021494114919598226
Maxchi,392,438,B.FR.83.HXBLAI_IIIB_BRU.K03455,AE,G,0.01841606298580196
Maxchi,392,438,B.FR.83.HXBLAI_IIIB_BRU.K03455,AG,G,0.007728440534271546
Maxchi,466,529,B.FR.83.HXBLAI_IIIB_BRU.K03455,G,J,0.17563607583319502
Maxchi,385,436,B.FR.83.HXBLAI_IIIB_BRU.K03455,G,K,0.07946527559107461
Maxchi,448,502,B.FR.83.HXBLAI_IIIB_BRU.K03455,01A1,H,0.08015512322173826
Maxchi,451,502,B.FR.83.HXBLAI_IIIB_BRU.K03455,01B,H,0.10935607087446286
Maxchi,391,447,B.FR.83.HXBLAI_IIIB_BRU.K03455,02B,H,0.0019227677881793913
Maxchi,406,462,B.FR.83.HXBLAI_IIIB_BRU.K03455,A2D,H,0.00034918990350158574
Maxchi,451,502,B.FR.83.HXBLAI_IIIB_BRU.K03455,AE,H,0.10935607087446286
Maxchi,394,453,B.FR.83.HXBLAI_IIIB_BRU.K03455,AG,H,0.00017202886493939196
Maxchi,394,450,B.FR.83.HXBLAI_IIIB_BRU.K03455,H,K,0.0016426816549435477
Maxchi,413,467,B.FR.83.HXBLAI_IIIB_BRU.K03455,01A1,J,0.015027119071634693
Maxchi,453,501,B.FR.83.HXBLAI_IIIB_BRU.K03455,01B,J,0.00070045528872755
Maxchi,462,521,B.FR.83.HXBLAI_IIIB_BRU.K03455,02A,J,0.005156477486274674
Maxchi,468,517,B.FR.83.HXBLAI_IIIB_BRU.K03455,A2D,J,3.831002403481018e-06
Maxchi,487,539,B.FR.83.HXBLAI_IIIB_BRU.K03455,A5U,J,0.0009701315241544568
Maxchi,462,520,B.FR.83.HXBLAI_IIIB_BRU.K03455,BC,J,0.015874892183389173
Maxchi,462,520,B.FR.83.HXBLAI_IIIB_BRU.K03455,BG,J,0.002097271861250468
Maxchi,403,455,B.FR.83.HXBLAI_IIIB_BRU.K03455,J,K,0.00015919522329417462
Maxchi,303,356,B.FR.83.HXBLAI_IIIB_BRU.K03455,01A1,K,0.33477069906565676
Maxchi,340,389,B.FR.83.HXBLAI_IIIB_BRU.K03455,01B,K,0.0006691632771382325
Maxchi,392,443,B.FR.83.HXBLAI_IIIB_BRU.K03455,02B,K,0.29958423873250595
Maxchi,340,391,B.FR.83.HXBLAI_IIIB_BRU.K03455,A1D,K,0.47687850374060836
Maxchi,413,463,B.FR.83.HXBLAI_IIIB_BRU.K03455,A2D,K,9.619745290331376e-06
Maxchi,340,389,B.FR.83.HXBLAI_IIIB_BRU.K03455,AE,K,0.0022159082058219046
Maxchi,354,403,B.FR.83.HXBLAI_IIIB_BRU.K03455,BC,K,0.7468519977400863
Maxchi,385,446,B.FR.83.HXBLAI_IIIB_BRU.K03455,BG,K,7.494737892337306e-06
Maxchi,417,467,B.FR.83.HXBLAI_IIIB_BRU.K03455,C2U,K,0.6835897065103371
Maxchi,418,469,B.FR.83.HXBLAI_IIIB_BRU.K03455,CD,K,1.9238448533611214e-05
Maxchi,307,357,B.FR.83.HXBLAI_IIIB_BRU.K03455,CPZ,K,0.2214397326720097
Maxchi,426,477,B.FR.83.HXBLAI_IIIB_BRU.K03455,01A1,L,0.48184188580704335
Maxchi,400,460,B.FR.83.HXBLAI_IIIB_BRU.K03455,01B,L,0.16112494928904772
Maxchi,477,527,B.FR.83.HXBLAI_IIIB_BRU.K03455,01C,L,0.3295968105397996
Maxchi,426,477,B.FR.83.HXBLAI_IIIB_BRU.K03455,02B,L,0.10940654216277196
Maxchi,463,516,B.FR.83.HXBLAI_IIIB_BRU.K03455,A2D,L,2.580030852421029e-05
Maxchi,439,508,B.FR.83.HXBLAI_IIIB_BRU.K03455,AD,L,0.012957304690931929
Maxchi,458,514,B.FR.83.HXBLAI_IIIB_BRU.K03455,AE,L,0.07263180800038568
Maxchi,453,501,B.FR.83.HXBLAI_IIIB_BRU.K03455,01A1,cpx,0.31221638834331633
Maxchi,452,503,B.FR.83.HXBLAI_IIIB_BRU.K03455,01B,cpx,0.6758530735146087
Maxchi,483,499,B.FR.83.HXBLAI_IIIB_BRU.K03455,01C,cpx,0.010832530227860095
Maxchi,388,448,B.FR.83.HXBLAI_IIIB_BRU.K03455,02B,cpx,0.013064240033837259
Maxchi,375,419,B.FR.83.HXBLAI_IIIB_BRU.K03455,AD,cpx,0.008393206046397083
Maxchi,405,456,BC,01A1,01C,6.099905113951777e-05
Maxchi,354,402,BC,01A1,02A,0.3708717873881089
Maxchi,457,506,BC,01A1,02B,0.00011261614760835495
Maxchi,412,468,BC,01A1,02G,0.2133177375621874
Maxchi,347,401,BC,01A1,A1D,0.159003948736483
Maxchi,411,459,BC,01A1,A5U,0.00013173386627009137
Maxchi,435,482,BC,01A1,AD,0.014474060541232084
Maxchi,400,452,BC,01A1,C2U,0.02843095654029689
Maxchi,306,356,BC,01A1,CPZ,0.12282264810139186
Maxchi,434,482,BC,01A1,01B,0.00047760831889735164
Maxchi,472,508,BC,01B,01C,0.1456100953968629
Maxchi,401,451,BC,01B,02A,0.47950012218695337
Maxchi,395,442,BC,01B,02B,0.21022004327694005
Maxchi,396,453,BC,01B,02G,0.5124823875789866
Maxchi,406,453,BC,01B,A1D,0.5763344851038643
Maxchi,413,465,BC,01B,A2D,8.051460469273072e-05
Maxchi,412,460,BC,01B,A5U,4.515786059286766e-05
Maxchi,401,451,BC,01B,AD,0.47950012218695337
Maxchi,353,403,BC,01B,BF1,0.020637558243972173
Maxchi,401,451,BC,01B,C2U,0.47950012218695337
Maxchi,306,356,BC,01B,CPZ,0.19824140526109246
Maxchi,1575,1625,BC,01C,CPZ,0.000772826835778285
Maxchi,475,516,BC,01C,02A,2.88549293530269e-06
Maxchi,405,453,BC,02A,02B,0.003162763790369105
Maxchi,400,454,BC,01C,02B,0.2005148200799194
Maxchi,307,357,BC,02B,CPZ,0.26736414320364627
Maxchi,465,517,BC,01C,02G,7.086672692316499e-06
Maxchi,339,397,BC,02B,02G,0.001852922131150302
Maxchi,437,477,BC,A,D,0.16879327539718536
Maxchi,450,504,BC,02A,A1,0.006249477882326379
Maxchi,411,459,BC,A1,A5U,0.00013173386627009137
Maxchi,413,459,BC,A1,A6,0.08427706926761482
Maxchi,442,498,BC,A1,BG,2.7454784324267634e-05
Maxchi,411,467,BC,A1,F1,0.08483090341832063
Maxchi,437,489,BC,A1,G,0.051337341073952575
Maxchi,418,466,BC,A1,K,0.018215438582467734
Maxchi,402,449,BC,01A1,A2,0.27824325719109
Maxchi,384,434,BC,01B,A2,0.0415651498373117
Maxchi,384,434,BC,A2,AG,0.2761284746961425
Maxchi,413,465,BC,01A1,A2D,8.051460469273072e-05
Maxchi,354,403,BC,02A,A2D,0.7139739198406779
Maxchi,412,460,BC,A2D,A5U,3.733241740515218e-07
Maxchi,435,484,BC,A2D,AD,0.004031780648283041
Maxchi,406,459,BC,01B,A3,8.919414082569427e-06
Maxchi,396,454,BC,01C,A3,0.22429348554934736
Maxchi,403,453,BC,02A,A3,0.6357140551738975
Maxchi,459,512,BC,A3,AE,8.919414082569427e-06
Maxchi,459,512,BC,A3,AG,8.919414082569427e-06
Maxchi,385,440,BC,A3,BG,4.1794266694338326e-05
Maxchi,3159,3206,BC,01C,A5U,0.09870636529904679
Maxchi,3275,3327,BC,02A,A5U,0.17291923809921497
Maxchi,405,454,BC,02B,A5U,0.6622662229323552
Maxchi,2958,2990,BC,02G,A5U,0.00038818828195773806
Maxchi,3267,3327,BC,A1D,A5U,0.020712236372072007
Maxchi,413,460,BC,A5U,AD,4.0589807639152854e-08
Maxchi,3284,3341,BC,A5U,BF1,0.0914670980533126
Maxchi,3509,3554,BC,A5U,C2U,0.5769050751497856
Maxchi,1761,1801,BC,A5U,CPZ,0.0010320139151629955
Maxchi,402,453,BC,01A1,A6,0.3168140075269767
Maxchi,389,406,BC,01B,A6,0.0020254262927095605
Maxchi,413,465,BC,A2D,A6,0.0004950305373285119
Maxchi,368,409,BC,A6,AE,0.06685650222008288
Maxchi,412,465,BC,A6,AG,4.038574862358607e-07
Maxchi,3337,3386,BC,A6,cpx,0.39850112291159456
Maxchi,419,462,BC,01C,AD,0.048375914213304214
Maxchi,407,454,BC,02A,AD,0.35446435363759254
Maxchi,406,456,BC,02B,AD,0.0004821829560023773
Maxchi,419,462,BC,02G,AD,0.18005456341886295
Maxchi,347,401,BC,A1D,AD,0.058749411323596124
Maxchi,404,460,BC,AD,C2U,0.17297282090261917
Maxchi,324,379,BC,AD,CPZ,0.053956587646988324
Maxchi,433,481,BC,01B,AE,0.0012518028738589915
Maxchi,451,499,BC,01C,AE,0.4599253615461518
Maxchi,398,442,BC,02A,AE,0.1757343356442213
Maxchi,396,453,BC,02G,AE,0.30581484816939386
Maxchi,347,391,BC,A1D,AE,0.19113760505641808
Maxchi,398,442,BC,AD,AE,0.1757343356442213
Maxchi,398,442,BC,AE,AG,0.1757343356442213
Maxchi,398,442,BC,AE,BG,0.1757343356442213
Maxchi,413,465,BC,01A1,AG,0.008759480176957485
Maxchi,412,465,BC,01C,AG,9.67722848084236e-06
Maxchi,411,471,BC,02A,AG,0.030608297297771314
Maxchi,455,485,BC,02G,AG,0.1354541315512624
Maxchi,347,401,BC,A1D,AG,0.2242125506341817
Maxchi,413,465,BC,A2D,AG,8.051460469273072e-05
Maxchi,413,461,BC,A5U,AG,5.933355453311035e-08
Maxchi,427,479,BC,AD,AG,0.01356909649623619
Maxchi,435,478,BC,AG,BG,4.953980371687381e-05
Maxchi,418,462,BC,AG,cpx,0.29398847687973517
Maxchi,479,520,BC,B,D,0.000136672059028204
Maxchi,401,454,BC,A1,B.FR.83.HXBLAI_IIIB_BRU.K03455,0.09094716201487248
Maxchi,4220,4255,BC,B.FR.83.HXBLAI_IIIB_BRU.K03455,BF,0.11384794563135825
Maxchi,353,403,BC,01B,BF,0.09619479668224264
Maxchi,3284,3341,BC,A5U,BF,0.0914670980533126
Maxchi,3272,3324,BC,BF,BG,0.11136048658353469
Maxchi,7914,7964,BC,01C,BF1,0.3057487934246431
Maxchi,6545,6598,BC,02A,BF1,0.008881890659593378
Maxchi,385,440,BC,01A1,BG,3.929656566875694e-05
Maxchi,401,451,BC,01B,BG,0.47950012218695337
Maxchi,3015,3068,BC,01C,BG,0.30099754727042904
Maxchi,3160,3219,BC,02A,BG,0.05822494988070689
Maxchi,406,454,BC,02B,BG,0.011071644553191868
Maxchi,3402,3454,BC,02G,BG,0.29795306160816476
Maxchi,385,442,BC,A2D,BG,3.987344432807616e-08
Maxchi,3159,3206,BC,A5U,BG,0.11843226458726126
Maxchi,441,496,BC,AD,BG,2.896765871729124e-05
Maxchi,3220,3272,BC,BF1,BG,0.11136048658353469
Maxchi,3284,3341,BC,BG,C2U,0.0914670980533126
Maxchi,406,452,BC,02B,C2U,0.21815241859688964
Maxchi,401,451,BC,01B,CD,0.3206838770773296
Maxchi,8069,8123,BC,01C,CD,0.07364619390523904
Maxchi,355,404,BC,02B,CD,0.40298694834941906
Maxchi,3288,3335,BC,A1D,CD,0.35226143734015647
Maxchi,410,460,BC,AD,CD,0.26945640515977404
Maxchi,3284,3341,BC,BG,CD,0.0914670980533126
Maxchi,482,546,BC,CD,D,0.07031411721575394
Maxchi,438,489,BC,D,DF,0.028836449667455216
Maxchi,410,463,BC,D,H,0.003378453060406757
Maxchi,410,459,BC,D,L,0.1041883751990496
Maxchi,3321,3374,BC,F1,J,0.030197062756109026
Maxchi,401,454,BC,A1D,F2,0.39083504297834193
Maxchi,394,454,BC,A5U,F2,2.5603173146935683e-09
Maxchi,384,433,BC,BF,F2,0.6526480471013878
Maxchi,378,434,BC,BF1,F2,0.006462709231672826
Maxchi,335,384,BC,DF,F2,0.4345562010159628
Maxchi,3341,3398,BC,A5U,G,0.0914670980533126
Maxchi,434,475,BC,AG,G,0.10813886151869037
Maxchi,3284,3335,BC,BF,J,0.7093926152120082
Maxchi,325,385,BC,01A1,K,0.23974930930882496
Maxchi,405,453,BC,01C,K,0.6018449674634234
Maxchi,335,377,BC,02G,K,0.1028745466447468
Maxchi,348,401,BC,A1D,K,0.09262076557413837
Maxchi,463,514,BC,A2D,K,0.014839842243708854
Maxchi,400,453,BC,A5U,K,0.023048589114152203
Maxchi,416,462,BC,AG,K,0.09292796060015808
Maxchi,392,443,BC,BF1,K,0.009988469341019053
Maxchi,417,467,BC,DF,K,0.6835897065103371
Maxchi,3817,3867,BC,BF,L,0.4632656949182179
Maxchi,425,494,BC,01A1,cpx,0.005757937288552974
Maxchi,3241,3291,BC,A5U,cpx,0.03739240538813958
Maxchi,410,462,BC,AD,cpx,0.07437734325249158
Maxchi,393,451,BF,01A1,01C,0.000850820275112529
Maxchi,393,451,BF,01A1,02A,0.000850820275112529
Maxchi,394,451,BF,01A1,02B,0.005270222853017792
Maxchi,393,451,BF,01A1,02G,0.000850820275112529
Maxchi,405,453,BF,01A1,A1D,0.26525656184531654
Maxchi,407,461,BF,01A1,A5U,0.0009152505823408146
Maxchi,394,451,BF,01A1,AD,0.0019049263495122147
Maxchi,443,496,BF,01A1,BF1,0.015399935732800468
Maxchi,393,451,BF,01A1,C2U,0.000850820275112529
Maxchi,305,354,BF,01A1,CPZ,0.7468519977400863
Maxchi,444,496,BF,01A1,01B,0.0013015993776376556
Maxchi,444,496,BF,01B,01C,0.0013015993776376556
Maxchi,420,464,BF,01B,02A,0.1190478390815985
Maxchi,410,466,BF,01B,02B,0.14750525362623956
Maxchi,443,493,BF,01B,02G,0.0018351723996428394
Maxchi,354,407,BF,01B,A1D,0.04095825260280486
Maxchi,412,460,BF,01B,A5U,4.515786059286766e-05
Maxchi,354,397,BF,01B,AD,0.05078320563710831
Maxchi,486,538,BF,01C,02A,0.0002984336305786591
Maxchi,417,465,BF,02A,02B,0.004759573346023724
Maxchi,410,466,BF,01C,02B,0.14750525362623956
Maxchi,309,358,BF,02B,CPZ,0.10196826574360565
Maxchi,493,542,BF,01C,02G,1.7119527096551035e-06
Maxchi,6767,6812,BF,02A,02G,0.0026370580064847267
Maxchi,435,504,BF,02B,02G,1.1125886570284671e-07
Maxchi,465,516,BF,A,A2D,2.5940742549494534e-05
Maxchi,444,496,BF,01A1,A1,0.0204755038283593
Maxchi,354,397,BF,01B,A1,0.05078320563710831
Maxchi,360,414,BF,02A,A1,0.4623005529918929
Maxchi,413,465,BF,A1,A2,0.0001433996985618295
Maxchi,407,462,BF,A1,A2D,0.00023092391622201014
Maxchi,411,459,BF,A1,A5U,0.00013173386627009137
Maxchi,476,504,BF,A1,A6,0.1712658680997437
Maxchi,442,498,BF,A1,BG,2.7454784324267634e-05
Maxchi,3281,3341,BF,A2,A5U,0.14848760095460248
Maxchi,407,462,BF,01A1,A2D,0.00023092391622201014
Maxchi,407,462,BF,A2D,AD,0.00023092391622201014
Maxchi,407,462,BF,A2D,C2U,0.00023092391622201014
Maxchi,417,467,BF,02A,A3,0.016859358483873304
Maxchi,412,463,BF,A3,A6,0.0011783850112514662
Maxchi,411,459,BF,A3,AE,0.38273308888522595
Maxchi,467,521,BF,01C,A5U,0.008363693759999218
Maxchi,3454,3504,BF,02G,A5U,0.07663565310274525
Maxchi,413,460,BF,A5U,AD,4.0589807639152854e-08
Maxchi,1759,1802,BF,A5U,CPZ,0.00480221638530134
Maxchi,444,496,BF,01A1,A6,0.00698101664950212
Maxchi,450,505,BF,01B,A6,0.09826550544569602
Maxchi,414,459,BF,02B,A6,0.03216275871676809
Maxchi,434,484,BF,A6,AD,0.03705621856411898
Maxchi,451,505,BF,A6,AE,0.21419302571912488
Maxchi,485,532,BF,A6,AG,2.337022555902927e-06
Maxchi,417,465,BF,01C,AD,0.21986893044484188
Maxchi,416,464,BF,02A,AD,0.21986893044484188
Maxchi,410,466,BF,02B,AD,0.14750525362623956
Maxchi,419,462,BF,02G,AD,0.18005456341886295
Maxchi,405,453,BF,A1D,AD,0.4385780260809997
Maxchi,307,356,BF,AD,CPZ,0.6156893171046582
Maxchi,444,496,BF,01A1,AE,0.0013015993776376556
Maxchi,416,464,BF,02A,AE,0.08085559837005234
Maxchi,443,493,BF,02G,AE,0.0007421842888034797
Maxchi,354,407,BF,A1D,AE,0.09395867862903085
Maxchi,354,397,BF,AD,AE,0.12644763356667546
Maxchi,397,440,BF,AE,BG,0.04019130749721493
Maxchi,342,392,BF,01A1,AG,0.3236781609070136
Maxchi,404,453,BF,02A,AG,0.5247876515257845
Maxchi,468,516,BF,02G,AG,0.1485617748918646
Maxchi,405,453,BF,A1D,AG,0.6018449674634234
Maxchi,407,462,BF,A2D,AG,0.00023092391622201014
Maxchi,413,461,BF,A5U,AG,5.933355453311035e-08
Maxchi,413,458,BF,AD,AG,0.34939695894700495
Maxchi,392,435,BF,AG,BG,4.953980371687381e-05
Maxchi,420,465,BF,AG,cpx,0.29480199193370177
Maxchi,496,544,BF,B,F2,2.9930622223033832e-05
Maxchi,457,504,BF,B.FR.83.HXBLAI_IIIB_BRU.K03455,F2,0.017736593319281933
Maxchi,431,489,BF,B.FR.83.HXBLAI_IIIB_BRU.K03455,K,0.2981568491551996
Maxchi,360,414,BF,01A1,BC,0.3151229974217652
Maxchi,360,414,BF,A2D,BC,0.635393816299618
Maxchi,7864,7914,BF,02A,BF1,7.402320460146392e-05
Maxchi,444,496,BF,02B,BF1,0.002444092113489658
Maxchi,394,451,BF,01A1,BG,0.0002562932179337185
Maxchi,394,441,BF,01B,BG,0.040664956689662635
Maxchi,354,410,BF,02B,BG,0.026720729767797213
Maxchi,3616,3651,BF,02G,BG,0.490743506947141
Maxchi,6706,6759,BF,A1D,BG,0.21472861094820414
Maxchi,384,436,BF,AD,BG,0.07250236800323447
Maxchi,360,414,BF,01A1,C,0.3151229974217652
Maxchi,360,414,BF,A2D,C,0.635393816299618
Maxchi,499,506,BF,CD,D,0.001204809302744891
Maxchi,464,505,BF,D,K,0.008532691358833666
Maxchi,496,545,BF,DF,F2,0.0007517483636357952
Maxchi,451,507,BF,01A1,G,0.0002562932179337185
Maxchi,3341,3397,BF,BC,G,0.017676482567974282
Maxchi,393,451,BF,01A1,J,0.000850820275112529
Maxchi,8767,8815,BF,CD,J,0.0015762980804633975
Maxchi,416,480,BF,A5U,K,0.16231314907025352
Maxchi,393,451,BF,01A1,cpx,0.000850820275112529
Maxchi,414,459,BF,01B,cpx,0.30112285404966205
Maxchi,449,504,BF1,01A1,02G,0.0014995024269110295
Maxchi,496,547,BF1,01A1,AD,0.0025854430718900306
Maxchi,496,547,BF1,01A1,01B,0.0010699807884825595
Maxchi,423,464,BF1,01B,02A,0.16639348418425495
Maxchi,377,424,BF1,01B,02G,0.17657505071161458
Maxchi,338,391,BF1,01B,AD,0.14584124474209786
Maxchi,486,538,BF1,01C,02A,0.0002984336305786591
Maxchi,411,466,BF1,02A,02B,0.051876200778283636
Maxchi,6612,6663,BF1,02A,C2U,0.44658718684176446
Maxchi,410,466,BF1,01C,02B,0.23517828782465305
Maxchi,493,542,BF1,01C,02G,1.7119527096551035e-06
Maxchi,6767,6812,BF1,02A,02G,0.0014189555299717576
Maxchi,397,454,BF1,02B,02G,0.0015320360405165806
Maxchi,465,516,BF1,A,A2D,2.5940742549494534e-05
Maxchi,8814,8877,BF1,A,C,2.3493420981513663e-10
Maxchi,496,547,BF1,01A1,A1,0.0025854430718900306
Maxchi,411,467,BF1,02A,A1,0.036307388610389964
Maxchi,443,496,BF1,A1,A2D,0.0024922721091885517
Maxchi,411,459,BF1,A1,A5U,0.0005195076846622699
Maxchi,476,504,BF1,A1,A6,0.1712658680997437
Maxchi,442,498,BF1,A1,BG,2.7454784324267634e-05
Maxchi,358,409,BF1,02B,A1D,0.40617807171861586
Maxchi,338,391,BF1,01C,A3,0.40218965755360103
Maxchi,417,467,BF1,02A,A3,0.04694472697848181
Maxchi,405,454,BF1,A1D,A3,0.029042195818757027
Maxchi,413,463,BF1,A3,A6,0.03545213766499872
Maxchi,475,536,BF1,01A1,A6,0.1474926049692597
Maxchi,450,505,BF1,01B,A6,0.09826550544569602
Maxchi,434,484,BF1,A6,AD,0.03705621856411898
Maxchi,451,505,BF1,A6,AE,0.21419302571912488
Maxchi,485,532,BF1,A6,AG,2.337022555902927e-06
Maxchi,416,464,BF1,02A,AD,0.08085559837005234
Maxchi,419,462,BF1,02G,AD,0.18005456341886295
Maxchi,416,464,BF1,02A,AE,0.21986893044484188
Maxchi,406,452,BF1,A1D,AE,0.26535989960293105
Maxchi,444,496,BF1,01A1,AG,0.023540058261177926
Maxchi,443,496,BF1,01C,AG,0.01739636912370352
Maxchi,404,453,BF1,02A,AG,0.3718210152649648
Maxchi,468,516,BF1,02G,AG,0.1485617748918646
Maxchi,405,453,BF1,A1D,AG,0.44334548244919714
Maxchi,443,496,BF1,AD,AG,0.009091822511222088
Maxchi,392,435,BF1,AG,BG,4.953980371687381e-05
Maxchi,464,505,BF1,B,K,0.010368207147910032
Maxchi,431,489,BF1,B.FR.83.HXBLAI_IIIB_BRU.K03455,K,0.14979879118414138
Maxchi,442,498,BF1,01A1,BG,0.0001651689478100826
Maxchi,3779,3825,BF1,02G,BG,0.31547535181590936
Maxchi,441,496,BF1,AD,BG,2.896765871729124e-05
Maxchi,8825,8883,BF1,C,L,2.5945255202748035e-06
Maxchi,354,410,BF1,02B,C2U,0.026720729767797213
Maxchi,499,506,BF1,CD,D,0.001204809302744891
Maxchi,451,507,BF1,01A1,G,0.0006663080746142137
Maxchi,431,503,BF1,01A1,J,1.3928261652762253e-05
Maxchi,405,454,BF1,01A1,cpx,0.49771661424307434
Maxchi,414,459,BF1,01B,cpx,0.30112285404966205
Maxchi,426,477,BG,01A1,01C,0.12496456077606814
Maxchi,449,504,BG,01A1,02A,0.02764471890120681
Maxchi,413,465,BG,01A1,02G,1.3519692138113623e-05
Maxchi,411,459,BG,01A1,A5U,0.0005195076846622699
Maxchi,315,363,BG,01A1,CPZ,0.04769611403345673
Maxchi,477,528,BG,01A1,01B,0.3343819588178233
Maxchi,459,516,BG,01B,01C,0.05055980061957457
Maxchi,401,459,BG,01B,02A,0.0025742708686921586
Maxchi,412,460,BG,01B,A5U,4.515786059286766e-05
Maxchi,411,464,BG,01B,AD,0.0007878259043322992
Maxchi,392,435,BG,01B,BF1,0.00027737450181313135
Maxchi,315,370,BG,01B,CPZ,0.03328390113526078
Maxchi,486,538,BG,01C,02A,2.937120420477593e-05
Maxchi,426,474,BG,02A,02B,0.5581846494226572
Maxchi,394,446,BG,01C,02B,0.017948467920387956
Maxchi,360,410,BG,02B,CPZ,0.2214397326720097
Maxchi,4509,4561,BG,02A,02G,0.08983008622848132
Maxchi,3764,3804,BG,02G,A1D,0.40327378109091183
Maxchi,3854,3912,BG,02G,C2U,0.1280890975850256
Maxchi,426,477,BG,A1,AG,0.09232654595631008
Maxchi,3921,3970,BG,A2,A5U,0.39795210511647483
Maxchi,3578,3628,BG,A2,F1,0.15729920705028105
Maxchi,3872,3921,BG,A2,H,0.39795210511647483
Maxchi,3371,3433,BG,A2,J,0.0012358311575286158
Maxchi,3654,3699,BG,A2,cpx,0.2737455057877127
Maxchi,460,520,BG,01A1,A2D,6.287094375845423e-05
Maxchi,385,443,BG,02B,A2D,2.0114988758207108e-08
Maxchi,390,453,BG,A1D,A2D,1.664208662311115e-08
Maxchi,460,520,BG,A2D,AD,6.287094375845423e-05
Maxchi,390,453,BG,A2D,BF1,1.664208662311115e-08
Maxchi,467,521,BG,01C,A5U,0.008363693759999218
Maxchi,394,444,BG,02B,A5U,1.1576826329956625e-07
Maxchi,4309,4341,BG,02G,A5U,0.2519732887030862
Maxchi,3341,3400,BG,A5U,BF1,0.021561043676624585
Maxchi,467,520,BG,01A1,A6,0.0245691391723457
Maxchi,507,554,BG,01C,A6,0.24846425738706346
Maxchi,467,520,BG,A6,AD,8.824933007591009e-05
Maxchi,413,467,BG,A6,AG,1.7964270609093423e-08
Maxchi,394,450,BG,01C,AD,0.0001192722094204379
Maxchi,451,508,BG,02A,AD,0.00030533544878242496
Maxchi,394,451,BG,02B,AD,0.00030533544878242496
Maxchi,450,506,BG,AD,C2U,0.0001192722094204379
Maxchi,325,377,BG,AD,CPZ,0.41861783318204016
Maxchi,401,459,BG,02A,AE,0.0025742708686921586
Maxchi,391,444,BG,A1D,AE,0.522296186933991
Maxchi,400,454,BG,A5U,AE,7.029933749811492e-06
Maxchi,411,464,BG,AD,AE,0.0007878259043322992
Maxchi,392,435,BG,AE,BF1,0.0001135027216531705
Maxchi,392,440,BG,AE,CD,0.13982446765734657
Maxchi,448,495,BG,AE,cpx,0.5283937239430686
Maxchi,465,516,BG,01A1,AG,0.001291334031845992
Maxchi,413,465,BG,02A,AG,0.000631293611661166
Maxchi,391,454,BG,A5U,AG,1.2230601464513253e-10
Maxchi,413,465,BG,AD,AG,0.000631293611661166
Maxchi,3860,3915,BG,02G,B,0.006046051064435367
Maxchi,394,451,BG,AD,B,0.00030533544878242496
Maxchi,435,478,BG,AG,B,4.953980371687381e-05
Maxchi,410,464,BG,B,D,0.001900893250446667
Maxchi,333,383,BG,B,F2,0.40081416938293435
Maxchi,449,498,BG,01C,B.FR.83.HXBLAI_IIIB_BRU.K03455,0.043022025150708396
Maxchi,392,438,BG,02B,B.FR.83.HXBLAI_IIIB_BRU.K03455,0.0005236663675869767
Maxchi,369,427,BG,A3,B.FR.83.HXBLAI_IIIB_BRU.K03455,0.0003628648635758311
Maxchi,394,451,BG,AD,B.FR.83.HXBLAI_IIIB_BRU.K03455,0.00030533544878242496
Maxchi,410,464,BG,B.FR.83.HXBLAI_IIIB_BRU.K03455,D,0.001900893250446667
Maxchi,6610,6660,BG,02A,BF,0.832379985289894
Maxchi,445,498,BG,01C,BF1,0.00539637866264702
Maxchi,406,454,BG,02B,BF1,0.011071644553191868
Maxchi,3343,3400,BG,BF1,C2U,0.2605362683684981
Maxchi,360,411,BG,02B,C,0.05963381992197272
Maxchi,3454,3504,BG,BF,C,0.2971465303484674
Maxchi,3610,3655,BG,C,CD,0.5629009764538906
Maxchi,3160,3219,BG,C,DF,0.050006847859337816
Maxchi,3655,3699,BG,C,L,0.5629009764538906
Maxchi,3099,3154,BG,01C,C2U,0.03388128026169099
Maxchi,392,438,BG,02B,C2U,0.0005236663675869767
Maxchi,445,495,BG,01B,CD,0.0995488720508791
Maxchi,449,498,BG,01C,CD,0.043022025150708396
Maxchi,386,445,BG,02B,CD,0.021259274857123485
Maxchi,385,440,BG,01C,D,3.1231755709006684e-05
Maxchi,461,500,BG,CD,D,0.15075490956012208
Maxchi,459,502,BG,D,DF,0.015617487977649632
Maxchi,401,455,BG,D,F2,0.008828760952818624
Maxchi,453,501,BG,D,J,0.00018810372551626679
Maxchi,468,520,BG,A2D,DF,0.00013445816057602162
Maxchi,392,438,BG,02B,F1,0.231620521839165
Maxchi,418,469,BG,F1,F2,0.0011973219040717531
Maxchi,386,446,BG,F1,K,3.916554492214471e-06
Maxchi,386,440,BG,01C,F2,0.08326451666355042
Maxchi,399,429,BG,02A,F2,0.03107142051226475
Maxchi,390,453,BG,A2D,F2,1.664208662311115e-08
Maxchi,394,454,BG,A5U,F2,2.5603173146935683e-09
Maxchi,394,450,BG,AD,F2,0.0001192722094204379
Maxchi,417,469,BG,BF1,F2,0.0005860988138395323
Maxchi,417,469,BG,CD,F2,3.8885560784717e-05
Maxchi,417,469,BG,DF,F2,5.513918972880333e-05
Maxchi,451,501,BG,01B,H,0.03415271576237718
Maxchi,392,447,BG,02B,H,0.0004169390725639756
Maxchi,411,466,BG,AD,H,0.0008058175514042346
Maxchi,450,498,BG,AE,H,0.05425250653405397
Maxchi,392,441,BG,02B,J,0.061841697846053235
Maxchi,503,555,BG,J,L,0.0025825908547732904
Maxchi,382,431,BG,01C,K,0.47766393016165465
Maxchi,403,453,BG,A1D,K,0.058781721355358516
Maxchi,407,462,BG,A2D,K,1.3099890161331122e-05
Maxchi,369,429,BG,A5U,K,5.424417654922715e-06
Maxchi,385,446,BG,BF,K,7.494737892337306e-06
Maxchi,385,446,BG,BF1,K,7.494737892337306e-06
Maxchi,365,415,BG,C2U,K,0.005042059343118673
Maxchi,385,437,BG,DF,K,0.11760129499462614
Maxchi,477,528,BG,01C,L,0.29958423873250595
Maxchi,459,516,BG,A2D,L,4.278741488780278e-06
Maxchi,448,495,BG,01B,cpx,0.30167356278645896
Maxchi,391,438,BG,02B,cpx,0.0007601885176724265
Maxchi,392,447,BG,AD,cpx,0.04811979554007802
Maxchi,401,455,C,01A1,01C,0.0004305640573599427
Maxchi,401,455,C,01A1,02A,0.0004305640573599427
Maxchi,215,265,C,01A1,02B,0.15729920705028105
Maxchi,449,504,C,01A1,02G,0.0014995024269110295
Maxchi,347,401,C,01A1,A1D,0.159003948736483
Maxchi,411,459,C,01A1,A5U,0.00013173386627009137
Maxchi,401,455,C,01A1,AD,0.0026403524585074875
Maxchi,316,363,C,01A1,CPZ,0.29134901833941595
Maxchi,434,482,C,01A1,01B,0.0008916686178623348
Maxchi,472,508,C,01B,01C,0.1456100953968629
Maxchi,434,475,C,01B,02A,7.865339843200839e-07
Maxchi,317,368,C,01B,02B,0.29958423873250595
Maxchi,417,466,C,01B,02G,0.277339031200013
Maxchi,406,452,C,01B,A1D,0.39164382861578273
Maxchi,405,461,C,01B,A2D,2.6340119835386526e-05
Maxchi,412,460,C,01B,A5U,4.515786059286766e-05
Maxchi,338,389,C,01B,AD,0.49977671588041317
Maxchi,360,413,C,01B,C2U,0.008032622660192694
Maxchi,475,516,C,01C,02A,2.88549293530269e-06
Maxchi,411,466,C,02A,02B,0.011895311145813242
Maxchi,8729,8775,C,02A,C2U,2.3418437266054188e-05
Maxchi,380,412,C,01C,02B,0.027524850701751168
Maxchi,307,357,C,02B,CPZ,0.3787390059308726
Maxchi,465,516,C,01C,02G,3.375064811409232e-06
Maxchi,435,504,C,02B,02G,1.1125886570284671e-07
Maxchi,8907,8927,C,02G,C2U,0.30490178817878544
Maxchi,438,491,C,A,D,0.1461994018905941
Maxchi,435,482,C,01A1,A1,0.008169047029457093
Maxchi,450,504,C,02A,A1,0.006249477882326379
Maxchi,411,459,C,A1,A5U,0.00013173386627009137
Maxchi,414,473,C,A1,A6,0.10414771351923849
Maxchi,411,467,C,A1,F1,0.08483090341832063
Maxchi,360,414,C,A1,K,0.3248226459221932
Maxchi,385,432,C,01A1,A2,0.31672250521880724
Maxchi,3918,3969,C,A2,A5U,0.026959381824853888
Maxchi,337,394,C,A2,AD,0.2837967964902772
Maxchi,8762,8815,C,A2,BF1,0.11102207031920647
Maxchi,8666,8717,C,A2,J,0.5416219902266856
Maxchi,405,461,C,01A1,A2D,2.6340119835386526e-05
Maxchi,398,451,C,01C,A2D,0.31685194547048773
Maxchi,412,465,C,02A,A2D,0.11089375062592209
Maxchi,387,434,C,02G,A2D,0.25048676190055036
Maxchi,412,460,C,A2D,A5U,3.733241740515218e-07
Maxchi,405,461,C,A2D,AD,2.6340119835386526e-05
Maxchi,391,442,C,01C,A3,0.17964038281379904
Maxchi,412,459,C,02A,A3,0.45016726340980706
Maxchi,397,454,C,A1D,A3,0.03549266193375471
Maxchi,3485,3528,C,02A,A5U,0.29917698254397096
Maxchi,411,467,C,02B,A5U,0.006611437029554475
Maxchi,3407,3458,C,A1D,A5U,0.6709769013831215
Maxchi,413,460,C,A5U,AD,4.0589807639152854e-08
Maxchi,3442,3485,C,A5U,BF1,0.29917698254397096
Maxchi,3971,4019,C,A5U,C2U,0.1580865602850551
Maxchi,2078,2126,C,A5U,CPZ,0.05960627929205458
Maxchi,414,473,C,01A1,A6,0.22424255534174425
Maxchi,413,465,C,A2D,A6,0.0004950305373285119
Maxchi,451,491,C,A6,AE,0.295715383430608
Maxchi,434,483,C,A6,AG,3.59016225599109e-06
Maxchi,8773,8824,C,A6,F1,0.1267643890857672
Maxchi,405,453,C,A6,K,0.39996426478030644
Maxchi,376,419,C,01C,AD,0.048375914213304214
Maxchi,403,449,C,02A,AD,0.08034195491172003
Maxchi,407,460,C,02B,AD,0.49457029969250155
Maxchi,419,462,C,02G,AD,0.18005456341886295
Maxchi,401,455,C,A1D,AD,0.058749411323596124
Maxchi,368,416,C,AD,BF1,0.37564791079050885
Maxchi,317,367,C,AD,CPZ,0.13765144889012593
Maxchi,401,455,C,01A1,AE,0.00022589003831835182
Maxchi,434,482,C,01B,AE,0.0008916686178623348
Maxchi,451,499,C,01C,AE,0.4599253615461518
Maxchi,434,475,C,02A,AE,1.8868619370882161e-07
Maxchi,368,417,C,02B,AE,0.021675367397392637
Maxchi,421,466,C,02G,AE,0.5452731000915976
Maxchi,406,452,C,A1D,AE,0.5504066652257602
Maxchi,405,461,C,A2D,AE,2.6340119835386526e-05
Maxchi,412,460,C,A5U,AE,4.515786059286766e-05
Maxchi,317,368,C,AD,AE,0.29958423873250595
Maxchi,340,389,C,AE,AG,0.5510046993834896
Maxchi,434,482,C,AE,BC,0.00047760831889735164
Maxchi,392,435,C,AE,BG,0.0001135027216531705
Maxchi,469,515,C,AE,cpx,0.03634268547073928
Maxchi,265,325,C,01A1,AG,0.16112494928904772
Maxchi,340,389,C,01B,AG,0.3868739706966583
Maxchi,387,424,C,01C,AG,0.19043026382552036
Maxchi,411,471,C,02A,AG,0.030608297297771314
Maxchi,392,450,C,02B,AG,0.02574320079358807
Maxchi,444,487,C,02G,AG,0.13823971778517535
Maxchi,347,401,C,A1D,AG,0.2242125506341817
Maxchi,416,464,C,A2D,AG,0.21986893044484188
Maxchi,413,461,C,A5U,AG,5.933355453311035e-08
Maxchi,415,462,C,AD,AG,0.4999339275971272
Maxchi,413,465,C,AG,BC,0.008759480176957485
Maxchi,435,478,C,AG,BG,4.953980371687381e-05
Maxchi,368,415,C,AG,C2U,0.5276259496480485
Maxchi,374,433,C,AG,cpx,0.001076830121835233
Maxchi,489,544,C,B,D,4.95237768357906e-05
Maxchi,3446,3480,C,A5U,B.FR.83.HXBLAI_IIIB_BRU.K03455,0.06343142528861113
Maxchi,389,439,C,AG,B.FR.83.HXBLAI_IIIB_BRU.K03455,0.384088249473852
Maxchi,3817,3865,C,B.FR.83.HXBLAI_IIIB_BRU.K03455,BF,0.6365702710137531
Maxchi,434,482,C,01A1,BC,0.004548916850116933
Maxchi,434,482,C,01B,BC,0.00047760831889735164
Maxchi,8894,8940,C,02A,BC,1.0
Maxchi,406,452,C,02B,BC,0.21815241859688964
Maxchi,435,484,C,A2D,BC,0.009740122405271884
Maxchi,4434,4489,C,A5U,BC,0.0597693468045382
Maxchi,435,482,C,AD,BC,0.014474060541232084
Maxchi,3974,4023,C,BC,BG,0.14311696578005778
Maxchi,4836,4885,C,BC,CD,0.7790466065202346
Maxchi,6570,6617,C,BC,CPZ,0.10351658241352575
Maxchi,3485,3528,C,A5U,BF,0.29917698254397096
Maxchi,368,416,C,AD,BF,0.5536385083390837
Maxchi,6683,6736,C,02A,BF1,8.938902353586967e-09
Maxchi,338,387,C,02B,BF1,0.14311696578005778
Maxchi,8303,8357,C,A1D,BF1,7.188586446706557e-05
Maxchi,442,498,C,01A1,BG,1.2427250095086015e-05
Maxchi,392,435,C,01B,BG,0.00027737450181313135
Maxchi,3160,3219,C,01C,BG,0.10641565280402052
Maxchi,3335,3401,C,02A,BG,0.028028197519366752
Maxchi,3751,3795,C,02G,BG,0.21260897481540908
Maxchi,3210,3253,C,A1D,BG,0.26747794551191867
Maxchi,385,443,C,A2D,BG,2.0114988758207108e-08
Maxchi,3343,3401,C,A5U,BG,0.015252104189761757
Maxchi,394,450,C,AD,BG,0.0001192722094204379
Maxchi,3343,3400,C,BF1,BG,0.14835091369859368
Maxchi,8233,8295,C,01C,CD,0.054824420479143564
Maxchi,8826,8874,C,02G,CD,2.7888995688159826e-17
Maxchi,8881,8940,C,BF1,CD,0.0016378874940625799
Maxchi,6404,6452,C,CD,CPZ,0.14572853320203635
Maxchi,434,477,C,01B,D,8.71208630018775e-06
Maxchi,368,417,C,01C,D,0.4359125049338396
Maxchi,368,417,C,02B,D,0.4359125049338396
Maxchi,434,477,C,AD,D,2.155890221767051e-06
Maxchi,417,466,C,AG,D,0.4359125049338396
Maxchi,491,547,C,BC,D,0.00033278896431181626
Maxchi,418,474,C,BF,D,1.1136985344455963e-06
Maxchi,410,464,C,BG,D,0.001900893250446667
Maxchi,434,477,C,C2U,D,8.71208630018775e-06
Maxchi,499,504,C,CD,D,0.00015436670050109164
Maxchi,501,543,C,D,DF,0.002362287248127689
Maxchi,418,474,C,D,F1,1.1136985344455963e-06
Maxchi,410,463,C,D,H,0.003378453060406757
Maxchi,417,465,C,D,K,0.25102903972682783
Maxchi,437,487,C,D,L,0.26945640515977404
Maxchi,368,413,C,D,cpx,0.4058959812121061
Maxchi,3281,3327,C,01C,DF,0.21815241859688964
Maxchi,3281,3327,C,A1D,DF,0.21815241859688964
Maxchi,3560,3610,C,A5U,DF,0.5951608515392368
Maxchi,6345,6394,C,CPZ,DF,0.1072620458839582
Maxchi,391,443,C,01B,F1,0.3546428629698567
Maxchi,8825,8877,C,02G,F1,2.994276646876429e-20
Maxchi,338,391,C,AE,F1,0.07450614430338962
Maxchi,389,439,C,AG,F1,0.26945640515977404
Maxchi,3560,3609,C,BG,F1,0.02492528357672978
Maxchi,4658,4704,C,DF,F1,0.3119924711454469
Maxchi,396,458,C,F1,F2,0.14773879677762897
Maxchi,8864,8902,C,F1,G,6.417387829552473e-07
Maxchi,415,465,C,F1,K,0.42583104376182557
Maxchi,8915,8940,C,F1,L,1.0
Maxchi,8919,8930,C,F1,cpx,0.00021282941901437717
Maxchi,333,383,C,01B,F2,0.39942503212000346
Maxchi,335,384,C,02A,F2,0.19817431957246448
Maxchi,329,384,C,02G,F2,0.23686805684539458
Maxchi,393,454,C,A5U,F2,8.68307300331866e-09
Maxchi,479,524,C,BC,F2,0.10358972186074082
Maxchi,333,382,C,BF,F2,0.4245873525849071
Maxchi,427,474,C,BF1,F2,0.23811848052679357
Maxchi,475,515,C,C2U,F2,0.038267072872184366
Maxchi,333,382,C,DF,F2,0.4245873525849071
Maxchi,333,382,C,F2,G,0.4245873525849071
Maxchi,418,474,C,F2,H,0.0006200944551421511
Maxchi,427,479,C,F2,L,0.00346907109319988
Maxchi,333,382,C,F2,cpx,0.4245873525849071
Maxchi,438,490,C,01A1,G,0.022897384455514876
Maxchi,392,441,C,01B,G,0.13800891784063768
Maxchi,4607,4654,C,02G,G,0.4132358730371336
Maxchi,3608,3657,C,A5U,G,0.3091160160674464
Maxchi,392,441,C,AE,G,0.13800891784063768
Maxchi,4597,4647,C,BC,G,0.2971465303484674
Maxchi,4597,4645,C,BG,G,0.06785004651805515
Maxchi,4266,4322,C,C2U,G,0.03164863096040291
Maxchi,3974,4025,C,CD,G,0.27892254528121196
Maxchi,365,415,C,G,K,0.0019311582481185267
Maxchi,391,447,C,02B,H,0.0019227677881793913
Maxchi,407,462,C,A2D,H,0.0005294930567809988
Maxchi,3971,4019,C,A5U,H,0.1580865602850551
Maxchi,415,462,C,AG,H,0.048663595377407574
Maxchi,3829,3877,C,BG,H,0.12380975192225617
Maxchi,4146,4206,C,H,J,0.14614161589630847
Maxchi,403,451,C,01B,J,0.5509849875850935
Maxchi,3279,3330,C,01C,J,0.24396471712824735
Maxchi,389,439,C,02B,J,0.0415651498373117
Maxchi,3320,3374,C,02G,J,0.1060551228984355
Maxchi,3285,3333,C,A1D,J,0.3708717873881089
Maxchi,403,451,C,AE,J,0.37953656419893844
Maxchi,8718,8767,C,BF,J,0.02952756938116147
Maxchi,3268,3335,C,BG,J,0.028028197519366752
Maxchi,3875,3923,C,CD,J,0.12524032237717475
Maxchi,8725,8775,C,DF,J,0.0037112428061260726
Maxchi,417,467,C,J,K,0.15729920705028105
Maxchi,8772,8825,C,J,cpx,0.32836670233459386
Maxchi,257,305,C,01A1,K,0.2962698714842834
Maxchi,335,384,C,01C,K,0.4735692508363174
Maxchi,390,439,C,02A,K,0.4972882352107647
Maxchi,334,384,C,A1D,K,0.26945640515977404
Maxchi,367,421,C,A2D,K,0.018496786682893052
Maxchi,417,467,C,A5U,K,0.009154084794146531
Maxchi,352,403,C,AD,K,0.49977671588041317
Maxchi,393,440,C,AE,K,0.11410709480862181
Maxchi,335,387,C,AG,K,0.6947567610106067
Maxchi,427,478,C,BC,K,0.03324081086279403
Maxchi,359,411,C,BF,K,0.6460523190432952
Maxchi,415,465,C,BF1,K,0.384088249473852
Maxchi,365,415,C,BG,K,0.005042059343118673
Maxchi,417,467,C,DF,K,0.6835897065103371
Maxchi,335,384,C,K,cpx,0.40298694834941906
Maxchi,414,463,C,02B,L,0.3122959631928275
Maxchi,8938,8940,C,L,cpx,0.007500846613018431
Maxchi,405,454,C,01A1,cpx,0.49771661424307434
Maxchi,469,515,C,01B,cpx,0.03634268547073928
Maxchi,8772,8825,C,02G,cpx,0.14331168104626893
Maxchi,339,395,C,A2D,cpx,0.4450087187467361
Maxchi,3446,3480,C,A5U,cpx,0.06343142528861113
Maxchi,410,462,C,AD,cpx,0.07437734325249158
Maxchi,8938,8940,C,DF,cpx,0.007500846613018431
Maxchi,265,313,C2U,01A1,AD,0.0849800447619531
Maxchi,434,486,C2U,01B,02A,0.00011249751795212783
Maxchi,406,452,C2U,01B,A1D,0.1628960037830196
Maxchi,313,360,C2U,01B,AD,0.04844168257040396
Maxchi,486,538,C2U,01C,02A,0.0002984336305786591
Maxchi,432,504,C2U,02A,02B,3.962616438891852e-05
Maxchi,347,404,C2U,01C,02B,0.07013910352437734
Maxchi,301,354,C2U,02B,CPZ,0.5135164878019188
Maxchi,451,497,C2U,A,D,0.11032768658826729
Maxchi,476,504,C2U,A1,A6,0.1712658680997437
Maxchi,417,466,C2U,A1,D,2.083100676496259e-06
Maxchi,413,465,C2U,01A1,A2,0.0019682121929670434
Maxchi,3920,3989,C2U,A2,A5U,0.005127735641819363
Maxchi,410,464,C2U,01A1,A2D,0.005770353412078525
Maxchi,411,464,C2U,A2D,AD,0.0019744047602813976
Maxchi,411,467,C2U,02A,A3,0.1879331883295818
Maxchi,401,454,C2U,02B,A3,0.1799312857533979
Maxchi,385,440,C2U,A3,BG,4.1794266694338326e-05
Maxchi,414,475,C2U,01A1,A6,0.1474926049692597
Maxchi,450,505,C2U,01B,A6,0.09826550544569602
Maxchi,413,465,C2U,A2D,A6,0.0004950305373285119
Maxchi,434,484,C2U,A6,AD,0.03705621856411898
Maxchi,451,505,C2U,A6,AE,0.21419302571912488
Maxchi,437,485,C2U,A6,AG,2.337022555902927e-06
Maxchi,419,462,C2U,02G,AD,0.18005456341886295
Maxchi,395,442,C2U,A1D,AD,0.040634888838157725
Maxchi,391,442,C2U,AD,BF1,0.017857514001159897
Maxchi,442,495,C2U,01B,AE,0.013842055425429359
Maxchi,433,486,C2U,02A,AE,0.00017213137667013942
Maxchi,406,452,C2U,A1D,AE,0.26535989960293105
Maxchi,442,495,C2U,AD,AE,0.010021461741241711
Maxchi,392,435,C2U,AE,BG,0.0001135027216531705
Maxchi,265,313,C2U,01A1,AG,0.0849800447619531
Maxchi,415,476,C2U,02A,AG,0.030529987979549266
Maxchi,406,448,C2U,02B,AG,0.3778216371000638
Maxchi,457,485,C2U,02G,AG,0.12081323063964812
Maxchi,405,451,C2U,A1D,AG,0.5183148259489008
Maxchi,410,464,C2U,A2D,AG,0.005770353412078525
Maxchi,404,461,C2U,AD,AG,0.4308629510594717
Maxchi,435,478,C2U,AG,BG,4.953980371687381e-05
Maxchi,471,494,C2U,AG,cpx,2.3175128178679494e-11
Maxchi,322,370,C2U,B,F2,0.042264032603567696
Maxchi,361,433,C2U,01A1,BG,3.4818260524952154e-05
Maxchi,392,435,C2U,01B,BG,0.00027737450181313135
Maxchi,482,546,C2U,CD,D,0.07031411721575394
Maxchi,458,501,C2U,D,DF,0.002362287248127689
Maxchi,396,458,C2U,F1,F2,0.14773879677762897
Maxchi,415,465,C2U,F1,K,0.42583104376182557
Maxchi,379,427,C2U,BF1,F2,0.23811848052679357
Maxchi,417,469,C2U,DF,F2,1.5271620997411215e-05
Maxchi,331,384,C2U,F2,J,0.4739369482070104
Maxchi,424,480,C2U,BF,K,0.29938690580359834
Maxchi,415,465,C2U,BF1,K,0.384088249473852
Maxchi,8863,8902,C2U,CD,L,0.13383686391182553
Maxchi,477,536,C2U,01A1,cpx,0.030557128849091963
Maxchi,450,509,C2U,01B,cpx,0.2711256558960487
Maxchi,411,462,C2U,AD,cpx,0.10325247341585593
Maxchi,410,457,CD,01A1,01C,0.5763344851038643
Maxchi,448,495,CD,01A1,02A,0.21022004327694005
Maxchi,449,504,CD,01A1,02G,0.0014995024269110295
Maxchi,402,449,CD,01A1,A1D,0.10226142285840974
Maxchi,438,483,CD,01A1,A5U,0.018039934983130567
Maxchi,442,495,CD,01A1,AD,0.4648598949294678
Maxchi,450,496,CD,01A1,BF1,0.019231329389622014
Maxchi,449,495,CD,01A1,C2U,0.10226142285840974
Maxchi,317,363,CD,01A1,CPZ,0.010559956336879348
Maxchi,449,495,CD,01A1,01B,0.10226142285840974
Maxchi,466,514,CD,01B,01C,0.5536385083390837
Maxchi,452,497,CD,01B,02A,0.02683375712298116
Maxchi,389,439,CD,01B,02B,0.042155117982852056
Maxchi,443,493,CD,01B,02G,0.0018351723996428394
Maxchi,412,460,CD,01B,A5U,0.00018033983092287495
Maxchi,442,495,CD,01B,AD,0.4648598949294678
Maxchi,392,440,CD,01B,BF1,0.13982446765734657
Maxchi,412,467,CD,01B,C2U,0.05978366262806145
Maxchi,486,538,CD,01C,02A,0.0002984336305786591
Maxchi,424,481,CD,02A,02B,0.06011846354949153
Maxchi,367,424,CD,01C,02B,0.06011846354949153
Maxchi,8202,8255,CD,01C,02G,0.22273827382237057
Maxchi,435,504,CD,02B,02G,1.1125886570284671e-07
Maxchi,534,572,CD,01A1,A,0.08508108562849187
Maxchi,466,491,CD,A,A2D,0.00036295619686463885
Maxchi,346,400,CD,01A1,A1,0.048060708353558364
Maxchi,401,445,CD,A1,A1D,0.1035128738340032
Maxchi,495,546,CD,A1,A2D,0.0025854430718900306
Maxchi,410,466,CD,A1,A5U,0.06887237117137426
Maxchi,493,547,CD,A1,A6,0.29869755599496717
Maxchi,416,472,CD,A1,BC,0.2763029173374804
Maxchi,445,488,CD,A1,G,0.03921430697516982
Maxchi,412,464,CD,A1,H,0.09035734147241459
Maxchi,404,452,CD,02B,A1D,0.08085559837005234
Maxchi,6187,6234,CD,A1D,CPZ,0.25251618512709156
Maxchi,464,511,CD,01A1,A2,0.09045823439181767
Maxchi,411,464,CD,A2,AD,0.00016208626808513353
Maxchi,411,464,CD,A1D,A2D,1.615175600655684e-05
Maxchi,443,495,CD,A2D,BF1,0.04969109786762274
Maxchi,410,463,CD,A2D,C2U,0.00021848815742988046
Maxchi,412,463,CD,02A,A3,0.008375747130642092
Maxchi,467,520,CD,01C,A5U,0.010631241009302324
Maxchi,413,460,CD,A5U,AD,1.854082149027039e-07
Maxchi,466,514,CD,01B,A6,0.5536385083390837
Maxchi,434,484,CD,A6,AD,0.03705621856411898
Maxchi,437,485,CD,A6,AG,2.337022555902927e-06
Maxchi,410,460,CD,01C,AD,0.26945640515977404
Maxchi,450,505,CD,02A,AD,0.015159353132027608
Maxchi,424,481,CD,02B,AD,0.06011846354949153
Maxchi,410,460,CD,02G,AD,0.26945640515977404
Maxchi,450,505,CD,A1D,AD,0.015159353132027608
Maxchi,429,488,CD,AD,BF1,0.11992758148635956
Maxchi,401,451,CD,AD,C2U,0.022619329738330623
Maxchi,443,493,CD,02G,AE,0.0007421842888034797
Maxchi,442,495,CD,AD,AE,0.4648598949294678
Maxchi,442,495,CD,AE,AG,0.025914827609903903
Maxchi,456,505,CD,AE,cpx,0.277339031200013
Maxchi,442,495,CD,01A1,AG,0.025914827609903903
Maxchi,442,495,CD,01B,AG,0.025914827609903903
Maxchi,453,504,CD,02A,AG,0.009389925345878314
Maxchi,413,461,CD,A5U,AG,5.933355453311035e-08
Maxchi,409,461,CD,AD,AG,0.2903465795154091
Maxchi,440,488,CD,AG,BG,0.23377992925218907
Maxchi,8763,8808,CD,01C,B,0.0005872506832011178
Maxchi,4645,4693,CD,B,C,0.12155617024437142
Maxchi,438,483,CD,01A1,B.FR.83.HXBLAI_IIIB_BRU.K03455,0.05516214114360935
Maxchi,8279,8329,CD,01C,B.FR.83.HXBLAI_IIIB_BRU.K03455,0.0037112428061260726
Maxchi,495,546,CD,A2D,B.FR.83.HXBLAI_IIIB_BRU.K03455,0.0025854430718900306
Maxchi,402,449,CD,01A1,BC,0.10226142285840974
Maxchi,435,484,CD,A2D,BC,0.004745393786092059
Maxchi,444,496,CD,01A1,BF,0.00698101664950212
Maxchi,443,495,CD,A2D,BF,0.04969109786762274
Maxchi,6560,6612,CD,02A,BF1,0.016230048574613385
Maxchi,354,406,CD,02B,BF1,0.27147033855121266
Maxchi,8295,8350,CD,02G,BF1,0.018544718930690048
Maxchi,3860,3915,CD,02G,BG,0.006046051064435367
Maxchi,401,451,CD,AD,BG,0.022619329738330623
Maxchi,3343,3400,CD,BG,C2U,0.2605362683684981
Maxchi,449,495,CD,01A1,C,0.10226142285840974
Maxchi,435,484,CD,A2D,C,0.004745393786092059
Maxchi,367,424,CD,02B,C2U,0.06011846354949153
Maxchi,450,496,CD,01A1,F1,0.019231329389622014
Maxchi,8291,8348,CD,01C,F1,0.07706667755685415
Maxchi,8696,8745,CD,02G,F1,0.6814439810261492
Maxchi,443,495,CD,A2D,F1,0.04969109786762274
Maxchi,457,513,CD,F1,F2,0.0005077881492489576
Maxchi,448,495,CD,01A1,F2,0.2054276727840339
Maxchi,443,495,CD,A2D,F2,0.04969109786762274
Maxchi,335,384,CD,BC,F2,0.4345562010159628
Maxchi,446,497,CD,BF,F2,0.09126409037255706
Maxchi,369,434,CD,01A1,G,0.06052876038176267
Maxchi,495,547,CD,A2D,H,0.0018779841402075065
Maxchi,438,483,CD,01A1,J,0.03992926442134592
Maxchi,487,540,CD,A5U,J,0.0012335573995227087
Maxchi,455,508,CD,01A1,K,0.0035550304505833417
Maxchi,404,458,CD,A1D,K,0.45586391858671393
Maxchi,443,494,CD,A2D,K,0.00703670030738243
Maxchi,354,406,CD,AD,K,0.659602851371659
Maxchi,443,494,CD,BF,K,0.00703670030738243
Maxchi,443,494,CD,BF1,K,0.00703670030738243
Maxchi,385,437,CD,BG,K,0.2519247026754531
Maxchi,449,495,CD,01A1,cpx,0.10226142285840974
Maxchi,223,278,CPZ,01A1,AD,0.07547550485267839
Maxchi,328,381,CPZ,01B,02A,0.07802808739788843
Maxchi,411,461,CPZ,01B,02B,0.009914211838606657
Maxchi,327,381,CPZ,01B,A2D,0.11149986692157346
Maxchi,403,466,CPZ,01B,AD,0.0184797672468865
Maxchi,305,361,CPZ,01B,BF1,0.31295067552291106
Maxchi,338,389,CPZ,01B,C2U,0.004291129784931398
Maxchi,383,433,CPZ,02A,02B,0.047013842942469936
Maxchi,373,413,CPZ,01C,A,0.22237624759323807
Maxchi,317,364,CPZ,A,A2D,0.008878456977209572
Maxchi,317,363,CPZ,A,D,0.010559956336879348
Maxchi,310,355,CPZ,A,F2,0.08513860998928954
Maxchi,309,358,CPZ,01B,A1,0.14163700871319798
Maxchi,384,434,CPZ,01C,A1,0.2949751254431211
Maxchi,384,434,CPZ,02A,A1,0.03767151418475305
Maxchi,411,461,CPZ,02B,A1,0.009914211838606657
Maxchi,384,434,CPZ,02G,A1,0.11047224940667515
Maxchi,319,375,CPZ,A1,A1D,0.0635009047795814
Maxchi,388,436,CPZ,A1,A2D,0.5049850750938457
Maxchi,384,434,CPZ,A1,A6,0.2971465303484674
Maxchi,367,423,CPZ,A1,AE,0.0009158311192273188
Maxchi,313,362,CPZ,A1,B,0.022471248034794673
Maxchi,305,358,CPZ,A1,BF1,0.3007857898987276
Maxchi,316,363,CPZ,A1,C2U,0.04681733717673151
Maxchi,381,434,CPZ,A1,D,0.4342570828740069
Maxchi,315,363,CPZ,A1,DF,0.04087511929813311
Maxchi,383,433,CPZ,A1,F2,0.5643513198181574
Maxchi,381,434,CPZ,A1,K,0.4342570828740069
Maxchi,384,434,CPZ,A1,cpx,0.15729920705028105
Maxchi,6139,6187,CPZ,A1D,A2,0.25251618512709156
Maxchi,268,318,CPZ,A2,A2D,0.15729920705028105
Maxchi,6358,6407,CPZ,A2,A6,0.054389668144550034
Maxchi,306,356,CPZ,A2,AD,0.4145772597741709
Maxchi,2132,2181,CPZ,A2,BG,0.40298694834941906
Maxchi,268,322,CPZ,A2,D,0.34359233648251974
Maxchi,316,365,CPZ,A2,K,0.2986882350656738
Maxchi,260,317,CPZ,01A1,A2D,0.0027172910566244045
Maxchi,315,363,CPZ,01C,A2D,0.015520085938826573
Maxchi,315,363,CPZ,02A,A2D,0.0636316367235819
Maxchi,378,427,CPZ,02B,A2D,0.29060657251954247
Maxchi,360,410,CPZ,02G,A2D,0.06385094173987171
Maxchi,313,365,CPZ,A1D,A2D,0.35418472322560324
Maxchi,390,439,CPZ,A2D,AD,0.2985522718638851
Maxchi,304,360,CPZ,A2D,BF1,0.323002041547101
Maxchi,315,362,CPZ,A2D,C2U,0.0294048695476191
Maxchi,309,358,CPZ,A2D,A3,0.3065843155559051
Maxchi,402,451,CPZ,A3,AD,0.43451966847567514
Maxchi,304,353,CPZ,A3,CD,0.45099530934220144
Maxchi,362,412,CPZ,A3,D,0.544289624429402
Maxchi,288,340,CPZ,A3,DF,0.046054721895072245
Maxchi,357,404,CPZ,A3,K,0.6093656735832922
Maxchi,349,404,CPZ,01B,A6,0.01692915299322556
Maxchi,372,412,CPZ,02B,A6,0.005942389739232781
Maxchi,313,363,CPZ,A2D,A6,0.010197876776240265
Maxchi,349,404,CPZ,A6,AE,0.07547550485267839
Maxchi,330,382,CPZ,A6,AG,0.24285218126263147
Maxchi,313,361,CPZ,A6,D,0.013582788119346365
Maxchi,323,380,CPZ,A6,F2,0.17263037646609303
Maxchi,313,363,CPZ,A6,K,0.008071487425268021
Maxchi,358,407,CPZ,AD,BF1,0.24007275998246008
Maxchi,340,392,CPZ,AD,C2U,0.010159848626660022
Maxchi,328,381,CPZ,02A,AE,0.031123741306118415
Maxchi,411,461,CPZ,02B,AE,0.009914211838606657
Maxchi,327,381,CPZ,A2D,AE,0.11149986692157346
Maxchi,340,389,CPZ,AE,BF,0.16526182872665138
Maxchi,309,358,CPZ,AE,BF1,0.2986882350656738
Maxchi,338,389,CPZ,AE,C2U,0.011440837486232352
Maxchi,340,389,CPZ,AE,CD,0.042281628804145925
Maxchi,338,388,CPZ,AE,DF,0.10765747301199126
Maxchi,377,412,CPZ,AE,cpx,0.06233041766145987
Maxchi,223,278,CPZ,01A1,AG,0.07547550485267839
Maxchi,328,381,CPZ,01C,AG,0.15714856017144727
Maxchi,371,430,CPZ,02A,AG,0.0748334280702973
Maxchi,423,478,CPZ,02B,AG,0.000195403080386786
Maxchi,378,394,CPZ,02G,AG,0.031578915067161185
Maxchi,381,434,CPZ,A2D,AG,0.5701702988545303
Maxchi,337,386,CPZ,AG,C2U,0.04161445704154213
Maxchi,337,386,CPZ,AG,DF,0.1071945354732161
Maxchi,373,433,CPZ,AG,cpx,0.20189635802379635
Maxchi,313,362,CPZ,01A1,B,0.003157583514486891
Maxchi,313,375,CPZ,01B,B,0.0005544283092981457
Maxchi,360,410,CPZ,02B,B,0.12282264810139186
Maxchi,361,410,CPZ,AD,B,0.14311696578005778
Maxchi,313,375,CPZ,AE,B,0.0027718544612958746
Maxchi,339,386,CPZ,AG,B,0.003958436383196865
Maxchi,6357,6411,CPZ,B,C,0.017118239704790164
Maxchi,324,380,CPZ,B,F2,0.02727897325115958
Maxchi,6139,6187,CPZ,A2,B.FR.83.HXBLAI_IIIB_BRU.K03455,0.5344882727211437
Maxchi,313,363,CPZ,A2D,B.FR.83.HXBLAI_IIIB_BRU.K03455,0.05400644371208507
Maxchi,292,342,CPZ,A3,B.FR.83.HXBLAI_IIIB_BRU.K03455,0.03378756540003163
Maxchi,342,392,CPZ,AD,B.FR.83.HXBLAI_IIIB_BRU.K03455,0.0018495313695257878
Maxchi,313,361,CPZ,B.FR.83.HXBLAI_IIIB_BRU.K03455,D,0.21135265809149822
Maxchi,316,363,CPZ,A2D,BC,0.6091141622288379
Maxchi,1991,2041,CPZ,BC,BG,0.06727021494171229
Maxchi,1769,1797,CPZ,BC,CD,0.09153562373948083
Maxchi,309,358,CPZ,01B,BF,0.2986882350656738
Maxchi,5140,5195,CPZ,02A,BF,0.06115148255610363
Maxchi,309,358,CPZ,A2D,BF,0.1993753192590406
Maxchi,5147,5194,CPZ,02A,BF1,0.32103927735647503
Maxchi,358,407,CPZ,02B,BF1,0.03798464862953205
Maxchi,315,371,CPZ,A2D,BG,0.004943904127499403
Maxchi,306,356,CPZ,01B,C,0.5847331508879914
Maxchi,6062,6119,CPZ,01C,C,0.1141667889889495
Maxchi,6131,6183,CPZ,02A,C,0.01654655673098144
Maxchi,316,366,CPZ,A2D,C,0.35336623677404777
Maxchi,306,356,CPZ,AE,C,0.42287470934839444
Maxchi,360,410,CPZ,AG,C,0.7926512876046325
Maxchi,2078,2126,CPZ,BG,C,0.2673834363554346
Maxchi,340,405,CPZ,C,D,0.2021807081090701
Maxchi,311,360,CPZ,C,F2,0.02110133960252257
Maxchi,6404,6452,CPZ,C,H,0.14572853320203635
Maxchi,307,357,CPZ,C,K,0.37111269689254833
Maxchi,317,363,CPZ,01B,CD,0.03197195617764869
Maxchi,310,360,CPZ,02B,CD,0.3057487934246431
Maxchi,336,368,CPZ,A2D,CD,0.06774359050436664
Maxchi,315,362,CPZ,AD,CD,0.29769806412052924
Maxchi,260,317,CPZ,01A1,D,0.0027172910566244045
Maxchi,334,385,CPZ,01B,D,0.3634360203475675
Maxchi,315,362,CPZ,01C,D,0.019728847532845598
Maxchi,315,362,CPZ,02A,D,0.03910441092358115
Maxchi,378,427,CPZ,02B,D,0.29060657251954247
Maxchi,310,360,CPZ,02G,D,0.2360203636879476
Maxchi,292,342,CPZ,A1D,D,0.19429996266141258
Maxchi,381,434,CPZ,A2D,D,0.5701702988545303
Maxchi,317,364,CPZ,A5U,D,0.2691013083612391
Maxchi,381,434,CPZ,AD,D,0.06113272797860756
Maxchi,334,385,CPZ,AE,D,0.3634360203475675
Maxchi,333,383,CPZ,AG,D,0.5078006482752733
Maxchi,347,405,CPZ,BC,D,0.025223392109004712
Maxchi,358,407,CPZ,BF,D,0.3514147803201536
Maxchi,358,407,CPZ,BF1,D,0.03572884112563301
Maxchi,315,362,CPZ,BG,D,0.11932543918845101
Maxchi,288,344,CPZ,C2U,D,0.01033318749834901
Maxchi,355,360,CPZ,CD,D,3.763307607378343e-05
Maxchi,307,358,CPZ,D,F1,0.35729327178975423
Maxchi,313,361,CPZ,D,J,0.05099434077422142
Maxchi,335,384,CPZ,D,K,0.5499408506704944
Maxchi,318,360,CPZ,D,L,0.3114798897069957
Maxchi,340,389,CPZ,D,cpx,0.09545348708959611
Maxchi,288,344,CPZ,01A1,DF,0.048859632722341555
Maxchi,338,389,CPZ,01B,DF,0.015328523493801751
Maxchi,310,360,CPZ,02B,DF,0.3057487934246431
Maxchi,340,392,CPZ,AD,DF,0.019487255616030128
Maxchi,307,356,CPZ,01A1,F1,0.0702320004014211
Maxchi,305,361,CPZ,01B,F1,0.31106030720155514
Maxchi,304,360,CPZ,A2D,F1,0.1159882412104001
Maxchi,358,407,CPZ,AD,F1,0.24007275998246008
Maxchi,305,361,CPZ,AE,F1,0.31295067552291106
Maxchi,270,325,CPZ,F1,F2,0.03139220526028886
Maxchi,308,356,CPZ,01A1,F2,0.040398566764510785
Maxchi,261,318,CPZ,01B,F2,0.008324440970647978
Maxchi,310,355,CPZ,01C,F2,0.08880364601455763
Maxchi,320,368,CPZ,02A,F2,0.004200317081829784
Maxchi,175,224,CPZ,02B,F2,0.2986882350656738
Maxchi,310,355,CPZ,02G,F2,0.2420219029385608
Maxchi,291,342,CPZ,A1D,F2,0.30046600643920196
Maxchi,381,434,CPZ,AD,F2,0.06113272797860756
Maxchi,261,318,CPZ,AE,F2,0.008324440970647978
Maxchi,175,224,CPZ,AG,F2,0.2986882350656738
Maxchi,312,359,CPZ,BF,F2,0.1166331707645975
Maxchi,326,380,CPZ,C2U,F2,0.2627219345776954
Maxchi,311,360,CPZ,DF,F2,0.025223356839246428
Maxchi,326,380,CPZ,F2,J,0.3853105821961127
Maxchi,184,233,CPZ,F2,K,0.018293759552121487
Maxchi,2501,2511,CPZ,02G,G,3.218941913564457e-05
Maxchi,322,366,CPZ,01A1,H,0.3089080096408668
Maxchi,327,383,CPZ,AE,H,0.21914778858265677
Maxchi,313,363,CPZ,A2D,J,0.041100853239009756
Maxchi,1642,1695,CPZ,BG,J,0.1693007257010024
Maxchi,305,355,CPZ,J,K,0.2712362497740413
Maxchi,260,317,CPZ,01A1,K,0.0027172910566244045
Maxchi,335,384,CPZ,01B,K,0.5499408506704944
Maxchi,315,363,CPZ,01C,K,0.011071644553191868
Maxchi,315,363,CPZ,02A,K,0.0019964186666850212
Maxchi,329,378,CPZ,02B,K,0.1360970044403716
Maxchi,360,410,CPZ,02G,K,0.22460495955561188
Maxchi,340,392,CPZ,A1D,K,0.0804156739788085
Maxchi,335,384,CPZ,A2D,K,0.5499408506704944
Maxchi,381,434,CPZ,AD,K,0.06113272797860756
Maxchi,338,389,CPZ,AE,K,0.682124560396862
Maxchi,307,357,CPZ,BC,K,0.25903686546500254
Maxchi,309,358,CPZ,BF,K,0.20438598709840392
Maxchi,358,407,CPZ,BF1,K,0.3548837304000081
Maxchi,305,355,CPZ,BG,K,0.10952759094330579
Maxchi,315,362,CPZ,C2U,K,0.7076052194853759
Maxchi,321,367,CPZ,DF,K,0.3589041958437825
Maxchi,315,363,CPZ,01A1,L,0.03658273130822084
Maxchi,315,370,CPZ,01B,L,0.035479209720472644
Maxchi,315,370,CPZ,A2D,L,0.03338993732744165
Maxchi,362,410,CPZ,AD,L,0.7503728102070957
Maxchi,315,370,CPZ,AE,L,0.07250921296974257
Maxchi,5357,5407,CPZ,L,cpx,0.01835877471799729
Maxchi,310,360,CPZ,A2D,cpx,0.11983553251050144
Maxchi,410,457,D,01A1,01C,0.5763344851038643
Maxchi,453,504,D,01A1,02A,0.01885864179523494
Maxchi,1240,1297,D,01A1,02B,0.03852151721377801
Maxchi,324,391,D,01A1,02G,0.09498712138835431
Maxchi,406,454,D,01A1,A1D,0.04452065632673593
Maxchi,434,485,D,01A1,A5U,0.017463030930554613
Maxchi,1200,1259,D,01A1,AD,0.3739367279571585
Maxchi,443,494,D,01A1,BF1,0.0022887385698528
Maxchi,265,313,D,01A1,C2U,0.0849800447619531
Maxchi,1116,1152,D,01A1,01B,0.1438780751575123
Maxchi,547,600,D,01B,01C,0.321833325755563
Maxchi,442,495,D,01B,02A,0.008153607857268126
Maxchi,387,433,D,01B,02G,0.5689642679640169
Maxchi,341,389,D,01B,A1D,0.2962698714842834
Maxchi,412,466,D,01B,A5U,0.00417433716783579
Maxchi,443,494,D,01B,BF1,0.0022887385698528
Maxchi,338,388,D,01B,C2U,0.016443535512278878
Maxchi,401,453,D,01C,02A,0.01885864179523494
Maxchi,442,495,D,02A,02B,0.008153607857268126
Maxchi,392,440,D,01C,02G,0.059196856774493885
Maxchi,401,453,D,02A,02G,0.002947756459029625
Maxchi,435,504,D,02B,02G,1.1125886570284671e-07
Maxchi,407,460,D,02G,A1D,0.27721626231136354
Maxchi,451,508,D,A,A2D,0.07792115714297101
Maxchi,451,497,D,A,BF,0.11032768658826729
Maxchi,451,497,D,A,F1,0.11032768658826729
Maxchi,413,463,D,A,K,0.0018811128570602163
Maxchi,497,554,D,A,L,0.3122121398941613
Maxchi,402,452,D,A1,A1D,0.2214397326720097
Maxchi,443,494,D,A1,BF,0.0022887385698528
Maxchi,443,494,D,A1,BF1,0.0022887385698528
Maxchi,434,477,D,A1,C,2.155890221767051e-06
Maxchi,412,464,D,A1,H,0.09035734147241459
Maxchi,497,554,D,A1,L,0.3122121398941613
Maxchi,353,404,D,02A,A1D,0.2761284746961425
Maxchi,401,454,D,02B,A1D,0.605784727390035
Maxchi,404,454,D,A1D,C2U,0.26945640515977404
Maxchi,452,502,D,01A1,A2,0.0045054066275114595
Maxchi,340,389,D,01B,A2,0.2503699401156915
Maxchi,392,442,D,02A,A2,0.6835897065103371
Maxchi,392,442,D,02G,A2,0.6835897065103371
Maxchi,340,391,D,A2,A3,0.35729327178975423
Maxchi,411,460,D,A2,A5U,0.00017095286070279518
Maxchi,463,512,D,A2,A6,0.18514078848674487
Maxchi,340,389,D,A2,AE,0.14311696578005778
Maxchi,415,462,D,A2,AG,0.5198798552473741
Maxchi,393,441,D,A2,G,0.14668655551929263
Maxchi,1246,1288,D,01A1,A2D,0.17149024016267939
Maxchi,414,463,D,02A,A2D,0.19226422394718887
Maxchi,463,511,D,02G,A2D,0.04076379087123041
Maxchi,458,504,D,A1D,A2D,0.19993390709868514
Maxchi,443,496,D,A2D,BF1,0.0011085808787387461
Maxchi,466,514,D,A2D,C2U,0.0066040908661535395
Maxchi,408,460,D,02A,A3,0.18403862719642178
Maxchi,404,450,D,A1D,A3,0.28249777875948967
Maxchi,411,462,D,A3,A6,0.03654087778622333
Maxchi,390,439,D,A3,cpx,0.0473302084081901
Maxchi,401,455,D,01C,A5U,0.0005735647738201119
Maxchi,401,455,D,02A,A5U,0.0005735647738201119
Maxchi,401,455,D,02G,A5U,0.0005735647738201119
Maxchi,401,455,D,A1D,A5U,0.0005735647738201119
Maxchi,413,460,D,A5U,AD,1.854082149027039e-07
Maxchi,401,455,D,A5U,C2U,0.0005735647738201119
Maxchi,388,405,D,01B,A6,0.0011015323986397658
Maxchi,401,451,D,02B,A6,0.031144103363584127
Maxchi,401,451,D,A1D,A6,0.031144103363584127
Maxchi,451,497,D,A6,AD,0.024831396960934244
Maxchi,410,451,D,A6,AE,0.06183425082342105
Maxchi,451,497,D,A6,AG,0.024831396960934244
Maxchi,413,463,D,A6,BC,0.004331039182363329
Maxchi,411,458,D,A6,C2U,0.044714789292094416
Maxchi,402,451,D,A6,G,0.010653553651727392
Maxchi,413,463,D,A6,H,0.004331039182363329
Maxchi,413,467,D,A6,J,0.018905840778331837
Maxchi,413,464,D,A6,K,0.0011741117568090092
Maxchi,411,458,D,A6,cpx,0.044714789292094416
Maxchi,449,495,D,02A,AD,0.08034195491172003
Maxchi,406,453,D,A1D,AD,0.03413650064966188
Maxchi,443,494,D,AD,BF1,0.0022887385698528
Maxchi,448,502,D,AD,C2U,0.10998558666182459
Maxchi,1116,1152,D,01A1,AE,0.1438780751575123
Maxchi,559,624,D,01C,AE,0.309653706055371
Maxchi,442,495,D,02A,AE,0.008153607857268126
Maxchi,387,433,D,02G,AE,0.3136849829626561
Maxchi,341,389,D,A1D,AE,0.07363827012030258
Maxchi,8934,8940,D,A2D,AE,0.399745773321702
Maxchi,401,457,D,A5U,AE,0.0015233633416843395
Maxchi,398,442,D,AE,BC,0.1757343356442213
Maxchi,354,397,D,AE,BF,0.12644763356667546
Maxchi,338,391,D,AE,BF1,0.07450614430338962
Maxchi,410,464,D,AE,BG,0.001900893250446667
Maxchi,338,388,D,AE,C2U,0.036796654503696145
Maxchi,380,412,D,AE,cpx,0.06884504460752014
Maxchi,1237,1291,D,01A1,AG,0.009669418441902477
Maxchi,517,568,D,01C,AG,9.834078370274988e-05
Maxchi,450,505,D,02A,AG,0.08025388041180573
Maxchi,468,511,D,02G,AG,0.1570692943145777
Maxchi,364,415,D,A1D,AG,0.2735146430204451
Maxchi,413,461,D,A5U,AG,2.636597351804326e-07
Maxchi,465,512,D,AG,BC,4.7032550976401934e-08
Maxchi,441,488,D,AG,BF,0.19690383168026174
Maxchi,440,487,D,AG,BF1,0.36755868576743456
Maxchi,451,500,D,AG,BG,0.015674914635002004
Maxchi,415,462,D,AG,C2U,0.5276259496480485
Maxchi,482,546,D,AG,CD,0.07031411721575394
Maxchi,463,502,D,AG,DF,0.060455061726855136
Maxchi,471,494,D,AG,cpx,2.3175128178679494e-11
Maxchi,322,370,D,B,F2,0.042264032603567696
Maxchi,497,550,D,A2D,B.FR.83.HXBLAI_IIIB_BRU.K03455,0.008413027411884043
Maxchi,434,477,D,01A1,BC,2.9698616434777546e-06
Maxchi,351,401,D,01B,BC,0.7328067121420334
Maxchi,418,465,D,01C,BC,4.7032550976401934e-08
Maxchi,437,479,D,02B,BC,3.451215435457111e-05
Maxchi,403,453,D,02G,BC,0.26945640515977404
Maxchi,404,454,D,A1D,BC,0.26945640515977404
Maxchi,438,479,D,A2D,BC,0.000136672059028204
Maxchi,401,455,D,A5U,BC,0.0005735647738201119
Maxchi,434,477,D,AD,BC,7.764489608689099e-07
Maxchi,421,465,D,BC,BF,0.0960923294556734
Maxchi,424,465,D,BC,BF1,0.09240656337884016
Maxchi,439,493,D,BC,BG,1.7977617534704973e-05
Maxchi,434,477,D,BC,C2U,2.9698616434777546e-06
Maxchi,443,494,D,01A1,BF,0.0022887385698528
Maxchi,354,397,D,01B,BF,0.05078320563710831
Maxchi,406,458,D,02B,BF,0.33514503026733594
Maxchi,354,406,D,A1D,BF,0.4420677940706149
Maxchi,443,496,D,A2D,BF,0.0064756827393653085
Maxchi,411,459,D,A5U,BF,0.00027503895449961923
Maxchi,394,441,D,AD,BF,0.09045823439181767
Maxchi,458,505,D,BF,BF1,0.0018315945719889347
Maxchi,410,464,D,BF,BG,0.001900893250446667
Maxchi,443,494,D,BF,C2U,0.0022887385698528
Maxchi,406,458,D,02B,BF1,0.710866048224371
Maxchi,400,443,D,A1D,BF1,0.29295564362849746
Maxchi,443,494,D,BF1,C2U,0.0022887385698528
Maxchi,410,464,D,01A1,BG,0.001900893250446667
Maxchi,410,464,D,01B,BG,0.001900893250446667
Maxchi,439,493,D,02A,BG,1.7977617534704973e-05
Maxchi,385,439,D,02B,BG,1.7977617534704973e-05
Maxchi,385,439,D,02G,BG,1.7977617534704973e-05
Maxchi,385,439,D,A1D,BG,1.7977617534704973e-05
Maxchi,399,460,D,A2D,BG,6.287094375845423e-05
Maxchi,401,454,D,A5U,BG,0.006923645092338614
Maxchi,410,464,D,AD,BG,0.001900893250446667
Maxchi,410,464,D,BF1,BG,0.001900893250446667
Maxchi,402,451,D,BG,C2U,0.006919784259727027
Maxchi,434,477,D,01A1,C,8.71208630018775e-06
Maxchi,404,454,D,A1D,C,0.26945640515977404
Maxchi,434,477,D,A2D,C,8.71208630018775e-06
Maxchi,317,368,D,AE,C,0.29958423873250595
Maxchi,434,482,D,BF1,C,4.584091824430303e-05
Maxchi,472,520,D,C,F2,1.1837972997082501e-07
Maxchi,451,492,D,C,J,0.058640899842855226
Maxchi,417,466,D,02B,C2U,0.4074792620893025
Maxchi,520,595,D,02B,CD,0.008810285508869824
Maxchi,482,545,D,AD,CD,0.06574257476697855
Maxchi,489,540,D,01A1,DF,0.15713638788150552
Maxchi,489,540,D,01B,DF,0.15713638788150552
Maxchi,463,502,D,02B,DF,0.060455061726855136
Maxchi,459,502,D,02G,DF,0.004367358108369793
Maxchi,460,502,D,A5U,DF,0.012761414523931846
Maxchi,873,875,D,CD,DF,7.074463098970679e-10
Maxchi,316,363,D,CPZ,DF,0.10756419843738783
Maxchi,443,494,D,01A1,F1,0.0022887385698528
Maxchi,443,494,D,01B,F1,0.0022887385698528
Maxchi,424,466,D,01C,F1,0.07102265882118235
Maxchi,424,466,D,02B,F1,0.07102265882118235
Maxchi,407,460,D,02G,F1,0.27721626231136354
Maxchi,400,443,D,A1D,F1,0.4127725959909144
Maxchi,443,496,D,A2D,F1,0.0011085808787387461
Maxchi,443,494,D,AD,F1,0.0022887385698528
Maxchi,424,465,D,BC,F1,0.1802068545723634
Maxchi,458,505,D,BF,F1,0.0018315945719889347
Maxchi,505,551,D,BF1,F1,0.4680507617884445
Maxchi,410,464,D,BG,F1,0.001900893250446667
Maxchi,443,496,D,C2U,F1,0.0064756827393653085
Maxchi,444,496,D,F1,F2,0.07131418867353258
Maxchi,443,494,D,F1,H,0.0022887385698528
Maxchi,413,467,D,F1,J,0.018905840778331837
Maxchi,464,505,D,F1,K,0.010368207147910032
Maxchi,452,497,D,F1,L,0.2792133262235515
Maxchi,392,442,D,F1,cpx,0.2214397326720097
Maxchi,552,611,D,01A1,F2,7.693779301013446e-07
Maxchi,552,611,D,01B,F2,7.693779301013446e-07
Maxchi,114,201,D,02A,F2,5.143058089698704e-15
Maxchi,552,611,D,02B,F2,7.693779301013446e-07
Maxchi,133,182,D,02G,F2,4.08968819163927e-12
Maxchi,133,182,D,A1D,F2,4.08968819163927e-12
Maxchi,1160,1225,D,A2D,F2,0.004800333417158909
Maxchi,401,457,D,A5U,F2,0.0015233633416843395
Maxchi,552,611,D,AD,F2,7.693779301013446e-07
Maxchi,437,479,D,BC,F2,3.451215435457111e-05
Maxchi,443,496,D,BF,F2,0.0064756827393653085
Maxchi,444,496,D,BF1,F2,0.01569461145050099
Maxchi,133,182,D,C2U,F2,4.08968819163927e-12
Maxchi,175,224,D,CPZ,F2,0.2986882350656738
Maxchi,1251,1304,D,F2,K,0.09192709254792425
Maxchi,452,497,D,F2,L,0.2792133262235515
Maxchi,133,182,D,F2,cpx,4.08968819163927e-12
Maxchi,434,498,D,01A1,G,0.00330529179586638
Maxchi,441,490,D,01B,G,0.010387360861852175
Maxchi,451,500,D,01C,G,0.05584110280508525
Maxchi,432,493,D,02A,G,0.00016858337261878604
Maxchi,392,440,D,02G,G,0.059196856774493885
Maxchi,429,488,D,A1D,G,0.04427298983668409
Maxchi,401,455,D,A5U,G,0.0005735647738201119
Maxchi,493,542,D,AD,G,0.00440798228205382
Maxchi,441,490,D,AE,G,0.010387360861852175
Maxchi,401,454,D,BF,G,0.006425265921970771
Maxchi,483,540,D,BG,G,0.02231292638430069
Maxchi,315,362,D,CPZ,G,0.010595978092578485
Maxchi,463,502,D,DF,G,0.060455061726855136
Maxchi,401,451,D,G,H,0.004533384721616578
Maxchi,451,492,D,G,J,0.058640899842855226
Maxchi,392,440,D,G,cpx,0.08085559837005234
Maxchi,410,463,D,01A1,H,0.003378453060406757
Maxchi,418,463,D,01C,H,0.21504419289112078
Maxchi,451,501,D,02A,H,0.012883688678822055
Maxchi,401,451,D,A1D,H,0.012883688678822055
Maxchi,492,541,D,A2D,H,0.0018573995848978982
Maxchi,411,466,D,A5U,H,0.05551109809787105
Maxchi,413,465,D,AG,H,7.278718248439568e-05
Maxchi,410,463,D,BF1,H,0.003378453060406757
Maxchi,401,451,D,BG,H,0.0034072042593876494
Maxchi,410,463,D,C2U,H,0.003378453060406757
Maxchi,317,363,D,CPZ,H,0.6814499963213407
Maxchi,451,492,D,H,J,0.058640899842855226
Maxchi,394,455,D,H,K,0.00010161555763647688
Maxchi,459,508,D,H,L,0.08666588003107097
Maxchi,496,554,D,01A1,J,0.20458390420321126
Maxchi,413,472,D,01B,J,0.10354890410293692
Maxchi,497,554,D,02B,J,0.42329744289899895
Maxchi,404,453,D,A1D,J,0.0008945701077711376
Maxchi,518,571,D,A2D,J,0.01672078701943181
Maxchi,411,459,D,A5U,J,0.007670552177541281
Maxchi,497,543,D,AD,J,0.03819730701255565
Maxchi,413,472,D,AE,J,0.10354890410293692
Maxchi,451,500,D,AG,J,0.08173626830507762
Maxchi,451,492,D,BC,J,0.058640899842855226
Maxchi,404,453,D,BF,J,0.0008945701077711376
Maxchi,404,453,D,BF1,J,0.0008945701077711376
Maxchi,451,492,D,C2U,J,0.058640899842855226
Maxchi,451,500,D,J,K,0.08173626830507762
Maxchi,451,492,D,J,L,0.058640899842855226
Maxchi,419,462,D,02A,K,0.09932323210427291
Maxchi,347,401,D,A1D,K,0.21038398851740508
Maxchi,406,460,D,A5U,K,2.835678221774547e-07
Maxchi,479,520,D,BC,K,3.451215435457111e-05
Maxchi,464,505,D,BF1,K,0.010368207147910032
Maxchi,386,446,D,BG,K,3.916554492214471e-06
Maxchi,419,471,D,C2U,K,0.5717953339741051
Maxchi,417,482,D,CD,K,0.05702686271222264
Maxchi,406,460,D,K,L,0.0001883773738774027
Maxchi,288,341,D,01A1,L,0.4091137720282485
Maxchi,413,459,D,01C,L,0.29531352355352936
Maxchi,452,497,D,02A,L,0.2792133262235515
Maxchi,411,459,D,02G,L,0.0341767874162006
Maxchi,395,454,D,A1D,L,0.4148647002634632
Maxchi,495,547,D,A2D,L,0.011973137512469067
Maxchi,452,497,D,BF,L,0.2792133262235515
Maxchi,452,497,D,BF1,L,0.2792133262235515
Maxchi,452,497,D,C2U,L,0.2792133262235515
Maxchi,482,537,D,DF,L,0.09234025327424898
Maxchi,451,500,D,01A1,cpx,0.09248672434414566
Maxchi,339,395,D,01B,cpx,0.29938690580359834
Maxchi,401,454,D,02A,cpx,0.0921933658447624
Maxchi,388,448,D,02B,cpx,0.013064240033837259
Maxchi,409,450,D,A1D,cpx,0.22019866038041608
Maxchi,464,514,D,A2D,cpx,0.2988396354864077
Maxchi,385,440,D,BG,cpx,3.1231755709006684e-05
Maxchi,459,502,D,DF,cpx,0.004367358108369793
Maxchi,451,500,DF,01A1,01C,0.01897716631914311
Maxchi,452,502,DF,01A1,02A,0.04065087109415676
Maxchi,449,504,DF,01A1,02G,0.0014995024269110295
Maxchi,402,451,DF,01A1,A1D,0.01897716631914311
Maxchi,437,483,DF,01A1,A5U,0.12597298466006673
Maxchi,464,512,DF,01A1,AD,0.0007341973866521863
Maxchi,451,500,DF,01A1,BF1,0.01897716631914311
Maxchi,415,465,DF,01A1,C2U,0.0415651498373117
Maxchi,451,500,DF,01A1,01B,0.01897716631914311
Maxchi,465,514,DF,01B,01C,0.06280961517859225
Maxchi,416,465,DF,01B,02A,0.06280961517859225
Maxchi,389,439,DF,01B,02B,0.07548672251941918
Maxchi,413,465,DF,01B,02G,5.3611816118249565e-05
Maxchi,405,451,DF,01B,A1D,0.19584742454289616
Maxchi,412,460,DF,01B,A5U,0.00018033983092287495
Maxchi,464,512,DF,01B,AD,0.00018756572413969295
Maxchi,416,465,DF,01B,BF1,0.06280961517859225
Maxchi,415,465,DF,01B,C2U,0.14362035437549175
Maxchi,467,517,DF,01C,02A,2.0345546145444302e-07
Maxchi,418,467,DF,02A,02B,0.0035758870947402333
Maxchi,418,467,DF,01C,02B,0.04943537870899749
Maxchi,464,516,DF,01C,02G,7.086672692316499e-06
Maxchi,435,504,DF,02B,02G,1.1125886570284671e-07
Maxchi,495,546,DF,A,A2D,0.0029858746260015712
Maxchi,313,360,DF,01A1,A1,0.14420795168012698
Maxchi,495,546,DF,A1,A2D,0.0029858746260015712
Maxchi,464,512,DF,A1,G,0.18177820453157364
Maxchi,464,512,DF,A1,cpx,0.18177820453157364
Maxchi,413,464,DF,01A1,A2,0.10940654216277196
Maxchi,416,468,DF,A2D,A5U,0.00013445816057602162
Maxchi,443,495,DF,A2D,BF1,0.06067647421012434
Maxchi,416,468,DF,A2D,C2U,1.2113385224434341e-05
Maxchi,316,365,DF,A2D,CPZ,0.12987420645932368
Maxchi,416,466,DF,02A,A3,0.009973820702205347
Maxchi,411,466,DF,02G,A3,0.07956606099726905
Maxchi,402,451,DF,A3,BG,0.00440798228205382
Maxchi,467,521,DF,01C,A5U,0.008363693759999218
Maxchi,413,460,DF,A5U,AD,1.854082149027039e-07
Maxchi,3282,3341,DF,A5U,BF1,0.17350921879569672
Maxchi,415,465,DF,01B,A6,0.14362035437549175
Maxchi,415,464,DF,A6,AD,0.0007341973866521863
Maxchi,413,464,DF,A6,AE,0.2840768459233023
Maxchi,413,467,DF,A6,AG,6.338793562150082e-08
Maxchi,401,454,DF,02A,AD,0.00201239123019915
Maxchi,401,454,DF,02B,AD,0.00201239123019915
Maxchi,404,461,DF,02G,AD,0.2512761479763133
Maxchi,401,454,DF,A1D,AD,0.00201239123019915
Maxchi,369,429,DF,AD,BF1,0.012273872561222213
Maxchi,413,465,DF,02G,AE,1.651075480366482e-05
Maxchi,416,466,DF,AE,AG,5.8725938186908635e-06
Maxchi,392,441,DF,AE,BG,0.016428842851249167
Maxchi,413,464,DF,AE,cpx,0.27376438122238905
Maxchi,288,344,DF,01A1,AG,0.048859632722341555
Maxchi,416,466,DF,01B,AG,5.8725938186908635e-06
Maxchi,412,463,DF,A1D,AG,0.2432139802829662
Maxchi,416,468,DF,A2D,AG,1.2113385224434341e-05
Maxchi,415,466,DF,AD,AG,1.970345895341455e-05
Maxchi,441,489,DF,AG,BG,0.03504286113088324
Maxchi,414,465,DF,AG,cpx,7.896698886741752e-07
Maxchi,495,547,DF,A2D,B,0.0021308245063658866
Maxchi,495,546,DF,A2D,B.FR.83.HXBLAI_IIIB_BRU.K03455,0.0029858746260015712
Maxchi,3853,3902,DF,B.FR.83.HXBLAI_IIIB_BRU.K03455,BC,0.47766393016165465
Maxchi,3865,3912,DF,B.FR.83.HXBLAI_IIIB_BRU.K03455,C,0.6453376232942774
Maxchi,419,470,DF,B.FR.83.HXBLAI_IIIB_BRU.K03455,K,2.659261855078662e-05
Maxchi,402,451,DF,01A1,BC,0.01897716631914311
Maxchi,427,464,DF,01B,BC,0.12424378174342951
Maxchi,416,468,DF,A2D,BC,1.2113385224434341e-05
Maxchi,3407,3458,DF,A5U,BC,0.6364545087760487
Maxchi,416,464,DF,AD,BC,0.38273308888522595
Maxchi,3289,3336,DF,BC,BG,0.2366549366264465
Maxchi,419,467,DF,01A1,BF,0.0034993044723204596
Maxchi,443,495,DF,A2D,BF,0.06067647421012434
Maxchi,369,429,DF,AD,BF,0.012273872561222213
Maxchi,5423,5480,DF,BF,BF1,0.0738258453786467
Maxchi,6870,6921,DF,02A,BF1,0.07590001975393713
Maxchi,414,468,DF,02B,BF1,0.225330294581164
Maxchi,3301,3350,DF,02G,BF1,0.008482543087849775
Maxchi,3302,3350,DF,A1D,BF1,0.07738693932603265
Maxchi,437,483,DF,01A1,BG,0.12597298466006673
Maxchi,415,465,DF,01B,BG,0.15729920705028105
Maxchi,445,498,DF,01C,BG,0.00539637866264702
Maxchi,392,441,DF,02B,BG,0.0473302084081901
Maxchi,3911,3969,DF,02G,BG,0.04795483440562296
Maxchi,415,464,DF,AD,BG,0.0018735165321803772
Maxchi,451,500,DF,01A1,C,0.01897716631914311
Maxchi,389,427,DF,01B,C,0.0751556886218145
Maxchi,416,468,DF,A2D,C,1.2113385224434341e-05
Maxchi,4658,4705,DF,C,CD,0.2088326571766217
Maxchi,8770,8817,DF,02G,CD,0.2745979658891771
Maxchi,463,513,DF,A2D,CD,0.0007686889011776323
Maxchi,463,513,DF,A2D,D,0.0007686889011776323
Maxchi,457,512,DF,BF,D,0.0007795137988926075
Maxchi,457,512,DF,BF1,D,0.0007795137988926075
Maxchi,443,495,DF,A2D,F1,0.06067647421012434
Maxchi,451,500,DF,01A1,F2,0.01897716631914311
Maxchi,465,514,DF,01A1,G,0.12543651972862271
Maxchi,437,483,DF,01A1,J,0.12597298466006673
Maxchi,8757,8805,DF,BC,J,0.0005421593150623411
Maxchi,401,455,DF,01A1,K,0.0014763726827105776
Maxchi,418,466,DF,01B,K,1.0529141903587239e-06
Maxchi,406,460,DF,A5U,K,9.309669342846462e-06
Maxchi,418,466,DF,AD,K,1.0529141903587239e-06
Maxchi,419,470,DF,C2U,K,2.659261855078662e-05
Maxchi,418,470,DF,CD,K,7.550216640901168e-05
Maxchi,415,465,DF,01A1,cpx,0.0415651498373117
Maxchi,413,464,DF,01B,cpx,0.1411939952934989
Maxchi,393,451,F1,01A1,01C,0.000850820275112529
Maxchi,393,451,F1,01A1,02A,0.000850820275112529
Maxchi,449,504,F1,01A1,02G,0.0014995024269110295
Maxchi,411,459,F1,01A1,A5U,0.0005195076846622699
Maxchi,496,547,F1,01A1,AD,0.0025854430718900306
Maxchi,443,496,F1,01A1,BF1,0.015399935732800468
Maxchi,433,505,F1,01A1,C2U,0.00015237914136799306
Maxchi,443,496,F1,01A1,01B,0.003554421026784216
Maxchi,444,496,F1,01B,01C,0.0013015993776376556
Maxchi,423,464,F1,01B,02A,0.28180547141992024
Maxchi,338,389,F1,01B,02B,0.2877604231695219
Maxchi,443,493,F1,01B,02G,0.0018351723996428394
Maxchi,406,452,F1,01B,A1D,0.39164382861578273
Maxchi,412,460,F1,01B,A5U,4.515786059286766e-05
Maxchi,338,391,F1,01B,AD,0.14584124474209786
Maxchi,496,547,F1,01B,BF1,0.0010699807884825595
Maxchi,391,443,F1,01B,C2U,0.3546428629698567
Maxchi,486,538,F1,01C,02A,0.0002984336305786591
Maxchi,411,466,F1,02A,02B,0.051876200778283636
Maxchi,398,442,F1,01C,02B,0.07888530302601765
Maxchi,305,358,F1,02B,CPZ,0.07387625722438583
Maxchi,493,542,F1,01C,02G,1.7119527096551035e-06
Maxchi,435,504,F1,02B,02G,1.1125886570284671e-07
Maxchi,443,496,F1,01A1,A1,0.042333171701855674
Maxchi,393,450,F1,02A,A1,0.0013574242948539183
Maxchi,443,496,F1,A1,A2D,0.0024922721091885517
Maxchi,411,459,F1,A1,A5U,0.0005195076846622699
Maxchi,476,504,F1,A1,A6,0.1712658680997437
Maxchi,451,508,F1,A1,G,0.00043882045491992446
Maxchi,453,501,F1,A1,J,0.006768741146915494
Maxchi,4080,4135,F1,A2,A5U,0.15530104129600822
Maxchi,443,496,F1,01A1,A2D,0.0024922721091885517
Maxchi,407,462,F1,A2D,C2U,0.0006307087248425548
Maxchi,338,391,F1,01C,A3,0.38073614237880793
Maxchi,417,467,F1,02A,A3,0.04694472697848181
Maxchi,405,454,F1,A1D,A3,0.029042195818757027
Maxchi,413,463,F1,A3,A6,0.03545213766499872
Maxchi,412,463,F1,A3,AD,0.002659317140032744
Maxchi,413,459,F1,02B,A5U,0.0005679790481949106
Maxchi,475,536,F1,01A1,A6,0.1474926049692597
Maxchi,450,505,F1,01B,A6,0.09826550544569602
Maxchi,434,484,F1,A6,AD,0.03705621856411898
Maxchi,451,505,F1,A6,AE,0.21419302571912488
Maxchi,437,485,F1,A6,AG,2.337022555902927e-06
Maxchi,417,465,F1,01C,AD,0.4312830147255562
Maxchi,360,414,F1,02A,AD,0.273321678292295
Maxchi,410,466,F1,02B,AD,0.3514537687475654
Maxchi,419,462,F1,02G,AD,0.18005456341886295
Maxchi,405,453,F1,A1D,AD,0.2672574931543847
Maxchi,496,547,F1,01A1,AE,0.0010699807884825595
Maxchi,496,547,F1,01B,AE,0.0010699807884825595
Maxchi,444,496,F1,01C,AE,0.0013015993776376556
Maxchi,416,464,F1,02A,AE,0.21986893044484188
Maxchi,338,389,F1,02B,AE,0.27892254528121196
Maxchi,444,493,F1,02G,AE,0.0024288822892615087
Maxchi,406,452,F1,A1D,AE,0.5504066652257602
Maxchi,412,460,F1,A5U,AE,4.515786059286766e-05
Maxchi,338,391,F1,AD,AE,0.07450614430338962
Maxchi,444,496,F1,AE,AG,0.023540058261177926
Maxchi,338,391,F1,AE,BC,0.18675653804065317
Maxchi,444,496,F1,AE,BF,0.0013015993776376556
Maxchi,496,547,F1,AE,BF1,0.0010699807884825595
Maxchi,394,441,F1,AE,BG,0.23113591631848496
Maxchi,338,391,F1,AE,C2U,0.07450614430338962
Maxchi,444,496,F1,01A1,AG,0.023540058261177926
Maxchi,338,389,F1,01B,AG,0.2877604231695219
Maxchi,389,439,F1,01C,AG,0.26945640515977404
Maxchi,454,501,F1,02A,AG,0.41302244179633285
Maxchi,454,501,F1,02B,AG,0.41302244179633285
Maxchi,468,516,F1,02G,AG,0.1485617748918646
Maxchi,405,453,F1,A1D,AG,0.47719661998877005
Maxchi,407,462,F1,A2D,AG,0.0006307087248425548
Maxchi,413,461,F1,A5U,AG,5.933355453311035e-08
Maxchi,408,460,F1,AD,AG,0.4815999681017722
Maxchi,339,389,F1,AG,BC,0.08172275229865922
Maxchi,453,503,F1,AG,BF1,0.01644739717132165
Maxchi,392,435,F1,AG,BG,4.953980371687381e-05
Maxchi,409,461,F1,AG,CD,0.2903465795154091
Maxchi,305,358,F1,AG,CPZ,0.3380667279531982
Maxchi,494,517,F1,AG,cpx,2.3175128178679494e-11
Maxchi,464,505,F1,B,K,0.010368207147910032
Maxchi,393,450,F1,A1,B.FR.83.HXBLAI_IIIB_BRU.K03455,0.0013574242948539183
Maxchi,454,501,F1,AG,B.FR.83.HXBLAI_IIIB_BRU.K03455,0.41302244179633285
Maxchi,413,481,F1,B.FR.83.HXBLAI_IIIB_BRU.K03455,D,0.010309351972763784
Maxchi,498,545,F1,B.FR.83.HXBLAI_IIIB_BRU.K03455,J,0.08591810885481589
Maxchi,353,403,F1,01A1,BC,0.41692388888478293
Maxchi,353,403,F1,01B,BC,0.020637558243972173
Maxchi,3344,3398,F1,A1D,BC,0.18832837924848533
Maxchi,358,413,F1,A2D,BC,0.15990269776475124
Maxchi,3341,3398,F1,A5U,BC,0.0914670980533126
Maxchi,3283,3333,F1,BC,BG,0.4404006981390033
Maxchi,8903,8940,F1,BC,CD,0.12199015019334426
Maxchi,443,496,F1,01A1,BF,0.015399935732800468
Maxchi,444,496,F1,01B,BF,0.0013015993776376556
Maxchi,496,547,F1,01C,BF,0.0025854430718900306
Maxchi,7960,8013,F1,02A,BF,0.001934145138784676
Maxchi,410,466,F1,02B,BF,0.14750525362623956
Maxchi,443,499,F1,A2D,BF,0.015936049614999063
Maxchi,496,548,F1,01C,BF1,0.0018779841402075065
Maxchi,7902,7951,F1,02A,BF1,9.464706778457628e-06
Maxchi,496,547,F1,02B,BF1,0.002444092113489658
Maxchi,442,498,F1,01A1,BG,0.0001651689478100826
Maxchi,392,435,F1,01B,BG,0.00027737450181313135
Maxchi,450,498,F1,01C,BG,0.019993999143050892
Maxchi,6741,6788,F1,02A,BG,5.886263140158881e-08
Maxchi,3965,3970,F1,02G,BG,3.763307607378343e-05
Maxchi,390,453,F1,A2D,BG,1.664208662311115e-08
Maxchi,441,496,F1,AD,BG,2.896765871729124e-05
Maxchi,412,467,F1,01A1,C,0.015202415878109046
Maxchi,413,467,F1,A2D,C,0.15990269776475124
Maxchi,3815,3869,F1,C,CD,0.443598431957837
Maxchi,8855,8898,F1,C,J,0.10909741732188713
Maxchi,6693,6741,F1,02A,CD,2.0108424348678818e-07
Maxchi,401,457,F1,A5U,D,0.0015233633416843395
Maxchi,499,506,F1,CD,D,0.001204809302744891
Maxchi,457,512,F1,D,DF,0.0007795137988926075
Maxchi,401,455,F1,D,G,0.0018512955320342326
Maxchi,5474,5501,F1,BF,DF,0.026246039829613526
Maxchi,3981,4021,F1,BG,DF,0.14679308730856683
Maxchi,444,496,F1,01B,F2,0.0013015993776376556
Maxchi,124,221,F1,02B,F2,2.5942981190272715e-20
Maxchi,322,371,F1,A1D,F2,0.013747690848185098
Maxchi,443,497,F1,A2D,F2,0.006390864581009115
Maxchi,124,221,F1,AD,F2,2.5942981190272715e-20
Maxchi,124,221,F1,AG,F2,2.5942981190272715e-20
Maxchi,371,419,F1,BC,F2,0.013747690848185098
Maxchi,1226,1274,F1,BF,F2,0.0009484979436361103
Maxchi,497,547,F1,DF,F2,0.003892417122778637
Maxchi,451,500,F1,F2,H,0.05389372027699651
Maxchi,124,222,F1,F2,K,6.433348684800992e-20
Maxchi,322,371,F1,F2,cpx,0.013747690848185098
Maxchi,434,498,F1,01A1,G,0.07334586407080738
Maxchi,4654,4700,F1,02G,G,0.5077795426784126
Maxchi,451,509,F1,A2D,G,0.026660731685926677
Maxchi,384,436,F1,AD,G,0.19719531638789567
Maxchi,412,464,F1,01A1,H,0.018672658683924186
Maxchi,443,495,F1,AE,H,0.11179815497250484
Maxchi,413,465,F1,AG,H,7.278718248439568e-05
Maxchi,504,556,F1,H,J,0.2271881881025414
Maxchi,453,501,F1,01B,J,0.00070045528872755
Maxchi,3025,3067,F1,01C,J,0.22813716166216336
Maxchi,487,539,F1,A5U,J,0.0009701315241544568
Maxchi,453,501,F1,AE,J,0.00070045528872755
Maxchi,504,556,F1,BF,J,0.01205399640933704
Maxchi,8913,8927,F1,J,cpx,0.0013041760680643365
Maxchi,415,465,F1,02A,K,0.42583104376182557
Maxchi,392,443,F1,A1D,K,0.021438542164595627
Maxchi,416,480,F1,A5U,K,0.16231314907025352
Maxchi,392,442,F1,AD,K,0.017638269184362447
Maxchi,416,481,F1,AG,K,0.13501801607756417
Maxchi,392,443,F1,BC,K,0.021438542164595627
Maxchi,553,608,F1,BF,K,0.03044608987451324
Maxchi,545,582,F1,BF1,K,0.2610401415713387
Maxchi,443,494,F1,CD,K,0.00703670030738243
Maxchi,306,361,F1,CPZ,K,0.09234025327424898
Maxchi,419,470,F1,DF,K,2.659261855078662e-05
Maxchi,8862,8901,F1,CD,L,0.02277102339393582
Maxchi,454,502,F1,01A1,cpx,0.31221638834331633
Maxchi,407,462,F1,A2D,cpx,0.0006307087248425548
Maxchi,499,536,F2,01A1,01C,0.47760461573273916
Maxchi,449,504,F2,01A1,02A,0.02764471890120681
Maxchi,493,546,F2,01A1,02B,0.0004952999283194321
Maxchi,449,504,F2,01A1,02G,0.0014995024269110295
Maxchi,333,384,F2,01A1,A1D,0.5649716471517103
Maxchi,411,459,F2,01A1,A5U,0.0005195076846622699
Maxchi,536,586,F2,01A1,AD,0.025260806432800046
Maxchi,451,508,F2,01A1,BF1,0.0020007977929495397
Maxchi,410,460,F2,01A1,C2U,0.07023368616098752
Maxchi,520,545,F2,01B,01C,0.013801575903726979
Maxchi,434,486,F2,01B,02A,0.00011249751795212783
Maxchi,388,437,F2,01B,02G,0.29221836816739777
Maxchi,339,387,F2,01B,A1D,0.5033706250157312
Maxchi,1077,1127,F2,01B,A2D,0.3243368590735233
Maxchi,412,460,F2,01B,A5U,0.00018033983092287495
Maxchi,536,586,F2,01B,AD,0.025260806432800046
Maxchi,444,496,F2,01B,BF1,0.0013015993776376556
Maxchi,333,383,F2,01B,C2U,0.20526828196397517
Maxchi,399,429,F2,01C,02A,0.03107142051226475
Maxchi,114,200,F2,02A,02B,2.1893678627744825e-15
Maxchi,335,384,F2,02A,C2U,0.19817431957246448
Maxchi,451,510,F2,01C,02B,0.0010097958779698994
Maxchi,331,386,F2,01C,02G,0.4415063991409569
Maxchi,335,384,F2,02A,02G,0.19817431957246448
Maxchi,435,504,F2,02B,02G,1.1125886570284671e-07
Maxchi,335,384,F2,02G,C2U,0.6356400089157308
Maxchi,413,465,F2,A,A2D,0.0028528929306505316
Maxchi,393,454,F2,A,A5U,0.00011384154942720643
Maxchi,413,465,F2,A1,A2,0.0001433996985618295
Maxchi,536,586,F2,A1,A2D,0.01198793122443384
Maxchi,411,459,F2,A1,A5U,0.0005195076846622699
Maxchi,476,504,F2,A1,A6,0.1712658680997437
Maxchi,340,389,F2,01C,A1D,0.10751135969600549
Maxchi,335,384,F2,02A,A1D,0.19817431957246448
Maxchi,330,382,F2,02B,A1D,0.12988017915641556
Maxchi,451,508,F2,01A1,A2,0.00019960043893454304
Maxchi,384,433,F2,02A,A2,0.19817431957246448
Maxchi,404,459,F2,A2,A6,5.391069233669729e-05
Maxchi,333,382,F2,A2,C,0.4245873525849071
Maxchi,383,433,F2,A2,C2U,0.5382526579885007
Maxchi,333,383,F2,A2,J,0.2214397326720097
Maxchi,333,383,F2,A2,cpx,0.2214397326720097
Maxchi,1077,1127,F2,01A1,A2D,0.3243368590735233
Maxchi,450,510,F2,01C,A2D,0.10796683438911384
Maxchi,132,181,F2,02G,A2D,2.2088536328104897e-12
Maxchi,334,393,F2,A1D,A2D,0.025721020619750432
Maxchi,413,462,F2,A2D,A5U,7.915021267388075e-06
Maxchi,443,497,F2,A2D,BF1,0.006390864581009115
Maxchi,383,433,F2,A2D,CPZ,0.24900035245209678
Maxchi,450,485,F2,01C,A3,0.038899914759326894
Maxchi,511,564,F2,02B,A3,0.0031176844358759307
Maxchi,493,546,F2,A3,AD,0.0003997817844526836
Maxchi,175,224,F2,A3,BC,0.16613821027904885
Maxchi,413,459,F2,02B,A5U,0.0005679790481949106
Maxchi,384,434,F2,A1D,A5U,0.7064241454056421
Maxchi,413,460,F2,A5U,AD,4.0589807639152854e-08
Maxchi,409,456,F2,A5U,C2U,0.18638075065681242
Maxchi,304,347,F2,A5U,CPZ,0.03444884519726779
Maxchi,450,505,F2,01B,A6,0.09826550544569602
Maxchi,386,440,F2,02G,A6,0.41617585205601837
Maxchi,434,484,F2,A6,AD,0.03705621856411898
Maxchi,451,505,F2,A6,AE,0.21419302571912488
Maxchi,485,532,F2,A6,AG,2.337022555902927e-06
Maxchi,417,465,F2,A6,BG,0.00020806657946604852
Maxchi,386,440,F2,A6,G,0.41617585205601837
Maxchi,471,514,F2,A6,J,3.4836122324045183e-05
Maxchi,459,509,F2,01C,AD,0.010762814282797807
Maxchi,114,200,F2,02A,AD,2.1893678627744825e-15
Maxchi,495,548,F2,02B,AD,0.002897054424207027
Maxchi,419,462,F2,02G,AD,0.18005456341886295
Maxchi,401,454,F2,A1D,AD,0.05108425894700148
Maxchi,114,200,F2,AD,BF1,7.036328985154184e-17
Maxchi,676,724,F2,01A1,AE,0.04328388447350591
Maxchi,1242,1302,F2,01B,AE,0.06938430823634041
Maxchi,520,545,F2,01C,AE,0.013801575903726979
Maxchi,433,486,F2,02A,AE,0.00017213137667013942
Maxchi,493,546,F2,02B,AE,0.0004952999283194321
Maxchi,339,387,F2,02G,AE,0.26290684824360844
Maxchi,339,387,F2,A1D,AE,0.3304757333832913
Maxchi,1077,1127,F2,A2D,AE,0.3243368590735233
Maxchi,412,460,F2,A5U,AE,4.515786059286766e-05
Maxchi,536,586,F2,AD,AE,0.025260806432800046
Maxchi,519,591,F2,AE,AG,0.0645845062521094
Maxchi,398,442,F2,AE,BC,0.1757343356442213
Maxchi,377,418,F2,AE,BF,0.18848603806737105
Maxchi,443,496,F2,AE,BF1,0.003554421026784216
Maxchi,391,442,F2,AE,BG,0.0006062102493819165
Maxchi,333,383,F2,AE,C2U,0.3525354808742699
Maxchi,381,413,F2,AE,cpx,0.06884504460752014
Maxchi,519,591,F2,01A1,AG,0.0645845062521094
Maxchi,536,586,F2,01B,AG,0.025260806432800046
Maxchi,459,514,F2,01C,AG,1.3480286154235398e-05
Maxchi,411,471,F2,02A,AG,0.030608297297771314
Maxchi,501,551,F2,02B,AG,0.018815723064786856
Maxchi,468,516,F2,02G,AG,0.1485617748918646
Maxchi,1120,1160,F2,A2D,AG,0.0506098021795244
Maxchi,413,461,F2,A5U,AG,5.933355453311035e-08
Maxchi,519,591,F2,AD,AG,0.0645845062521094
Maxchi,405,450,F2,AG,BC,0.24190958665107992
Maxchi,132,181,F2,AG,BF,1.0391318531499887e-11
Maxchi,114,200,F2,AG,BF1,7.036328985154184e-17
Maxchi,392,448,F2,AG,BG,5.621541940677569e-06
Maxchi,132,181,F2,AG,cpx,1.0391318531499887e-11
Maxchi,446,497,F2,B,CD,0.09126409037255706
Maxchi,496,545,F2,B,DF,0.0007517483636357952
Maxchi,496,544,F2,B,B.FR.83.HXBLAI_IIIB_BRU.K03455,2.9930622223033832e-05
Maxchi,333,382,F2,B.FR.83.HXBLAI_IIIB_BRU.K03455,C,0.4245873525849071
Maxchi,322,370,F2,B.FR.83.HXBLAI_IIIB_BRU.K03455,C2U,0.1485617748918646
Maxchi,497,547,F2,B.FR.83.HXBLAI_IIIB_BRU.K03455,CD,0.009914211838606657
Maxchi,496,545,F2,B.FR.83.HXBLAI_IIIB_BRU.K03455,DF,0.0007517483636357952
Maxchi,397,453,F2,B.FR.83.HXBLAI_IIIB_BRU.K03455,G,4.106550919263705e-05
Maxchi,447,496,F2,B.FR.83.HXBLAI_IIIB_BRU.K03455,H,0.09230740537980751
Maxchi,417,469,F2,B.FR.83.HXBLAI_IIIB_BRU.K03455,J,0.0006088208252308983
Maxchi,496,545,F2,B.FR.83.HXBLAI_IIIB_BRU.K03455,L,0.0005650376659946689
Maxchi,335,376,F2,B.FR.83.HXBLAI_IIIB_BRU.K03455,cpx,0.23889686006174898
Maxchi,405,456,F2,01A1,BC,6.099905113951777e-05
Maxchi,401,451,F2,01B,BC,0.47950012218695337
Maxchi,335,384,F2,02A,BC,0.19817431957246448
Maxchi,406,452,F2,02B,BC,0.21815241859688964
Maxchi,329,384,F2,02G,BC,0.2289601754237663
Maxchi,417,467,F2,A2D,BC,0.00012334735787249696
Maxchi,384,433,F2,BC,BG,0.6526480471013878
Maxchi,384,433,F2,BC,C2U,0.6526480471013878
Maxchi,311,360,F2,BC,CPZ,0.04943537870899749
Maxchi,441,487,F2,01B,BF,0.4365769098536174
Maxchi,331,386,F2,01C,BF,0.4415063991409569
Maxchi,416,464,F2,02A,BF,0.032969381244220025
Maxchi,410,466,F2,02B,BF,0.14750525362623956
Maxchi,322,371,F2,02G,BF,0.01989493198411115
Maxchi,443,497,F2,A2D,BF,0.006390864581009115
Maxchi,462,490,F2,A5U,BF,0.024729820253712204
Maxchi,114,200,F2,AD,BF,3.621653845613936e-16
Maxchi,1041,1083,F2,BF,BF1,0.3466311773419163
Maxchi,438,464,F2,BF,BG,0.0194260736904704
Maxchi,322,371,F2,BF,C2U,0.01989493198411115
Maxchi,322,378,F2,01C,BF1,0.006462709231672826
Maxchi,427,474,F2,02A,BF1,0.23811848052679357
Maxchi,114,200,F2,02B,BF1,7.036328985154184e-17
Maxchi,267,324,F2,BF1,CPZ,0.08596865871050414
Maxchi,392,443,F2,01B,BG,0.0007612812784549283
Maxchi,384,433,F2,02G,BG,0.2986882350656738
Maxchi,384,433,F2,BG,C2U,0.2657092249040195
Maxchi,311,360,F2,BG,CPZ,0.27541100015000575
Maxchi,336,384,F2,01A1,C,0.12133525035848208
Maxchi,333,382,F2,BG,C,0.4245873525849071
Maxchi,417,474,F2,C,CD,0.00046163628121993826
Maxchi,333,382,F2,C,J,0.4245873525849071
Maxchi,331,386,F2,01C,C2U,0.4415063991409569
Maxchi,335,384,F2,02A,CD,0.19817431957246448
Maxchi,336,377,F2,02G,CD,0.07912873594829226
Maxchi,336,377,F2,A1D,CD,0.07912873594829226
Maxchi,417,469,F2,A5U,CD,6.895133877944071e-05
Maxchi,446,497,F2,BF1,CD,0.09126409037255706
Maxchi,447,496,F2,C2U,CD,0.046593703371131986
Maxchi,348,402,F2,CD,CPZ,0.2704002134707415
Maxchi,499,506,F2,CD,D,0.001204809302744891
Maxchi,457,512,F2,D,DF,0.0007795137988926075
Maxchi,410,463,F2,D,H,0.003378453060406757
Maxchi,331,386,F2,01C,DF,0.4415063991409569
Maxchi,335,384,F2,02A,DF,0.19817431957246448
Maxchi,336,377,F2,02G,DF,0.19919340146546316
Maxchi,334,384,F2,A1D,DF,0.7064241454056421
Maxchi,443,495,F2,A2D,DF,0.06067647421012434
Maxchi,417,469,F2,A5U,DF,0.00018266061099067262
Maxchi,496,545,F2,BF1,DF,0.0007517483636357952
Maxchi,497,547,F2,CD,DF,0.009914211838606657
Maxchi,1040,1093,F2,BF1,F1,0.21400594078462523
Maxchi,442,503,F2,01A1,G,0.10283853399734726
Maxchi,384,433,F2,02A,G,0.19817431957246448
Maxchi,383,433,F2,02G,G,0.5643513198181574
Maxchi,445,493,F2,A2D,G,0.19135849868336588
Maxchi,393,454,F2,A5U,G,8.68307300331866e-09
Maxchi,442,491,F2,AE,G,0.020325167663082015
Maxchi,441,491,F2,AG,G,0.005256147131100633
Maxchi,417,469,F2,BG,G,0.002353007150447357
Maxchi,401,454,F2,CD,G,0.00017285415757614837
Maxchi,309,356,F2,CPZ,G,0.11371181944618351
Maxchi,450,506,F2,G,J,7.754614259499239e-07
Maxchi,445,492,F2,G,K,0.0270064670503473
Maxchi,386,440,F2,01C,H,0.08326451666355042
Maxchi,406,462,F2,A2D,H,0.00034918990350158574
Maxchi,417,467,F2,A5U,H,0.0005087782823829634
Maxchi,384,433,F2,BC,H,0.6526480471013878
Maxchi,446,496,F2,BF,H,0.37299848361348686
Maxchi,446,496,F2,BF1,H,0.5078006482752733
Maxchi,331,384,F2,C2U,H,0.3576964384718777
Maxchi,496,545,F2,CD,H,0.0022706151460082226
Maxchi,322,370,F2,CPZ,H,0.3298360537318693
Maxchi,323,371,F2,H,cpx,0.041016255300537395
Maxchi,503,556,F2,01A1,J,0.29549523107725517
Maxchi,335,384,F2,02A,J,0.19817431957246448
Maxchi,451,503,F2,A2D,J,0.05064151929736357
Maxchi,418,466,F2,A5U,J,1.0731706198330084e-05
Maxchi,417,474,F2,BF,J,0.004804043344881614
Maxchi,417,474,F2,BF1,J,0.004804043344881614
Maxchi,383,433,F2,BG,J,0.40081416938293435
Maxchi,417,474,F2,CD,J,0.000245841721944926
Maxchi,1070,1111,F2,01A1,K,0.37109336952269756
Maxchi,114,201,F2,02A,K,5.143058089698704e-15
Maxchi,398,442,F2,02G,K,0.07888530302601765
Maxchi,334,384,F2,A1D,K,0.26945640515977404
Maxchi,406,460,F2,A5U,K,2.835678221774547e-07
Maxchi,546,583,F2,AD,K,0.21129954733370696
Maxchi,559,571,F2,AE,K,5.587260371231264e-09
Maxchi,546,583,F2,AG,K,0.21129954733370696
Maxchi,427,478,F2,BC,K,0.03324081086279403
Maxchi,133,182,F2,BF,K,1.3075690707611078e-12
Maxchi,114,201,F2,BF1,K,1.6723322879443774e-16
Maxchi,385,446,F2,BG,K,9.7074366094831e-06
Maxchi,443,494,F2,CD,K,0.00703670030738243
Maxchi,419,470,F2,DF,K,2.659261855078662e-05
Maxchi,406,460,F2,K,L,0.0001883773738774027
Maxchi,446,498,F2,01A1,L,0.07084253248012093
Maxchi,386,440,F2,01C,L,0.08326451666355042
Maxchi,335,384,F2,02A,L,0.19817431957246448
Maxchi,394,456,F2,A2D,L,8.264190964819632e-06
Maxchi,413,463,F2,A5U,L,0.000480341199981871
Maxchi,114,200,F2,AD,L,1.1184704712425428e-17
Maxchi,114,200,F2,AG,L,1.1184704712425428e-17
Maxchi,417,465,F2,BG,L,0.0010508930982961143
Maxchi,496,545,F2,CD,L,0.0022706151460082226
Maxchi,267,324,F2,CPZ,L,0.37831379219766825
Maxchi,454,502,F2,01A1,cpx,0.31221638834331633
Maxchi,434,467,F2,01B,cpx,0.06113769257249477
Maxchi,335,384,F2,02A,cpx,0.19817431957246448
Maxchi,335,376,F2,02G,cpx,0.23889686006174898
Maxchi,355,403,F2,A2D,cpx,0.1204728502922188
Maxchi,407,461,F2,A5U,cpx,0.0010908351761252995
Maxchi,375,419,F2,AD,cpx,0.008393206046397083
Maxchi,354,402,F2,BC,cpx,0.18242243945173198
Maxchi,335,376,F2,BG,cpx,0.23889686006174898
Maxchi,336,377,F2,CD,cpx,0.07912873594829226
Maxchi,310,355,F2,CPZ,cpx,0.1524050164766265
Maxchi,335,376,F2,DF,cpx,0.23889686006174898
Maxchi,442,503,G,01A1,01C,0.10283853399734726
Maxchi,434,486,G,01A1,02A,3.4824333241543934e-06
Maxchi,444,493,G,01A1,02G,6.124806317288862e-06
Maxchi,410,466,G,01A1,A5U,0.01086663530969997
Maxchi,443,492,G,01A1,C2U,0.0033279051255273866
Maxchi,315,363,G,01A1,CPZ,0.0023861766280307488
Maxchi,442,503,G,01A1,01B,0.10283853399734726
Maxchi,555,601,G,01B,01C,0.04319096462724591
Maxchi,449,498,G,01B,02B,0.26949136870208057
Maxchi,446,494,G,01B,A2D,0.3652578484486141
Maxchi,503,559,G,01B,AD,0.08395281829312767
Maxchi,441,493,G,01B,BF1,0.12419239344721592
Maxchi,441,493,G,01B,C2U,0.4420677940706149
Maxchi,315,370,G,01B,CPZ,0.003397629440865156
Maxchi,486,539,G,01C,02A,0.000987071311898626
Maxchi,431,505,G,02A,02B,3.978066372666849e-05
Maxchi,442,484,G,01C,02B,0.0009770349252639042
Maxchi,382,434,G,02B,CPZ,0.3387826174984356
Maxchi,4654,4701,G,02G,C2U,0.4362855473993795
Maxchi,444,493,G,02G,A1,1.3975659602661465e-05
Maxchi,515,568,G,A1,AG,0.0348658508093252
Maxchi,392,438,G,02B,A1D,0.097227911958164
Maxchi,400,451,G,01B,A2,0.00039224220558823513
Maxchi,392,442,G,02B,A2,0.12282264810139186
Maxchi,451,502,G,A2,AE,0.00039224220558823513
Maxchi,3938,3987,G,A2,F1,0.16811129302065989
Maxchi,333,383,G,A2,F2,0.2214397326720097
Maxchi,3985,4049,G,A2,L,0.005314254283797036
Maxchi,448,516,G,01C,A2D,5.303070769642847e-06
Maxchi,445,493,G,02B,A2D,0.22067136191984324
Maxchi,394,451,G,02G,A2D,0.005034813357173804
Maxchi,358,434,G,A1D,A2D,4.1988171794384633e-07
Maxchi,447,505,G,A2D,AD,0.05078622793194476
Maxchi,358,433,G,A2D,C2U,1.4472439949385245e-09
Maxchi,315,370,G,A2D,CPZ,1.111905323052903e-05
Maxchi,447,498,G,01B,A3,0.23503238684941846
Maxchi,478,520,G,01C,A3,0.008150971593502705
Maxchi,447,503,G,A3,AD,0.04819217215880562
Maxchi,446,494,G,A3,AG,0.03732774519051711
Maxchi,426,473,G,A3,B,0.10225735379718875
Maxchi,438,490,G,A3,C,0.06027109272093036
Maxchi,429,489,G,A3,C2U,0.052807511416113395
Maxchi,402,445,G,A3,CD,0.027239871019661105
Maxchi,469,512,G,A3,F2,0.19126760557123534
Maxchi,406,460,G,A3,K,0.002781281393013569
Maxchi,426,477,G,A3,L,0.1619950866312151
Maxchi,394,444,G,02B,A5U,1.1576826329956625e-07
Maxchi,4948,5001,G,02G,A5U,0.21032612402050768
Maxchi,413,460,G,A5U,AD,1.854082149027039e-07
Maxchi,3235,3286,G,A5U,C2U,0.03374573108687427
Maxchi,442,491,G,01A1,A6,0.03989425809237361
Maxchi,451,505,G,01B,A6,0.05453468657766945
Maxchi,445,495,G,02B,A6,0.0012408198296110042
Maxchi,451,505,G,A6,AE,0.12116429048207396
Maxchi,451,507,G,A6,K,0.00044681774537259135
Maxchi,445,493,G,02B,AD,0.4853759125182724
Maxchi,431,480,G,A1D,AD,0.0018594922442006312
Maxchi,394,441,G,AD,BF1,0.024743077630290457
Maxchi,449,502,G,AD,C2U,0.2241139540088527
Maxchi,336,387,G,AD,CPZ,0.010556660425736154
Maxchi,442,503,G,01A1,AE,0.10283853399734726
Maxchi,636,689,G,01B,AE,0.3394475524931131
Maxchi,569,572,G,01C,AE,4.4463659546212463e-07
Maxchi,434,486,G,02A,AE,2.365436357741536e-06
Maxchi,449,498,G,02B,AE,0.45571432401694
Maxchi,412,460,G,A5U,AE,0.00018033983092287495
Maxchi,442,503,G,AD,AE,0.05860107828752473
Maxchi,442,503,G,AE,AG,0.05860107828752473
Maxchi,441,490,G,AE,BC,0.30536488008770374
Maxchi,397,440,G,AE,BF,0.04019130749721493
Maxchi,441,493,G,AE,BF1,0.12419239344721592
Maxchi,426,477,G,AE,BG,0.21015799373615301
Maxchi,441,493,G,AE,C2U,0.4420677940706149
Maxchi,449,495,G,AE,CD,0.031298861785649335
Maxchi,315,370,G,AE,CPZ,0.001289183737647529
Maxchi,451,500,G,AE,DF,0.0039040592195974688
Maxchi,446,481,G,AE,cpx,0.052968846712618825
Maxchi,513,564,G,01A1,AG,0.00011473983813914064
Maxchi,447,506,G,01B,AG,0.08616584437864666
Maxchi,496,516,G,01C,AG,5.110598429552807e-07
Maxchi,450,505,G,02A,AG,0.08025388041180573
Maxchi,451,496,G,02B,AG,0.23257609544919172
Maxchi,450,504,G,A1D,AG,0.008363693759999218
Maxchi,446,494,G,A2D,AG,0.3652578484486141
Maxchi,413,461,G,A5U,AG,2.636597351804326e-07
Maxchi,447,506,G,AD,AG,0.08616584437864666
Maxchi,393,440,G,AG,BF,0.2722991191796981
Maxchi,393,440,G,AG,BF1,0.4214404791134949
Maxchi,465,516,G,AG,BG,0.001291334031845992
Maxchi,441,489,G,AG,C2U,0.4385780260809997
Maxchi,440,488,G,AG,CD,0.23377992925218907
Maxchi,384,434,G,AG,CPZ,0.4404006981390033
Maxchi,441,489,G,AG,DF,0.03504286113088324
Maxchi,465,491,G,AG,cpx,2.925570271891493e-13
Maxchi,394,446,G,02B,B,0.15929011137171645
Maxchi,445,493,G,AD,B,0.2974559409135846
Maxchi,453,508,G,B,F2,0.00025396841368265804
Maxchi,386,449,G,01A1,BC,4.641956958264711e-06
Maxchi,441,490,G,01B,BC,0.30536488008770374
Maxchi,3272,3324,G,01C,BC,0.012379857715756622
Maxchi,3341,3398,G,02A,BC,0.054038673418208324
Maxchi,406,452,G,02B,BC,0.21815241859688964
Maxchi,3272,3324,G,A1D,BC,0.012379857715756622
Maxchi,359,434,G,A2D,BC,8.377931524486733e-08
Maxchi,394,451,G,AD,BC,0.0037322661179250314
Maxchi,8688,8740,G,BC,CD,0.20391264466327402
Maxchi,394,441,G,01B,BF,0.040664956689662635
Maxchi,6767,6811,G,02A,BF,0.0006588439995754534
Maxchi,354,410,G,02B,BF,0.026720729767797213
Maxchi,4048,4065,G,02G,BF,0.0035862997569277694
Maxchi,384,436,G,A2D,BF,0.11205561344163809
Maxchi,385,436,G,AD,BF,0.08942243417922216
Maxchi,6747,6800,G,02A,BF1,4.720351518455377e-06
Maxchi,354,410,G,02B,BF1,0.026720729767797213
Maxchi,477,528,G,01A1,BG,0.04780115887745728
Maxchi,426,474,G,02B,BG,0.5581846494226572
Maxchi,6008,6062,G,02G,BG,0.08999456780822414
Maxchi,389,439,G,02B,C,0.18532630419857582
Maxchi,438,490,G,AD,C,0.1259001168466198
Maxchi,356,412,G,AG,C,0.021921902502023017
Maxchi,438,490,G,C,D,0.0022429777744073323
Maxchi,392,441,G,02B,C2U,0.07552398753331192
Maxchi,449,495,G,01B,CD,0.031298861785649335
Maxchi,386,445,G,02B,CD,0.021259274857123485
Maxchi,463,516,G,A2D,CD,0.00021848815742988046
Maxchi,401,451,G,AD,CD,0.022619329738330623
Maxchi,441,490,G,02B,D,0.010387360861852175
Maxchi,441,492,G,AG,D,0.005092894205980579
Maxchi,385,449,G,BC,D,3.04005511544109e-05
Maxchi,401,454,G,BF1,D,0.014256080900081146
Maxchi,451,500,G,C2U,D,0.12896251516870524
Maxchi,486,500,G,CD,D,0.01744202895944942
Maxchi,441,490,G,D,F2,0.010387360861852175
Maxchi,445,492,G,D,K,0.0270064670503473
Maxchi,451,500,G,01B,DF,0.0039040592195974688
Maxchi,392,441,G,02B,DF,0.0473302084081901
Maxchi,4654,4700,G,02G,DF,0.48356359766125023
Maxchi,468,520,G,A2D,DF,1.2113385224434341e-05
Maxchi,402,454,G,AD,DF,0.0006956564243742932
Maxchi,394,441,G,01B,F1,0.2015079646569034
Maxchi,398,442,G,02B,F1,0.07888530302601765
Maxchi,394,441,G,AE,F1,0.2015079646569034
Maxchi,393,440,G,AG,F1,0.2722991191796981
Maxchi,445,499,G,F1,F2,0.004391019222117709
Maxchi,404,471,G,F1,K,0.06899311121250729
Maxchi,442,491,G,01B,F2,0.03989425809237361
Maxchi,442,490,G,01C,F2,0.007127870611127218
Maxchi,446,498,G,02B,F2,0.29733758563464685
Maxchi,334,384,G,A1D,F2,0.7064241454056421
Maxchi,441,491,G,AD,F2,0.23628055760325067
Maxchi,384,433,G,BC,F2,0.6526480471013878
Maxchi,322,371,G,BF,F2,0.01989493198411115
Maxchi,439,488,G,BF1,F2,0.5628691527705981
Maxchi,383,433,G,C2U,F2,0.5643513198181574
Maxchi,333,383,G,DF,F2,0.4404006981390033
Maxchi,381,427,G,F2,L,0.4125656435083743
Maxchi,335,376,G,F2,cpx,0.23889686006174898
Maxchi,412,464,G,01A1,H,0.018672658683924186
Maxchi,5011,5067,G,02G,H,0.08591559741789434
Maxchi,394,452,G,A2D,H,0.00046397929358656055
Maxchi,440,488,G,AG,H,0.6758955687678332
Maxchi,441,490,G,01A1,J,0.09995826901598188
Maxchi,413,472,G,01B,J,0.10354890410293692
Maxchi,4629,4700,G,02G,J,0.016004011508089833
Maxchi,413,472,G,A2D,J,0.0003385453452481859
Maxchi,487,540,G,A5U,J,0.0012335573995227087
Maxchi,413,472,G,AD,J,0.006681390566024786
Maxchi,413,472,G,AE,J,0.10354890410293692
Maxchi,412,471,G,AG,J,4.230795224505377e-05
Maxchi,3335,3385,G,BC,J,0.01842212545409897
Maxchi,445,492,G,01B,K,0.05101523973567573
Maxchi,451,507,G,01C,K,5.527382374617532e-05
Maxchi,419,462,G,02A,K,0.09932323210427291
Maxchi,451,508,G,02B,K,3.762306290507838e-05
Maxchi,441,486,G,02G,K,0.015990728820776543
Maxchi,393,451,G,A1D,K,0.011835921280190554
Maxchi,406,460,G,A5U,K,2.835678221774547e-07
Maxchi,445,492,G,AD,K,0.05101523973567573
Maxchi,445,492,G,AE,K,0.05101523973567573
Maxchi,445,492,G,AG,K,0.05101523973567573
Maxchi,384,446,G,BC,K,0.0006569478833522939
Maxchi,392,463,G,BF,K,0.06337693366498008
Maxchi,403,471,G,BF1,K,0.013411049254325371
Maxchi,418,469,G,BG,K,0.0003850745099299957
Maxchi,365,416,G,CPZ,K,0.02098507869133067
Maxchi,437,489,G,DF,K,0.012379857715756622
Maxchi,384,435,G,K,L,0.1799976139451144
Maxchi,449,498,G,01B,L,0.02479870836058632
Maxchi,4813,4867,G,02G,L,0.07470593331213042
Maxchi,395,456,G,A2D,L,1.8683022968902387e-06
Maxchi,439,507,G,AD,L,0.004031435729820357
Maxchi,449,498,G,AE,L,0.02479870836058632
Maxchi,450,505,G,AG,L,0.0022010947490143694
Maxchi,3272,3324,G,BC,L,0.16792904782821988
Maxchi,446,481,G,01B,cpx,0.12464977840525263
Maxchi,391,438,G,02B,cpx,0.0007601885176724265
Maxchi,4867,4921,G,02G,cpx,0.08326451666355042
Maxchi,395,451,G,A2D,cpx,6.994231601848349e-05
Maxchi,3341,3398,G,BC,cpx,0.054038673418208324
Maxchi,500,547,H,01A1,01C,0.29470287844035303
Maxchi,443,492,H,01A1,02A,0.06708336399213033
Maxchi,443,495,H,01A1,02G,0.18175862658485153
Maxchi,467,520,H,01A1,A5U,0.0031560175455886508
Maxchi,495,547,H,01A1,AD,0.007799288859837901
Maxchi,448,501,H,01A1,BF1,0.09509943911606593
Maxchi,412,464,H,01A1,C2U,0.018672658683924186
Maxchi,459,511,H,01A1,01B,0.06067647421012434
Maxchi,459,511,H,01B,01C,0.06067647421012434
Maxchi,443,495,H,01B,02A,0.11179815497250484
Maxchi,413,464,H,01B,02B,0.0027600269458943104
Maxchi,444,493,H,01B,02G,0.00538703355141441
Maxchi,443,492,H,01B,A2D,0.043848204057658886
Maxchi,434,481,H,01B,A5U,2.073831385627362e-05
Maxchi,495,547,H,01B,AD,0.007799288859837901
Maxchi,443,492,H,01B,BF1,0.036511210187033266
Maxchi,443,492,H,01B,C2U,0.036511210187033266
Maxchi,327,383,H,01B,CPZ,0.3670263249444189
Maxchi,505,559,H,01C,02A,0.010587137334056926
Maxchi,413,464,H,02A,02B,0.0027600269458943104
Maxchi,2234,2277,H,02A,CPZ,0.02520561121671486
Maxchi,391,447,H,01C,02B,0.0019227677881793913
Maxchi,372,413,H,02B,CPZ,0.13364243993646555
Maxchi,511,563,H,01C,02G,0.061590272984687305
Maxchi,406,462,H,02B,02G,9.76983518292939e-06
Maxchi,412,464,H,A1,B,0.09035734147241459
Maxchi,412,471,H,A1,C,0.1373653088564922
Maxchi,412,464,H,A1,F1,0.09035734147241459
Maxchi,412,464,H,A1,F2,0.09035734147241459
Maxchi,443,492,H,A1,G,0.21977464210879585
Maxchi,413,471,H,A1,J,0.0712515650670135
Maxchi,394,455,H,A1,K,0.00010161555763647688
Maxchi,453,501,H,A1,L,0.08085559837005234
Maxchi,391,447,H,02B,A1D,0.0019227677881793913
Maxchi,2234,2277,H,A1D,CPZ,0.02520561121671486
Maxchi,412,464,H,01A1,A2,0.018672658683924186
Maxchi,406,461,H,01B,A2,0.012598197091145387
Maxchi,4569,4618,H,A2,A5U,0.5669583230428424
Maxchi,393,440,H,A2,K,0.32814191521555386
Maxchi,7477,7528,H,A2,cpx,0.30303279442748926
Maxchi,443,492,H,01A1,A2D,0.043848204057658886
Maxchi,394,453,H,02A,A2D,0.00133239331720317
Maxchi,406,462,H,02G,A2D,0.00014152378145907514
Maxchi,407,462,H,A1D,A2D,0.0005294930567809988
Maxchi,407,459,H,A2D,A5U,0.0010272333273914224
Maxchi,443,492,H,A2D,AD,0.043848204057658886
Maxchi,407,462,H,A2D,C2U,0.0005294930567809988
Maxchi,317,375,H,A2D,CPZ,0.16439422239165394
Maxchi,495,547,H,01B,A3,0.06067647421012434
Maxchi,464,516,H,A1D,A3,0.024974679293054206
Maxchi,495,547,H,A3,A6,0.06067647421012434
Maxchi,495,547,H,A3,AD,0.06067647421012434
Maxchi,495,547,H,A3,AE,0.06067647421012434
Maxchi,393,440,H,A3,K,0.14668655551929263
Maxchi,3282,3341,H,A5U,BF1,0.17350921879569672
Maxchi,3445,3480,H,A5U,C2U,0.14217517779765446
Maxchi,452,500,H,01B,A6,0.45779244332030455
Maxchi,452,500,H,A6,AE,0.45779244332030455
Maxchi,438,485,H,A6,AG,1.462170522547186e-05
Maxchi,8711,8764,H,A6,C,0.16531674861801263
Maxchi,443,495,H,A6,F2,0.24721517614959104
Maxchi,413,464,H,A6,K,0.0011741117568090092
Maxchi,443,492,H,02A,AD,0.02261675536053429
Maxchi,443,493,H,02G,AD,0.0015245562361271003
Maxchi,492,541,H,A1D,AD,0.004302684756895408
Maxchi,409,459,H,AD,BF1,0.38271671456765544
Maxchi,443,492,H,AD,C2U,0.02261675536053429
Maxchi,327,380,H,AD,CPZ,0.3001089999365946
Maxchi,459,511,H,01A1,AE,0.06067647421012434
Maxchi,511,563,H,01B,AE,0.3760918174259896
Maxchi,452,500,H,01C,AE,0.45779244332030455
Maxchi,443,492,H,02A,AE,0.036511210187033266
Maxchi,443,493,H,02G,AE,0.0007421842888034797
Maxchi,443,492,H,A2D,AE,0.043848204057658886
Maxchi,495,547,H,AD,AE,0.007799288859837901
Maxchi,442,495,H,AE,AG,0.004098859092279476
Maxchi,408,459,H,AE,BC,0.06865032077887374
Maxchi,358,409,H,AE,BF,0.22834916202771843
Maxchi,409,459,H,AE,BF1,0.0740225429253814
Maxchi,443,495,H,AE,C2U,0.11179815497250484
Maxchi,406,461,H,AE,CD,0.029945820149151415
Maxchi,406,461,H,AE,DF,0.029945820149151415
Maxchi,495,547,H,01A1,AG,8.555532339469054e-06
Maxchi,495,547,H,01B,AG,8.555532339469054e-06
Maxchi,443,492,H,01C,AG,0.0001876869804587099
Maxchi,443,495,H,02A,AG,0.0015600069264341278
Maxchi,443,492,H,02B,AG,0.0001876869804587099
Maxchi,468,515,H,02G,AG,0.15710716103576738
Maxchi,413,465,H,A1D,AG,7.278718248439568e-05
Maxchi,406,462,H,A2D,AG,0.00014152378145907514
Maxchi,413,467,H,A5U,AG,4.490279936860011e-05
Maxchi,443,495,H,AD,AG,0.0015600069264341278
Maxchi,408,459,H,AG,BC,0.22311484747867688
Maxchi,358,409,H,AG,BF,0.2571920350404281
Maxchi,409,459,H,AG,BF1,0.2571920350404281
Maxchi,413,465,H,AG,C2U,7.278718248439568e-05
Maxchi,413,465,H,AG,CD,7.278718248439568e-05
Maxchi,368,413,H,AG,CPZ,0.33903998868644947
Maxchi,416,466,H,AG,DF,6.898631384738622e-06
Maxchi,412,464,H,01A1,B,0.018672658683924186
Maxchi,375,441,H,AD,B,0.0006333822246839619
Maxchi,443,495,H,B,F2,0.24721517614959104
Maxchi,439,501,H,A3,B.FR.83.HXBLAI_IIIB_BRU.K03455,0.03868646526715733
Maxchi,375,441,H,AD,B.FR.83.HXBLAI_IIIB_BRU.K03455,0.0006333822246839619
Maxchi,404,451,H,01A1,BC,0.6006042071637501
Maxchi,408,459,H,01B,BC,0.06865032077887374
Maxchi,3329,3375,H,01C,BC,0.285481754383597
Maxchi,358,404,H,02B,BC,0.10026574948777908
Maxchi,409,462,H,A2D,BC,0.14584124474209786
Maxchi,3265,3324,H,A5U,BC,0.007453889255717952
Maxchi,408,459,H,AD,BC,0.7412881995645775
Maxchi,3402,3454,H,BC,BG,0.29795306160816476
Maxchi,393,451,H,01A1,BF,0.000850820275112529
Maxchi,406,458,H,01B,BF,0.07941127253803493
Maxchi,6760,6812,H,02A,BF,0.02258688816417965
Maxchi,358,411,H,02B,BF,0.3006318300078994
Maxchi,407,462,H,A2D,BF,0.0005294930567809988
Maxchi,3282,3342,H,A5U,BF,0.07484215610568723
Maxchi,358,409,H,AD,BF,0.38271671456765544
Maxchi,6760,6812,H,02A,BF1,0.0015358623310297878
Maxchi,411,463,H,02B,BF1,0.3006318300078994
Maxchi,4313,4365,H,02G,BG,0.07791120702910179
Maxchi,2231,2277,H,BG,CPZ,0.008088010876090478
Maxchi,448,501,H,01A1,C,0.09509943911606593
Maxchi,407,468,H,01B,C,0.002334785761015142
Maxchi,412,471,H,AD,C,0.0011919410676483409
Maxchi,407,468,H,AE,C,0.002334785761015142
Maxchi,416,466,H,C,K,0.39942503212000346
Maxchi,4527,4576,H,C,L,0.06642640238774444
Maxchi,391,447,H,02B,C2U,0.0019227677881793913
Maxchi,416,472,H,01A1,CD,0.09261734149401607
Maxchi,410,463,H,01B,CD,0.03729886133361802
Maxchi,391,447,H,02B,CD,0.0019227677881793913
Maxchi,412,464,H,AD,CD,0.0010272333273914224
Maxchi,410,463,H,01B,D,0.003378453060406757
Maxchi,410,463,H,02G,D,0.003378453060406757
Maxchi,410,463,H,AD,D,0.003378453060406757
Maxchi,410,463,H,AE,D,0.003378453060406757
Maxchi,410,462,H,BF,D,2.886616641739289e-06
Maxchi,520,595,H,CD,D,0.008810285508869824
Maxchi,489,540,H,D,DF,0.15713638788150552
Maxchi,383,438,H,D,cpx,0.04139761866128843
Maxchi,465,514,H,01A1,DF,0.12543651972862271
Maxchi,465,514,H,01B,DF,0.010653553651727392
Maxchi,452,502,H,02B,DF,0.05658635924632134
Maxchi,495,546,H,A2D,DF,0.0029858746260015712
Maxchi,464,512,H,AD,DF,0.00018756572413969295
Maxchi,443,492,H,01B,F1,0.036511210187033266
Maxchi,358,409,H,AD,F1,0.38271671456765544
Maxchi,464,505,H,F1,K,0.008532691358833666
Maxchi,448,501,H,01A1,F2,0.09509943911606593
Maxchi,443,492,H,01B,F2,0.036511210187033266
Maxchi,335,384,H,02A,F2,0.19817431957246448
Maxchi,391,440,H,AE,F2,0.40031965029743943
Maxchi,417,466,H,BG,F2,0.000839021329152479
Maxchi,443,495,H,DF,F2,0.24721517614959104
Maxchi,383,433,H,F2,G,0.5643513198181574
Maxchi,417,473,H,F2,J,0.0003008881541982565
Maxchi,496,546,H,F2,L,0.0024318453627428563
Maxchi,450,498,H,01B,G,0.06446548007781994
Maxchi,464,515,H,AD,G,0.0010272333273914224
Maxchi,450,498,H,AE,G,0.06446548007781994
Maxchi,437,488,H,G,K,0.09342266476260572
Maxchi,413,472,H,01B,J,0.10354890410293692
Maxchi,404,453,H,02B,J,0.009087467452439208
Maxchi,498,543,H,02G,J,0.01124998724299568
Maxchi,413,472,H,A2D,J,0.0003385453452481859
Maxchi,411,470,H,AD,J,0.0004956329690686221
Maxchi,407,468,H,AE,J,0.00581924789263981
Maxchi,413,472,H,AG,J,1.0398346191098847e-05
Maxchi,487,536,H,BC,J,0.00265410172198944
Maxchi,450,505,H,01A1,K,0.0004993081969943694
Maxchi,393,440,H,01B,K,0.22297171992983647
Maxchi,393,440,H,01C,K,0.28565232751782166
Maxchi,416,466,H,02A,K,0.39942503212000346
Maxchi,393,440,H,02B,K,0.28565232751782166
Maxchi,393,440,H,02G,K,0.28565232751782166
Maxchi,416,466,H,A1D,K,0.39942503212000346
Maxchi,394,455,H,A2D,K,2.7958465698863043e-05
Maxchi,395,450,H,A5U,K,0.0004519843911862586
Maxchi,409,463,H,AD,K,0.3466538695616568
Maxchi,384,436,H,AE,K,0.07714051233716633
Maxchi,393,440,H,AG,K,0.28565232751782166
Maxchi,409,463,H,BC,K,0.3466538695616568
Maxchi,409,464,H,BF,K,0.3924853655317465
Maxchi,409,464,H,BF1,K,0.3924853655317465
Maxchi,385,446,H,BG,K,7.494737892337306e-06
Maxchi,410,462,H,CD,K,3.8885560784717e-05
Maxchi,315,366,H,CPZ,K,0.12727621033034475
Maxchi,418,466,H,DF,K,1.0529141903587239e-06
Maxchi,380,432,H,K,cpx,0.04995368670990745
Maxchi,495,547,H,01A1,L,0.5103578488686935
Maxchi,513,568,H,01B,L,0.3809680794766147
Maxchi,459,505,H,02B,L,0.14152262826500633
Maxchi,442,495,H,AD,L,0.00811427005066765
Maxchi,458,514,H,AE,L,0.07263180800038568
Maxchi,7415,7461,H,BG,L,0.07991317509998397
Maxchi,494,509,H,01A1,cpx,0.020921335337794035
Maxchi,513,568,H,01B,cpx,0.19392165031095343
Maxchi,406,462,H,A2D,cpx,0.00014152378145907514
Maxchi,464,489,H,AD,cpx,0.0054747212110127395
Maxchi,547,600,J,01A1,01C,0.09192709254792425
Maxchi,414,472,J,01A1,02A,0.05295493544272461
Maxchi,413,472,J,01A1,02G,0.10981711831314052
Maxchi,413,467,J,01A1,A5U,0.00025066428538253536
Maxchi,414,472,J,01A1,AD,0.05295493544272461
Maxchi,413,472,J,01A1,C2U,0.10981711831314052
Maxchi,313,362,J,01A1,CPZ,0.006637345528607769
Maxchi,462,513,J,01A1,01B,0.07385290495418369
Maxchi,550,607,J,01B,01C,0.04900804979677629
Maxchi,414,472,J,01B,02A,0.05136401869915024
Maxchi,413,472,J,01B,02G,1.9734262376203467e-05
Maxchi,403,451,J,01B,A1D,0.2935105954424976
Maxchi,504,556,J,01B,A2D,0.07142345772985215
Maxchi,412,460,J,01B,A5U,0.00018033983092287495
Maxchi,451,497,J,01B,AD,0.21265557081620096
Maxchi,404,453,J,01B,BF1,0.00070045528872755
Maxchi,414,472,J,01B,C2U,0.05136401869915024
Maxchi,313,363,J,01B,CPZ,0.016859358483873304
Maxchi,486,539,J,01C,02A,0.000987071311898626
Maxchi,404,453,J,02A,02B,0.009087467452439208
Maxchi,489,540,J,01C,02B,0.29958423873250595
Maxchi,310,360,J,02B,CPZ,0.18532630419857582
Maxchi,493,542,J,01C,02G,1.7119527096551035e-06
Maxchi,435,504,J,02B,02G,1.1125886570284671e-07
Maxchi,2983,3024,J,02G,C2U,0.013793124572227955
Maxchi,393,450,J,A,K,0.0007030196939860888
Maxchi,413,472,J,01A1,A1,0.10981711831314052
Maxchi,433,480,J,A1,A5U,4.657580401355168e-06
Maxchi,467,520,J,A1,A6,0.14151983111656088
Maxchi,404,453,J,A1,C,0.006768741146915494
Maxchi,451,500,J,A1,K,0.0607401751288255
Maxchi,403,450,J,02B,A1D,0.10912518291698507
Maxchi,6003,6053,J,A1D,CPZ,0.007104468891970777
Maxchi,504,556,J,A2,A6,0.08871047363366337
Maxchi,463,513,J,01A1,A2D,0.0003801335754154002
Maxchi,404,456,J,02A,A2D,2.4285271122064797e-05
Maxchi,404,456,J,02G,A2D,2.4285271122064797e-05
Maxchi,504,556,J,A2D,AD,0.07142345772985215
Maxchi,413,465,J,A2D,C2U,3.3185542081888365e-06
Maxchi,489,540,J,01C,A3,0.04780115887745728
Maxchi,416,465,J,02A,A3,0.03572884112563301
Maxchi,414,463,J,A1D,A3,0.0019445455114083033
Maxchi,2982,3029,J,02A,A5U,0.012675397593782096
Maxchi,413,459,J,02B,A5U,0.0005679790481949106
Maxchi,463,513,J,A1D,A5U,0.010909498364269294
Maxchi,2960,3014,J,A5U,BF1,0.12545785464424355
Maxchi,2984,3025,J,A5U,C2U,0.04939474722058126
Maxchi,472,529,J,01A1,A6,0.05295493544272461
Maxchi,472,529,J,01B,A6,0.05136401869915024
Maxchi,413,467,J,A6,AD,0.002843690576460421
Maxchi,472,529,J,A6,AE,0.05136401869915024
Maxchi,468,521,J,A6,AG,1.787749778167242e-09
Maxchi,484,530,J,A6,BC,0.04394110280796704
Maxchi,498,543,J,A6,BF,0.13619741934197438
Maxchi,484,530,J,A6,C,0.04394110280796704
Maxchi,504,556,J,A6,DF,0.029098266064113174
Maxchi,393,450,J,A6,K,0.0008410661524745975
Maxchi,504,556,J,01C,AD,0.31949952550746574
Maxchi,420,471,J,02A,AD,0.5374104529902315
Maxchi,503,556,J,02B,AD,0.4043845669167444
Maxchi,413,472,J,02G,AD,0.00030169864660608176
Maxchi,401,454,J,A1D,AD,0.5831817826540047
Maxchi,347,401,J,AD,BF1,0.2852285150326257
Maxchi,312,361,J,AD,CPZ,0.2503699401156915
Maxchi,462,513,J,01A1,AE,0.07385290495418369
Maxchi,573,618,J,01B,AE,0.15043474442125612
Maxchi,547,600,J,01C,AE,0.04823509880698702
Maxchi,414,472,J,02A,AE,0.05136401869915024
Maxchi,413,472,J,02B,AE,0.10354890410293692
Maxchi,413,472,J,02G,AE,6.321124422634755e-06
Maxchi,403,451,J,A1D,AE,0.18140859908700996
Maxchi,504,556,J,A2D,AE,0.07142345772985215
Maxchi,451,497,J,AD,AE,0.21265557081620096
Maxchi,451,497,J,AE,AG,0.2674497843457356
Maxchi,403,450,J,AE,BC,0.4605258850567593
Maxchi,391,443,J,AE,BF,0.3853315267895524
Maxchi,391,443,J,AE,BF1,0.3853315267895524
Maxchi,401,451,J,AE,BG,0.0003023081081984139
Maxchi,413,472,J,AE,C2U,0.10354890410293692
Maxchi,453,501,J,AE,CD,0.00070045528872755
Maxchi,313,363,J,AE,CPZ,0.016859358483873304
Maxchi,453,501,J,AE,DF,0.00070045528872755
Maxchi,413,464,J,AE,cpx,0.07774715177750391
Maxchi,513,563,J,01A1,AG,0.0010502340295052478
Maxchi,451,497,J,01B,AG,0.2674497843457356
Maxchi,513,564,J,01C,AG,0.002525279925528802
Maxchi,412,471,J,02A,AG,4.230795224505377e-05
Maxchi,462,513,J,02B,AG,0.002525279925528802
Maxchi,444,487,J,02G,AG,0.13823971778517535
Maxchi,404,452,J,A1D,AG,0.2962698714842834
Maxchi,451,503,J,A2D,AG,0.05064151929736357
Maxchi,413,461,J,A5U,AG,2.636597351804326e-07
Maxchi,462,513,J,AD,AG,0.002525279925528802
Maxchi,404,453,J,AG,BC,0.277339031200013
Maxchi,394,441,J,AG,BF,0.5604855644132766
Maxchi,394,441,J,AG,BF1,0.5604855644132766
Maxchi,391,448,J,AG,BG,1.6446904735416547e-05
Maxchi,415,462,J,AG,C2U,0.6006042071637501
Maxchi,453,502,J,AG,CD,5.096114908066165e-05
Maxchi,360,410,J,AG,CPZ,0.04294509137499878
Maxchi,469,516,J,AG,cpx,5.52151502485865e-09
Maxchi,486,535,J,01A1,B,0.01066950895820646
Maxchi,463,513,J,A5U,B,0.005497373431158116
Maxchi,451,500,J,B,F2,0.09367628274159978
Maxchi,2983,3027,J,02G,B.FR.83.HXBLAI_IIIB_BRU.K03455,0.08867946386180009
Maxchi,8220,8273,J,A1D,B.FR.83.HXBLAI_IIIB_BRU.K03455,0.002023850290014432
Maxchi,462,520,J,A2,B.FR.83.HXBLAI_IIIB_BRU.K03455,0.015874892183389173
Maxchi,454,501,J,AD,B.FR.83.HXBLAI_IIIB_BRU.K03455,0.0035367112318239425
Maxchi,453,501,J,AE,B.FR.83.HXBLAI_IIIB_BRU.K03455,0.00070045528872755
Maxchi,453,502,J,AG,B.FR.83.HXBLAI_IIIB_BRU.K03455,5.096114908066165e-05
Maxchi,500,548,J,B.FR.83.HXBLAI_IIIB_BRU.K03455,BF,0.056738221375193486
Maxchi,499,546,J,B.FR.83.HXBLAI_IIIB_BRU.K03455,BF1,0.0658776872431205
Maxchi,404,453,J,01A1,BC,0.0036701762013752453
Maxchi,403,450,J,01B,BC,0.5254677904123166
Maxchi,3148,3198,J,01C,BC,0.11399570941316038
Maxchi,403,450,J,02B,BC,0.10912518291698507
Maxchi,413,465,J,A2D,BC,1.150097909419226e-05
Maxchi,3206,3267,J,A5U,BC,0.020712236372072007
Maxchi,454,501,J,AD,BC,0.0035367112318239425
Maxchi,3284,3335,J,BC,BF1,0.7093926152120082
Maxchi,3149,3194,J,BC,BG,0.2965982291683459
Maxchi,3608,3657,J,BC,CD,0.277339031200013
Maxchi,1956,2013,J,BC,CPZ,0.06565631318957847
Maxchi,397,440,J,01B,BF,0.04019130749721493
Maxchi,6598,6649,J,02A,BF,0.012125422188640524
Maxchi,3007,3051,J,A5U,BF,0.2162689684978003
Maxchi,501,551,J,BF,BF1,0.02807685492822825
Maxchi,2982,3025,J,BF,BG,0.22813716166216336
Maxchi,6560,6612,J,02A,BF1,0.016230048574613385
Maxchi,398,451,J,02B,BF1,0.31685194547048773
Maxchi,3286,3334,J,02G,BF1,0.21986893044484188
Maxchi,413,467,J,01A1,BG,0.00025066428538253536
Maxchi,401,451,J,01B,BG,0.0003023081081984139
Maxchi,3187,3241,J,02G,BG,0.15990269776475124
Maxchi,7936,7976,J,A1D,BG,0.05825271655472635
Maxchi,369,439,J,A2D,BG,4.529055049426457e-09
Maxchi,487,539,J,A5U,BG,0.0009701315241544568
Maxchi,448,501,J,AD,BG,0.01297497573343648
Maxchi,3280,3322,J,BG,C2U,0.4714028154276062
Maxchi,359,431,J,01A1,C,1.3928261652762253e-05
Maxchi,413,465,J,A2D,C,3.3185542081888365e-06
Maxchi,2987,3026,J,A5U,C,0.04076304314427153
Maxchi,401,448,J,01B,CD,0.01930623361972393
Maxchi,424,481,J,02B,CD,0.06011846354949153
Maxchi,417,473,J,A2D,CD,0.0015435169287047943
Maxchi,450,505,J,AD,CD,0.015159353132027608
Maxchi,8770,8821,J,C2U,CD,0.08610050034211586
Maxchi,453,501,J,02G,D,0.0008945701077711376
Maxchi,451,492,J,CD,D,0.058640899842855226
Maxchi,414,467,J,D,DF,0.016647376483198816
Maxchi,504,556,J,D,F2,0.02050051616068973
Maxchi,416,468,J,A2D,DF,0.0006142424703280137
Maxchi,487,540,J,A5U,DF,0.0012335573995227087
Maxchi,453,501,J,01A1,F1,0.0036701762013752453
Maxchi,451,498,J,F1,F2,0.19158050446272143
Maxchi,403,455,J,F1,K,0.00015919522329417462
Maxchi,451,497,J,01B,F2,0.2674497843457356
Maxchi,331,384,J,02G,F2,0.4739369482070104
Maxchi,451,497,J,AE,F2,0.21265557081620096
Maxchi,402,450,J,BC,F2,0.5125036356352533
Maxchi,417,469,J,DF,F2,3.14787457307425e-05
Maxchi,451,500,J,F2,K,0.17455879127074764
Maxchi,417,473,J,F2,L,0.010801256615912552
Maxchi,331,384,J,F2,cpx,0.4739369482070104
Maxchi,450,506,J,G,K,1.0425023141824168e-05
Maxchi,451,500,J,01A1,K,0.17455879127074764
Maxchi,451,498,J,01B,K,0.311774729368272
Maxchi,419,474,J,01C,K,0.021576397607898073
Maxchi,417,467,J,02A,K,0.15729920705028105
Maxchi,392,443,J,02G,K,0.29958423873250595
Maxchi,347,401,J,A1D,K,0.4623005529918929
Maxchi,451,500,J,A2D,K,0.1060268440521226
Maxchi,406,460,J,A5U,K,3.396035475692964e-05
Maxchi,451,497,J,AD,K,0.23416456906495356
Maxchi,451,498,J,AE,K,0.311774729368272
Maxchi,451,497,J,AG,K,0.23416456906495356
Maxchi,401,455,J,BC,K,0.4623005529918929
Maxchi,406,454,J,BF,K,0.2672574931543847
Maxchi,406,454,J,BF1,K,0.2672574931543847
Maxchi,385,446,J,BG,K,7.494737892337306e-06
Maxchi,417,467,J,C2U,K,0.15729920705028105
Maxchi,403,455,J,CD,K,0.00015919522329417462
Maxchi,418,469,J,DF,K,8.79855109181327e-05
Maxchi,406,460,J,K,L,0.0001883773738774027
Maxchi,392,443,J,K,cpx,0.29958423873250595
Maxchi,503,555,J,02A,L,0.007132459091225639
Maxchi,391,445,J,02B,L,0.04576823861326954
Maxchi,503,555,J,A1D,L,0.007132459091225639
Maxchi,450,504,J,AG,L,0.00484517466316223
Maxchi,487,537,J,BC,L,0.01842212545409897
Maxchi,503,556,J,BF,L,0.019325225207131962
Maxchi,503,556,J,BF1,L,0.008838757757073145
Maxchi,8938,8940,J,L,cpx,0.0021888742103903487
Maxchi,464,514,J,01A1,cpx,0.008510386369737317
Maxchi,413,464,J,01B,cpx,0.1411939952934989
Maxchi,499,514,J,01C,cpx,0.010832530227860095
Maxchi,2982,3029,J,A5U,cpx,0.012675397593782096
Maxchi,410,462,J,AD,cpx,0.07437734325249158
Maxchi,3148,3198,J,BC,cpx,0.11399570941316038
Maxchi,8761,8810,J,BF,cpx,1.5008550234658215e-05
Maxchi,467,520,J,BG,cpx,0.0003487178795572347
Maxchi,462,513,K,01A1,01C,0.0012682919079662525
Maxchi,394,440,K,01A1,02A,0.04540896631776438
Maxchi,1184,1237,K,01A1,02B,0.06676051187989177
Maxchi,288,328,K,01A1,02G,0.3952867024834614
Maxchi,265,315,K,01A1,A1D,0.30332822503138307
Maxchi,406,460,K,01A1,A5U,2.835678221774547e-07
Maxchi,771,813,K,01A1,AD,0.3753230430334914
Maxchi,265,313,K,01A1,C2U,0.0849800447619531
Maxchi,1242,1300,K,01A1,01B,0.07346713929852008
Maxchi,451,511,K,01B,01C,0.29060657251954236
Maxchi,329,381,K,01B,02A,0.10588183406626205
Maxchi,338,386,K,01B,02G,0.5509849875850935
Maxchi,341,389,K,01B,A1D,0.2962698714842834
Maxchi,8773,8823,K,01B,A2D,0.13708016900524456
Maxchi,406,460,K,01B,A5U,2.835678221774547e-07
Maxchi,367,419,K,01B,C2U,0.4815999681017722
Maxchi,419,462,K,01C,02A,0.09932323210427291
Maxchi,413,465,K,02A,02B,0.06694743937316612
Maxchi,495,546,K,01C,02B,0.00034056928440875673
Maxchi,398,442,K,01C,02G,0.07888530302601765
Maxchi,419,462,K,02A,02G,0.13810154666692095
Maxchi,435,504,K,02B,02G,1.1125886570284671e-07
Maxchi,443,495,K,A,A1,0.04904613925438668
Maxchi,463,514,K,A,A2D,0.00046666682731818257
Maxchi,406,460,K,A,A5U,0.0007035016014741966
Maxchi,393,450,K,A,B,0.0007030196939860888
Maxchi,413,463,K,A,CD,0.0018811128570602163
Maxchi,463,513,K,A,H,0.0006817102933708401
Maxchi,406,460,K,A,L,0.0001883773738774027
Maxchi,463,513,K,A,cpx,0.0006817102933708401
Maxchi,453,509,K,A1,B,0.012982972930050131
Maxchi,405,453,K,A1,BF,0.4385780260809997
Maxchi,500,546,K,A1,G,0.005975057954055627
Maxchi,406,460,K,A1,L,0.0001883773738774027
Maxchi,461,514,K,A1,cpx,0.05460918553340058
Maxchi,340,390,K,02A,A1D,0.07649336468303457
Maxchi,340,390,K,02B,A1D,0.07649336468303457
Maxchi,305,354,K,01A1,A2,0.7900717569416609
Maxchi,340,389,K,01B,A2,0.2503699401156915
Maxchi,337,388,K,02A,A2,0.5996679642003074
Maxchi,337,388,K,02G,A2,0.5996679642003074
Maxchi,407,458,K,A2,A5U,0.008868470268629426
Maxchi,340,389,K,A2,AE,0.14311696578005778
Maxchi,338,389,K,A2,AG,0.29698593917603655
Maxchi,333,382,K,A2,C,0.5628691527705981
Maxchi,1202,1250,K,01A1,A2D,0.08085559837005234
Maxchi,451,510,K,01C,A2D,0.08616584437864666
Maxchi,412,466,K,02A,A2D,0.36208750405208423
Maxchi,8712,8760,K,02B,A2D,0.0005195076846622699
Maxchi,355,399,K,02G,A2D,0.3428156738809912
Maxchi,355,403,K,A1D,A2D,0.38273308888522595
Maxchi,406,460,K,A2D,A5U,2.835678221774547e-07
Maxchi,360,414,K,A2D,C2U,0.0561763008701742
Maxchi,676,724,K,01A1,A3,0.04321685547103511
Maxchi,1027,1069,K,01B,A3,0.029737642016301476
Maxchi,390,439,K,02A,A3,0.4972882352107647
Maxchi,413,463,K,A3,A6,0.0004285381433283909
Maxchi,417,467,K,02A,A5U,0.009154084794146531
Maxchi,406,459,K,02G,A5U,0.014199841635873628
Maxchi,413,460,K,A5U,AD,4.0589807639152854e-08
Maxchi,406,460,K,A5U,C2U,2.835678221774547e-07
Maxchi,316,363,K,A5U,CPZ,0.005502122119294831
Maxchi,413,464,K,01B,A6,0.0011741117568090092
Maxchi,412,467,K,01C,A6,0.11672507616445052
Maxchi,413,464,K,02G,A6,0.0011741117568090092
Maxchi,413,464,K,A6,AE,0.0011741117568090092
Maxchi,413,464,K,A6,AG,0.0011741117568090092
Maxchi,390,439,K,A6,cpx,0.3122959631928275
Maxchi,495,546,K,01C,AD,0.00034056928440875673
Maxchi,425,474,K,02A,AD,0.09659542415839283
Maxchi,419,462,K,02G,AD,0.18005456341886295
Maxchi,405,454,K,A1D,AD,0.4345562010159628
Maxchi,1242,1300,K,01A1,AE,0.07346713929852008
Maxchi,451,511,K,01C,AE,0.12500865494478341
Maxchi,329,381,K,02A,AE,0.04955047937996426
Maxchi,338,386,K,02G,AE,0.39939570366685395
Maxchi,341,389,K,A1D,AE,0.07363827012030258
Maxchi,8776,8831,K,A2D,AE,0.178891005071193
Maxchi,406,460,K,A5U,AE,2.835678221774547e-07
Maxchi,4467,4528,K,AE,AG,0.012613215322443761
Maxchi,333,383,K,AE,BC,0.07715956793290948
Maxchi,411,463,K,AE,BF,0.6460523190432952
Maxchi,464,505,K,AE,BF1,0.008532691358833666
Maxchi,333,384,K,AE,BG,0.09147892885679805
Maxchi,381,413,K,AE,cpx,0.06884504460752014
Maxchi,1183,1242,K,01A1,AG,0.304973680496815
Maxchi,4467,4528,K,01B,AG,0.004141137570091535
Maxchi,513,568,K,01C,AG,0.03267669910715674
Maxchi,411,471,K,02A,AG,0.030608297297771314
Maxchi,4753,4811,K,02B,AG,0.2568617887248953
Maxchi,455,485,K,02G,AG,0.1354541315512624
Maxchi,347,401,K,A1D,AG,0.21038398851740508
Maxchi,8880,8940,K,A2D,AG,9.538469294649022e-12
Maxchi,413,461,K,A5U,AG,5.933355453311035e-08
Maxchi,393,450,K,AG,BG,3.919203973022859e-05
Maxchi,333,383,K,AG,CPZ,0.5078006482752733
Maxchi,413,465,K,AG,cpx,5.834851064205997e-06
Maxchi,443,494,K,B,CD,0.00703670030738243
Maxchi,508,563,K,B,D,0.5311430261096537
Maxchi,347,413,K,A5U,B.FR.83.HXBLAI_IIIB_BRU.K03455,2.331115125817715e-05
Maxchi,387,433,K,AG,B.FR.83.HXBLAI_IIIB_BRU.K03455,0.5529629815867485
Maxchi,406,460,K,B.FR.83.HXBLAI_IIIB_BRU.K03455,L,0.0001883773738774027
Maxchi,398,442,K,B.FR.83.HXBLAI_IIIB_BRU.K03455,cpx,0.33086312221063396
Maxchi,333,383,K,01B,BC,0.13387925012249105
Maxchi,398,454,K,02A,BC,0.4483617846365816
Maxchi,421,474,K,02B,BC,0.010053946924862547
Maxchi,421,474,K,AD,BC,0.010053946924862547
Maxchi,392,443,K,BC,BF,0.10788377018834606
Maxchi,352,403,K,BC,BG,0.06146859719883097
Maxchi,405,453,K,BC,C2U,0.2742988273958725
Maxchi,354,406,K,BC,CD,0.659602851371659
Maxchi,304,357,K,01A1,BF,0.4297547676964517
Maxchi,359,411,K,02B,BF,0.6460523190432952
Maxchi,416,481,K,A2D,BF,0.13501801607756417
Maxchi,411,463,K,AD,BF,0.6460523190432952
Maxchi,553,608,K,BF,BF1,0.03044608987451324
Maxchi,392,442,K,02B,BF1,0.04568255324009429
Maxchi,337,385,K,01B,BG,0.12133525035848208
Maxchi,415,465,K,02A,BG,0.005042059343118673
Maxchi,385,446,K,02B,BG,7.494737892337306e-06
Maxchi,354,398,K,02G,BG,0.030894353022110174
Maxchi,393,450,K,AD,BG,3.919203973022859e-05
Maxchi,340,389,K,01B,C,0.3868739706966583
Maxchi,330,382,K,02B,C,0.24424580381025202
Maxchi,335,377,K,02G,C,0.1028745466447468
Maxchi,367,419,K,C,C2U,0.4815999681017722
Maxchi,417,467,K,C,CD,0.6835897065103371
Maxchi,116,190,K,C,F2,9.141298408246627e-10
Maxchi,411,459,K,A5U,CD,0.0005373303640240506
Maxchi,417,467,K,C2U,CD,0.6835897065103371
Maxchi,304,354,K,CD,CPZ,0.41692388888478293
Maxchi,8868,8904,K,A2D,D,0.41142567007666186
Maxchi,444,495,K,D,DF,0.09126409037255706
Maxchi,392,443,K,02B,DF,0.45174572421527537
Maxchi,400,443,K,A1D,DF,0.50104396186383
Maxchi,416,468,K,A2D,DF,1.2113385224434341e-05
Maxchi,419,470,K,BF,DF,2.659261855078662e-05
Maxchi,419,470,K,BF1,DF,2.659261855078662e-05
Maxchi,133,182,K,C2U,F2,1.3075690707611078e-12
Maxchi,133,182,K,F2,H,1.3075690707611078e-12
Maxchi,445,496,K,01A1,G,0.15795601135570253
Maxchi,445,492,K,A2D,G,0.05101523973567573
Maxchi,384,446,K,C2U,G,0.0006569478833522939
Maxchi,384,436,K,CD,G,0.21694024918935725
Maxchi,354,398,K,G,cpx,0.15016359354496986
Maxchi,416,466,K,C2U,H,0.39942503212000346
Maxchi,403,455,K,H,J,0.00015919522329417462
Maxchi,406,460,K,H,L,0.0001883773738774027
Maxchi,406,460,K,01A1,L,0.0001883773738774027
Maxchi,406,460,K,A2D,L,0.0001883773738774027
Maxchi,406,460,K,A5U,L,0.0002909532058607401
Maxchi,406,460,K,C2U,L,0.0001883773738774027
Maxchi,406,460,K,CD,L,0.0001883773738774027
Maxchi,314,365,K,CPZ,L,0.10328061019178851
Maxchi,306,356,K,01A1,cpx,0.3489716531497422
Maxchi,318,378,K,01B,cpx,0.174336490246368
Maxchi,417,467,K,02A,cpx,0.08782728379058734
Maxchi,388,448,K,02B,cpx,0.013064240033837259
Maxchi,355,403,K,A2D,cpx,0.1204728502922188
Maxchi,406,460,K,A5U,cpx,2.835678221774547e-07
Maxchi,410,462,K,AD,cpx,0.07437734325249158
Maxchi,335,384,K,BC,cpx,0.40298694834941906
Maxchi,354,398,K,BG,cpx,0.15016359354496986
Maxchi,354,398,K,CD,cpx,0.15016359354496986
Maxchi,310,360,K,CPZ,cpx,0.04694472697848181
Maxchi,457,503,L,01A1,01C,0.5504066652257602
Maxchi,442,495,L,01A1,02A,0.524758025947121
Maxchi,442,495,L,01A1,02G,0.524758025947121
Maxchi,426,472,L,01A1,A5U,0.2648469160580465
Maxchi,495,547,L,01A1,AD,0.022634181207274517
Maxchi,446,498,L,01A1,BF1,0.07084253248012093
Maxchi,446,498,L,01A1,C2U,0.07084253248012093
Maxchi,394,446,L,01A1,01B,0.07084253248012093
Maxchi,493,550,L,01B,01C,0.07849483033471316
Maxchi,495,547,L,01B,02A,0.37958089142512563
Maxchi,459,504,L,01B,02B,0.16771298449011804
Maxchi,444,493,L,01B,02G,0.00538703355141441
Maxchi,442,495,L,01B,A2D,0.005125489443759879
Maxchi,462,511,L,01B,A5U,0.002741039436585985
Maxchi,442,495,L,01B,AD,0.00811427005066765
Maxchi,401,458,L,01B,BF1,0.07263180800038568
Maxchi,458,514,L,01B,C2U,0.07263180800038568
Maxchi,513,559,L,01C,02A,0.002826807481508026
Maxchi,452,498,L,02A,02B,0.4015116607051181
Maxchi,391,445,L,01C,02B,0.04576823861326954
Maxchi,360,410,L,02B,CPZ,0.6254144141884408
Maxchi,512,564,L,01C,02G,0.03549813132066251
Maxchi,443,493,L,02B,02G,0.05346991544944643
Maxchi,476,533,L,01A1,A1,0.14818923175658089
Maxchi,477,528,L,A1,A5U,0.17979150269156446
Maxchi,494,547,L,A1,A6,0.31685194547048773
Maxchi,432,485,L,A1,C,0.1010423531203831
Maxchi,472,518,L,A1,CD,0.14994716118343376
Maxchi,425,472,L,A1,F1,0.05303971533667682
Maxchi,441,490,L,A1,G,0.13800891784063768
Maxchi,404,454,L,02B,A1D,0.6835897065103371
Maxchi,446,498,L,01A1,A2,0.07084253248012093
Maxchi,4468,4527,L,A2,A5U,0.07671840421321464
Maxchi,442,495,L,A2,AD,0.00811427005066765
Maxchi,3635,3681,L,A2,BG,0.38125022508323214
Maxchi,442,495,L,01A1,A2D,0.005125489443759879
Maxchi,394,455,L,02A,A2D,3.8560226711244064e-07
Maxchi,394,455,L,02G,A2D,3.8560226711244064e-07
Maxchi,443,495,L,A2D,AD,0.012017237059406294
Maxchi,395,456,L,A2D,C2U,1.8683022968902387e-06
Maxchi,426,477,L,01B,A3,0.1619950866312151
Maxchi,413,462,L,02G,A3,0.03572884112563301
Maxchi,426,477,L,A1D,A3,0.1619950866312151
Maxchi,412,462,L,A3,AD,0.12170257317676984
Maxchi,426,477,L,A3,AE,0.1619950866312151
Maxchi,426,477,L,A3,BF1,0.1619950866312151
Maxchi,462,511,L,A3,cpx,0.2986882350656738
Maxchi,3909,3959,L,02G,A5U,0.03705621856411898
Maxchi,462,511,L,A5U,AD,1.9244799756398536e-06
Maxchi,3282,3341,L,A5U,BF1,0.17350921879569672
Maxchi,3369,3418,L,A5U,C2U,0.340195300682
Maxchi,494,547,L,01A1,A6,0.07297753951956215
Maxchi,460,520,L,01B,A6,0.2347636628276658
Maxchi,495,547,L,A6,AD,0.0558431653878778
Maxchi,460,520,L,A6,AE,0.2347636628276658
Maxchi,495,547,L,A6,AG,0.00030830374265672085
Maxchi,467,520,L,A6,D,0.1934454767111788
Maxchi,413,463,L,A6,K,0.0004285381433283909
Maxchi,442,495,L,02A,AD,0.00811427005066765
Maxchi,442,495,L,02B,AD,0.00811427005066765
Maxchi,443,493,L,02G,AD,0.0015245562361271003
Maxchi,442,495,L,A1D,AD,0.00811427005066765
Maxchi,448,493,L,AD,BF1,0.04043914956462095
Maxchi,442,495,L,AD,C2U,0.00811427005066765
Maxchi,394,446,L,01A1,AE,0.07084253248012093
Maxchi,550,607,L,01B,AE,0.07849483033471316
Maxchi,494,547,L,01C,AE,0.1350968406866018
Maxchi,442,495,L,02A,AE,0.4349463303907435
Maxchi,413,459,L,02B,AE,0.16771298449011804
Maxchi,443,493,L,02G,AE,0.0007421842888034797
Maxchi,401,458,L,A1D,AE,0.07263180800038568
Maxchi,462,511,L,A5U,AE,0.0008885087090163432
Maxchi,442,495,L,AD,AE,0.00811427005066765
Maxchi,442,495,L,AE,AG,0.0015012305831160605
Maxchi,351,401,L,AE,BC,0.28061144942310945
Maxchi,396,440,L,AE,BF,0.2816110146572135
Maxchi,442,495,L,AE,BF1,0.4349463303907435
Maxchi,401,461,L,AE,BG,0.16112494928904772
Maxchi,442,495,L,AE,C2U,0.4349463303907435
Maxchi,401,458,L,AE,CD,0.07263180800038568
Maxchi,400,457,L,AE,DF,0.17768312697181937
Maxchi,466,517,L,AE,cpx,0.14453155296608708
Maxchi,442,495,L,01A1,AG,0.008659114982287705
Maxchi,495,547,L,01B,AG,0.00030830374265672085
Maxchi,442,495,L,01C,AG,0.0015012305831160605
Maxchi,495,547,L,02A,AG,0.00030830374265672085
Maxchi,442,495,L,02B,AG,0.0015012305831160605
Maxchi,468,512,L,02G,AG,0.1477586915571686
Maxchi,443,495,L,A2D,AG,0.012017237059406294
Maxchi,463,511,L,A5U,AG,1.0824951717620867e-06
Maxchi,442,495,L,AD,AG,0.0015012305831160605
Maxchi,413,465,L,AG,BC,0.003558549791807854
Maxchi,392,437,L,AG,BF,0.18412637278497565
Maxchi,430,481,L,AG,BF1,0.37891797482212175
Maxchi,407,460,L,AG,C2U,0.34359233648251974
Maxchi,413,465,L,AG,CD,0.0013291186853165238
Maxchi,360,410,L,AG,CPZ,0.4461680472800368
Maxchi,413,467,L,AG,DF,0.0005274066223532353
Maxchi,474,495,L,AG,cpx,3.1840901689442113e-10
Maxchi,426,477,L,A3,B.FR.83.HXBLAI_IIIB_BRU.K03455,0.1619950866312151
Maxchi,395,450,L,AG,B.FR.83.HXBLAI_IIIB_BRU.K03455,0.00484517466316223
Maxchi,426,469,L,01A1,BC,0.18924002976058216
Maxchi,401,451,L,01B,BC,0.0740225429253814
Maxchi,469,511,L,01C,BC,0.3057937323601789
Maxchi,403,454,L,02B,BC,0.7093926152120082
Maxchi,3421,3465,L,02G,BC,0.6326302055291915
Maxchi,395,456,L,A2D,BC,1.8683022968902387e-06
Maxchi,3508,3554,L,A5U,BC,0.5504066652257602
Maxchi,412,462,L,AD,BC,0.2122093650559893
Maxchi,3817,3867,L,BC,BF1,0.4632656949182179
Maxchi,3341,3397,L,BC,BG,0.028697697679328133
Maxchi,393,451,L,01A1,BF,0.000850820275112529
Maxchi,407,461,L,01B,BF,0.00013844378476468913
Maxchi,404,454,L,02B,BF,0.6536987041102169
Maxchi,394,456,L,A2D,BF,8.264190964819632e-06
Maxchi,3262,3314,L,A5U,BF,0.2422402769272883
Maxchi,448,493,L,AD,BF,0.04043914956462095
Maxchi,6708,6760,L,02A,BF1,1.3380695640243703e-07
Maxchi,404,454,L,02B,BF1,0.6536987041102169
Maxchi,401,461,L,01B,BG,0.16112494928904772
Maxchi,392,438,L,02B,BG,0.14165783267167523
Maxchi,6706,6761,L,A1D,BG,0.22965100766386257
Maxchi,411,466,L,AD,BG,0.08223157915922458
Maxchi,5339,5389,L,BG,CPZ,0.010333146913430399
Maxchi,446,498,L,01A1,C,0.07084253248012093
Maxchi,437,487,L,01B,C,0.2942661043049598
Maxchi,395,456,L,A2D,C,1.8683022968902387e-06
Maxchi,427,479,L,AD,C,0.03366943509424296
Maxchi,437,487,L,AE,C,0.2942661043049598
Maxchi,415,464,L,AG,C,0.24007275998246008
Maxchi,4597,4646,L,C,C2U,0.5376989167658286
Maxchi,503,556,L,C,J,0.008838757757073145
Maxchi,417,467,L,C,K,0.11914143101997093
Maxchi,391,445,L,02B,C2U,0.04576823861326954
Maxchi,463,514,L,01B,CD,0.3322328934829439
Maxchi,413,463,L,02B,CD,0.2971465303484674
Maxchi,495,547,L,A2D,CD,0.011973137512469067
Maxchi,442,495,L,AD,CD,0.00811427005066765
Maxchi,3164,3207,L,BG,CD,0.2329812559741738
Maxchi,410,459,L,A5U,D,0.042281628804145925
Maxchi,410,466,L,BG,D,0.08395281829312767
Maxchi,520,595,L,CD,D,0.008810285508869824
Maxchi,451,500,L,D,G,0.018855890457346636
Maxchi,438,483,L,01A1,DF,0.05157161056402523
Maxchi,465,514,L,01B,DF,0.06280961517859225
Maxchi,473,519,L,01C,DF,0.3273264269538384
Maxchi,418,467,L,02B,DF,0.04943537870899749
Maxchi,495,546,L,A2D,DF,0.0029858746260015712
Maxchi,415,464,L,AD,DF,0.0006207408210660679
Maxchi,3902,3951,L,BF1,DF,0.0009610594662651176
Maxchi,469,511,L,01A1,F1,0.18924002976058216
Maxchi,497,547,L,F1,F2,0.0024318453627428563
Maxchi,503,555,L,F1,J,0.007132459091225639
Maxchi,406,460,L,F1,K,0.0001883773738774027
Maxchi,391,436,L,01B,F2,0.07975135005103445
Maxchi,335,381,L,02G,F2,0.4125656435083743
Maxchi,334,384,L,A1D,F2,0.7064241454056421
Maxchi,387,438,L,AE,F2,0.3168140075269767
Maxchi,381,427,L,BC,F2,0.4125656435083743
Maxchi,496,545,L,BF,F2,0.0003752588929628269
Maxchi,496,545,L,BF1,F2,0.0003752588929628269
Maxchi,381,427,L,C2U,F2,0.4125656435083743
Maxchi,496,545,L,DF,F2,0.0007517483636357952
Maxchi,335,381,L,F2,cpx,0.4125656435083743
Maxchi,443,492,L,01A1,G,0.2986882350656738
Maxchi,513,564,L,C2U,J,0.009910964326886587
Maxchi,406,460,L,01B,K,0.0001883773738774027
Maxchi,392,443,L,01C,K,0.29562136899490604
Maxchi,417,467,L,02A,K,0.11914143101997093
Maxchi,406,460,L,02B,K,0.0001883773738774027
Maxchi,406,460,L,02G,K,0.0001883773738774027
Maxchi,403,453,L,A1D,K,0.5563774957747458
Maxchi,406,460,L,AD,K,0.0001883773738774027
Maxchi,406,460,L,AE,K,0.0001883773738774027
Maxchi,406,460,L,AG,K,0.0001883773738774027
Maxchi,405,453,L,BC,K,0.39996426478030644
Maxchi,406,460,L,BF,K,0.0001883773738774027
Maxchi,406,460,L,BF1,K,0.0001883773738774027
Maxchi,385,436,L,BG,K,0.2139818929264644
Maxchi,407,460,L,DF,K,0.0005613634347202639
Maxchi,406,460,L,K,cpx,0.0001883773738774027
Maxchi,451,494,L,01A1,cpx,0.14661003637662326
Maxchi,459,513,L,01B,cpx,0.17678602884948658
Maxchi,394,455,L,A2D,cpx,3.8560226711244064e-07
Maxchi,464,489,L,AD,cpx,0.0054747212110127395
Maxchi,3547,3597,L,BC,cpx,0.06519641907813026
Maxchi,580,624,cpx,01A1,01C,0.32402148730297214
Maxchi,496,538,cpx,01A1,02A,1.2696760428371167e-05
Maxchi,451,494,cpx,01A1,A1D,0.14661003637662326
Maxchi,461,514,cpx,01A1,A5U,0.015673838888084216
Maxchi,336,406,cpx,01A1,CPZ,0.06337693366498004
Maxchi,514,568,cpx,01A1,01B,0.3127876912010008
Maxchi,568,622,cpx,01B,01C,0.10752723963321277
Maxchi,517,568,cpx,01B,02G,0.11865765957085836
Maxchi,335,406,cpx,01B,CPZ,0.14899047614630923
Maxchi,371,414,cpx,01C,CPZ,0.17857637708015645
Maxchi,451,510,cpx,02A,02B,0.08541579369214428
Maxchi,514,560,cpx,01C,02B,0.14853823836890173
Maxchi,377,413,cpx,02B,CPZ,0.37337103067065947
Maxchi,650,699,cpx,01C,02G,0.06807634672122485
Maxchi,514,568,cpx,01C,A2,0.21195190473438671
Maxchi,463,512,cpx,02B,A2D,0.37700207866685276
Maxchi,412,465,cpx,02G,A2D,0.0004469149591119941
Maxchi,395,452,cpx,A1D,A2D,0.00016125930172413978
Maxchi,412,460,cpx,A2D,A5U,3.733241740515218e-07
Maxchi,412,465,cpx,A2D,AD,0.0004469149591119941
Maxchi,355,407,cpx,A2D,BF1,0.44960909126890625
Maxchi,355,407,cpx,A2D,C2U,0.44960909126890625
Maxchi,462,511,cpx,A3,AD,0.08836671477814495
Maxchi,391,449,cpx,A3,B,0.0936241009732453
Maxchi,354,407,cpx,A3,C,0.009525262234071788
Maxchi,413,462,cpx,A3,DF,0.03572884112563301
Maxchi,346,402,cpx,A3,F1,0.006559551833439687
Maxchi,338,389,cpx,A3,K,0.07346531133077557
Maxchi,562,609,cpx,01C,A5U,0.07246655753477596
Maxchi,462,510,cpx,01C,AD,0.07608656148009905
Maxchi,510,559,cpx,02A,AD,0.02290228470605656
Maxchi,462,511,cpx,02B,AD,0.08836671477814495
Maxchi,411,462,cpx,AD,BF1,0.15713638788150552
Maxchi,384,434,cpx,AD,CPZ,0.21896961893827538
Maxchi,568,622,cpx,01A1,AE,0.2242125506341817
Maxchi,493,514,cpx,02G,AG,3.1840901689442113e-10
Maxchi,483,499,cpx,01C,B,0.010832530227860095
Maxchi,391,447,cpx,AD,B,0.03894222588623028
Maxchi,322,370,cpx,B,F2,0.042264032603567696
Maxchi,398,442,cpx,B,K,0.33086312221063396
Maxchi,453,503,cpx,B.FR.83.HXBLAI_IIIB_BRU.K03455,D,0.025449946311827634
Maxchi,413,459,cpx,01B,BC,0.3119924711454469
Maxchi,464,515,cpx,01C,BC,0.07848111739941042
Maxchi,397,454,cpx,02B,BC,0.15079263071979188
Maxchi,355,403,cpx,A2D,BC,0.18140859908700996
Maxchi,3167,3210,cpx,BC,BG,0.2617242429987886
Maxchi,8305,8356,cpx,BC,CD,0.09144061639815453
Maxchi,488,514,cpx,01C,BF,0.024729820253712204
Maxchi,6643,6691,cpx,02A,BF,0.1156839933728665
Maxchi,398,454,cpx,02B,BF,0.13478250981252976
Maxchi,355,407,cpx,A2D,BF,0.44960909126890625
Maxchi,411,462,cpx,AD,BF,0.15713638788150552
Maxchi,488,514,cpx,01C,BF1,0.024729820253712204
Maxchi,6612,6663,cpx,02A,BF1,0.3322882074703546
Maxchi,398,454,cpx,02B,BF1,0.13478250981252976
Maxchi,460,514,cpx,01A1,BG,0.018905840778331837
Maxchi,481,515,cpx,01C,BG,0.03324081086279403
Maxchi,4313,4365,cpx,02G,BG,0.07791120702910179
Maxchi,385,447,cpx,A2D,BG,1.9119726552815567e-08
Maxchi,3343,3400,cpx,BG,C2U,0.2605362683684981
Maxchi,469,515,cpx,01C,C,0.03634268547073928
Maxchi,402,463,cpx,02B,C,0.11707921863150005
Maxchi,8767,8815,cpx,BF,C,0.015894484694873524
Maxchi,3343,3400,cpx,BG,C,0.14835091369859368
Maxchi,8712,8763,cpx,C,CD,0.03822596848948437
Maxchi,488,514,cpx,01C,C2U,0.024729820253712204
Maxchi,388,448,cpx,02B,C2U,0.013064240033837259
Maxchi,456,505,cpx,01B,CD,0.16952303094226395
Maxchi,483,499,cpx,01C,CD,0.010832530227860095
Maxchi,388,448,cpx,02B,CD,0.013064240033837259
Maxchi,8142,8199,cpx,02G,CD,0.14221324193638837
Maxchi,411,462,cpx,AD,CD,0.10325247341585593
Maxchi,415,462,cpx,01C,D,0.07113559471135522
Maxchi,454,506,cpx,02G,D,0.0921933658447624
Maxchi,411,462,cpx,AD,D,0.10325247341585593
Maxchi,368,409,cpx,BC,D,0.22019866038041608
Maxchi,406,458,cpx,BF,D,0.33514503026733594
Maxchi,413,457,cpx,BF1,D,0.035938930574022566
Maxchi,413,458,cpx,C2U,D,0.03216275871676809
Maxchi,506,512,cpx,CD,D,0.001204809302744891
Maxchi,408,460,cpx,D,J,0.3479354883789656
Maxchi,398,442,cpx,D,K,0.33086312221063396
Maxchi,411,459,cpx,D,L,0.0341767874162006
Maxchi,464,514,cpx,01C,DF,0.15729920705028105
Maxchi,388,448,cpx,02B,DF,0.013064240033837259
Maxchi,402,459,cpx,A2D,DF,4.234477096775988e-09
Maxchi,410,462,cpx,AD,DF,0.07437734325249158
Maxchi,450,509,cpx,01B,F1,0.2711256558960487
Maxchi,488,514,cpx,01C,F1,0.024729820253712204
Maxchi,388,448,cpx,02B,F1,0.013064240033837259
Maxchi,411,462,cpx,AD,F1,0.15713638788150552
Maxchi,460,488,cpx,AE,F1,0.11159978367678293
Maxchi,398,442,cpx,F1,K,0.33086312221063396
Maxchi,331,386,cpx,01C,F2,0.4415063991409569
Maxchi,375,399,cpx,02B,F2,0.052294320590682855
Maxchi,341,389,cpx,A1D,F2,0.02013675155034633
Maxchi,376,417,cpx,BF,F2,0.11592093476492511
Maxchi,322,378,cpx,BF1,F2,0.006462709231672826
Maxchi,335,376,cpx,C2U,F2,0.23889686006174898
Maxchi,398,442,cpx,F2,K,0.33086312221063396
Maxchi,406,472,cpx,01A1,G,0.0034833942102286196
Maxchi,485,514,cpx,AD,G,0.00021641591844549386
Maxchi,413,464,cpx,02B,H,0.007829780718494111
Maxchi,517,568,cpx,AE,H,0.2807162336765149
Maxchi,497,516,cpx,AG,H,3.49456984707644e-07
Maxchi,388,448,cpx,02B,J,0.013064240033837259
Maxchi,404,456,cpx,A2D,J,2.4285271122064797e-05
Maxchi,398,442,cpx,01C,K,0.33086312221063396
Maxchi,413,465,cpx,02G,K,0.022907037189697554
Maxchi,354,398,cpx,A1D,K,0.15016359354496986
Maxchi,411,463,cpx,BF,K,0.6460523190432952
Maxchi,354,406,cpx,BF1,K,0.4815999681017722
Maxchi,398,442,cpx,C2U,K,0.33086312221063396
Maxchi,392,443,cpx,DF,K,0.45174572421527537
Maxchi,562,609,cpx,01C,L,0.07246655753477596
Maxchi,388,448,cpx,02B,L,0.013064240033837259
