Method,Start,End,Recombinant,Parent1,Parent2,Pvalue
Maxchi,5857,5906,01A1,01B,AD,0.02404382341398728
Maxchi,495,545,01A1,01C,CPZ,0.6560051321908611
Maxchi,2977,3026,01A1,01C,02A,0.3868739706966583
Maxchi,3534,3588,01A1,02A,02B,0.27380576609053775
Maxchi,2855,2901,01A1,02A,C2U,0.3258720924284109
Maxchi,469,526,01A1,02A,CPZ,0.0035970186246078823
Maxchi,3791,3840,01A1,01C,02B,0.07552398753331192
Maxchi,493,540,01A1,02B,CPZ,0.000200888864318128
Maxchi,529,612,01A1,01C,02G,1.7852139048086722e-30
Maxchi,529,612,01A1,02A,02G,1.7852139048086722e-30
Maxchi,529,612,01A1,02B,02G,1.7852139048086722e-30
Maxchi,527,608,01A1,02G,A1D,2.657364947799095e-26
Maxchi,527,608,01A1,02G,C2U,2.657364947799095e-26
Maxchi,445,513,01A1,02G,CPZ,1.4156281529046616e-10
Maxchi,532,582,01A1,01C,A,1.2246833830640455e-20
Maxchi,360,411,01A1,02A,A,0.002940932104495999
Maxchi,287,337,01A1,02G,A,1.0
Maxchi,400,426,01A1,A,A1D,2.3953087215005163e-10
Maxchi,463,494,01A1,A,A2,0.14922835263038572
Maxchi,1694,1730,01A1,A,AE,0.2888443663464818
Maxchi,523,590,01A1,A,B,2.5437792835462884e-18
Maxchi,521,606,01A1,A,BC,6.532944926813881e-23
Maxchi,210,402,01A1,A,BF,4.070822045386692e-52
Maxchi,375,426,01A1,A,BF1,6.586857658927861e-12
Maxchi,369,376,01A1,A,BG,0.00035871294143977614
Maxchi,398,445,01A1,A,C2U,0.12188769712028555
Maxchi,397,451,01A1,A,CD,0.013604032044213064
Maxchi,508,590,01A1,A,DF,1.601493482897272e-16
Maxchi,533,590,01A1,A,J,3.324737097740557e-24
Maxchi,305,355,01A1,A,L,1.0
Maxchi,6492,6547,01A1,01B,A1,0.010435820058649427
Maxchi,6553,6598,01A1,A1,AE,3.4671076872696563e-05
Maxchi,3318,3371,01A1,01C,A1D,0.016266472043765936
Maxchi,1649,1726,01A1,02A,A1D,0.031163343538072135
Maxchi,1926,1982,01A1,02B,A1D,0.004277458565584548
Maxchi,488,540,01A1,A1D,CPZ,0.016230048574613385
Maxchi,529,612,01A1,02G,A2,1.7852139048086722e-30
Maxchi,866,909,01A1,A2,A5U,2.103971560976717e-06
Maxchi,491,556,01A1,A2,CPZ,9.34602166980891e-10
Maxchi,2874,2919,01A1,A2,cpx,0.5279848856720539
Maxchi,6287,6330,01A1,01B,A3,0.1573182832432478
Maxchi,914,962,01A1,A3,A5U,0.03225627061353806
Maxchi,519,582,01A1,01C,A5U,3.8640564058889766e-14
Maxchi,360,411,01A1,02A,A5U,0.0035380567419032536
Maxchi,911,956,01A1,02B,A5U,0.09439430861037049
Maxchi,286,336,01A1,02G,A5U,1.0
Maxchi,841,895,01A1,A1D,A5U,0.021539452429296814
Maxchi,888,939,01A1,A5U,AD,6.212640603290811e-05
Maxchi,375,427,01A1,A5U,BF1,2.4524456141090814e-11
Maxchi,843,894,01A1,A5U,C2U,0.0014224347099548468
Maxchi,206,254,01A1,A5U,CPZ,0.1485617748918645
Maxchi,5832,5876,01A1,01B,A6,0.03729631688391006
Maxchi,5090,5143,01A1,A6,AD,0.0030136171687131104
Maxchi,491,556,01A1,A6,CPZ,9.34602166980891e-10
Maxchi,517,588,01A1,A6,H,2.7303222635714e-13
Maxchi,5110,5163,01A1,01C,AD,0.14913632299186436
Maxchi,1452,1507,01A1,02A,AD,0.40560129909740694
Maxchi,4885,4934,01A1,02B,AD,0.2163379970040357
Maxchi,536,626,01A1,02G,AD,1.3124300264043252e-17
Maxchi,3930,3987,01A1,A1D,AD,0.022857176547301888
Maxchi,493,540,01A1,AD,CPZ,0.000200888864318128
Maxchi,6114,6166,01A1,AE,AG,0.08954782175961902
Maxchi,6114,6166,01A1,01B,AG,0.08954782175961902
Maxchi,5587,5645,01A1,01C,AG,0.07662166065611883
Maxchi,888,938,01A1,A5U,AG,0.003653376300727728
Maxchi,529,612,01A1,02G,B,1.7852139048086722e-30
Maxchi,1979,2033,01A1,B,C,0.028612674335169692
Maxchi,496,547,01A1,B,CPZ,4.5935916258265494e-07
Maxchi,3402,3445,01A1,B,D,0.01788632708405999
Maxchi,3077,3126,01A1,B,F1,0.4790877749716955
Maxchi,523,590,01A1,B,H,2.5437792835462884e-18
Maxchi,3744,3789,01A1,B,J,0.1942115077449462
Maxchi,531,582,01A1,01C,B.FR.83.HXBLAI_IIIB_BRU.K03455,5.375642825329869e-20
Maxchi,360,412,01A1,02A,B.FR.83.HXBLAI_IIIB_BRU.K03455,0.004229127697816718
Maxchi,260,369,01A1,02G,B.FR.83.HXBLAI_IIIB_BRU.K03455,9.732484224413035e-21
Maxchi,445,513,01A1,A6,B.FR.83.HXBLAI_IIIB_BRU.K03455,7.34216721408676e-10
Maxchi,513,590,01A1,B.FR.83.HXBLAI_IIIB_BRU.K03455,BC,3.724290272624638e-18
Maxchi,210,402,01A1,B.FR.83.HXBLAI_IIIB_BRU.K03455,BF,4.070822045386692e-52
Maxchi,375,426,01A1,B.FR.83.HXBLAI_IIIB_BRU.K03455,BF1,6.586857658927861e-12
Maxchi,370,372,01A1,B.FR.83.HXBLAI_IIIB_BRU.K03455,BG,1.5374597944280386e-12
Maxchi,432,492,01A1,B.FR.83.HXBLAI_IIIB_BRU.K03455,C2U,0.3207769927915025
Maxchi,428,460,01A1,B.FR.83.HXBLAI_IIIB_BRU.K03455,CD,0.023202545863181868
Maxchi,508,590,01A1,B.FR.83.HXBLAI_IIIB_BRU.K03455,DF,1.601493482897272e-16
Maxchi,947,1004,01A1,B.FR.83.HXBLAI_IIIB_BRU.K03455,F1,0.08947419120599615
Maxchi,881,932,01A1,B.FR.83.HXBLAI_IIIB_BRU.K03455,F2,0.18310995050914447
Maxchi,456,517,01A1,B.FR.83.HXBLAI_IIIB_BRU.K03455,G,1.5696867826631868e-11
Maxchi,533,590,01A1,B.FR.83.HXBLAI_IIIB_BRU.K03455,J,1.4133472112661036e-23
Maxchi,443,445,01A1,B.FR.83.HXBLAI_IIIB_BRU.K03455,cpx,7.87343685439857e-09
Maxchi,528,610,01A1,02G,BC,5.280916602658472e-28
Maxchi,509,582,01A1,A5U,BC,8.983607963109125e-11
Maxchi,2033,2082,01A1,BC,BF1,0.007878750664256941
Maxchi,2446,2485,01A1,BC,CD,0.17062245102350043
Maxchi,402,440,01A1,02A,BF,4.707140590140388e-18
Maxchi,442,484,01A1,02G,BF,0.07007553859334137
Maxchi,401,453,01A1,A1D,BF,8.297490572334454e-12
Maxchi,210,402,01A1,A5U,BF,4.070822045386692e-52
Maxchi,401,451,01A1,BF,CPZ,1.0932219338166523e-11
Maxchi,1695,1746,01A1,01C,BF1,0.6107644895955535
Maxchi,2772,2824,01A1,02A,BF1,0.006968237444140369
Maxchi,1407,1466,01A1,02B,BF1,0.04053353995244688
Maxchi,2957,3012,01A1,A1D,BF1,0.21064829339310562
Maxchi,2892,2952,01A1,BF1,C2U,0.03834315863222578
Maxchi,488,540,01A1,BF1,CPZ,0.2110936711315774
Maxchi,529,612,01A1,02G,BG,1.7852139048086722e-30
Maxchi,464,526,01A1,BG,CPZ,1.7818836449210471e-06
Maxchi,528,610,01A1,02G,C,3.822097194329237e-27
Maxchi,1618,1672,01A1,BF1,C,2.4861082854576042e-05
Maxchi,1247,1295,01A1,BG,C,0.025674942578765007
Maxchi,3410,3445,01A1,C,C2U,0.02768675082927691
Maxchi,3324,3376,01A1,C,CD,0.0832542338617877
Maxchi,491,555,01A1,C,CPZ,1.4717314479880355e-09
Maxchi,3187,3234,01A1,C,D,0.3291449155670411
Maxchi,3176,3221,01A1,C,DF,0.13604627822904264
Maxchi,1701,1753,01A1,C,F1,0.05415231676424646
Maxchi,3175,3228,01A1,C,K,0.42545704793807404
Maxchi,3478,3538,01A1,01C,C2U,0.07556056752594141
Maxchi,3173,3226,01A1,02B,C2U,0.03375630718180811
Maxchi,528,610,01A1,02G,CD,3.822097194329237e-27
Maxchi,376,435,01A1,BF,CD,0.10207938441873741
Maxchi,1466,1513,01A1,BG,CD,0.584188453270647
Maxchi,445,496,01A1,CD,CPZ,1.2451363589301242e-06
Maxchi,1247,1295,01A1,BG,D,0.025674942578765007
Maxchi,1228,1278,01A1,D,F1,0.06045887197436918
Maxchi,3777,3830,01A1,D,J,0.14604357669820972
Maxchi,4954,5019,01A1,D,K,0.16572638663859768
Maxchi,2825,2868,01A1,D,L,0.06840509767544992
Maxchi,528,610,01A1,02G,DF,3.822097194329237e-27
Maxchi,3739,3791,01A1,CD,DF,0.14451598232804833
Maxchi,528,610,01A1,02G,F1,3.822097194329237e-27
Maxchi,1740,1787,01A1,C2U,F1,0.29134901833941595
Maxchi,1692,1745,01A1,CD,F1,0.026611370097769253
Maxchi,491,555,01A1,CPZ,F1,1.4717314479880355e-09
Maxchi,1475,1526,01A1,F1,F2,0.21380772954299349
Maxchi,2257,2303,01A1,F1,J,0.008148288564154766
Maxchi,3328,3373,01A1,F2,J,0.13648086349007002
Maxchi,4893,4956,01A1,F2,K,0.14633474213666445
Maxchi,2696,2751,01A1,F2,L,0.02905413716294064
Maxchi,2252,2303,01A1,02A,G,0.430828667606429
Maxchi,3501,3554,01A1,A1D,G,0.12859008445839312
Maxchi,3965,4014,01A1,A2D,G,0.44202929778825684
Maxchi,496,547,01A1,CPZ,G,4.5935916258265494e-07
Maxchi,521,586,01A1,G,H,2.9681523929800015e-16
Maxchi,532,582,01A1,01C,H,1.2246833830640455e-20
Maxchi,360,411,01A1,02A,H,0.0013055924087956078
Maxchi,291,341,01A1,02G,H,1.0
Maxchi,521,606,01A1,BC,H,1.5742060125307028e-24
Maxchi,370,380,01A1,BG,H,0.0035811640331237355
Maxchi,443,463,01A1,CD,H,0.009748109126736945
Maxchi,250,260,01A1,CPZ,H,1.4958258446518184e-05
Maxchi,509,591,01A1,DF,H,2.5508922786308585e-19
Maxchi,533,590,01A1,H,J,3.324737097740557e-24
Maxchi,309,359,01A1,H,L,1.0
Maxchi,441,453,01A1,H,cpx,8.721835402928461e-06
Maxchi,529,613,01A1,02G,J,8.923245278120872e-30
Maxchi,3422,3474,01A1,A1D,J,0.18798575930229441
Maxchi,523,591,01A1,A5U,J,5.013311730812828e-16
Maxchi,3697,3745,01A1,J,K,0.08085559837005234
Maxchi,2030,2082,01A1,J,L,0.03475558435961615
Maxchi,2941,2991,01A1,J,cpx,0.28539519234996025
Maxchi,2597,2646,01A1,BG,K,0.23701573761647557
Maxchi,527,608,01A1,02G,L,2.657364947799095e-26
Maxchi,879,932,01A1,A1D,L,0.09509943911606593
Maxchi,304,354,01A1,A5U,L,1.0
Maxchi,524,622,01A1,BF,L,6.98664002679598e-28
Maxchi,533,590,01A1,CPZ,L,3.324737097740557e-24
Maxchi,1667,1704,01A1,02A,cpx,0.005970648436563538
Maxchi,2762,2825,01A1,02B,cpx,0.004526515908931955
Maxchi,450,458,01A1,A5U,cpx,2.753800770030103e-07
Maxchi,2842,2902,01A1,AD,cpx,0.030591527446441023
Maxchi,464,526,01A1,CPZ,cpx,6.6509117255938576e-06
Maxchi,6492,6540,01B,01A1,01C,0.003679878095969801
Maxchi,3927,3988,01B,01A1,02A,0.003676619667113714
Maxchi,5809,5856,01B,01A1,02B,0.2366549366264465
Maxchi,529,612,01B,01A1,02G,1.7852139048086722e-30
Maxchi,4517,4568,01B,01A1,A1D,0.15713638788150552
Maxchi,866,914,01B,01A1,A5U,5.0014713087925065e-05
Maxchi,3726,3793,01B,01A1,C2U,0.006777682948549376
Maxchi,496,547,01B,01A1,CPZ,4.5935916258265494e-07
Maxchi,445,495,01B,01C,CPZ,0.0006871043843566189
Maxchi,3927,3988,01B,01C,02A,0.0029774644954320474
Maxchi,3418,3465,01B,02A,02B,0.7517172136660089
Maxchi,469,526,01B,02A,CPZ,0.0035970186246078823
Maxchi,3996,4053,01B,01C,02B,0.17768312697181937
Maxchi,493,540,01B,02B,CPZ,0.000200888864318128
Maxchi,530,614,01B,01C,02G,3.879600368549148e-22
Maxchi,530,614,01B,02A,02G,3.879600368549148e-22
Maxchi,530,614,01B,02B,02G,3.879600368549148e-22
Maxchi,530,614,01B,02G,A1D,9.481859150573165e-20
Maxchi,530,614,01B,02G,C2U,9.481859150573165e-20
Maxchi,490,534,01B,02G,CPZ,0.12170116687513019
Maxchi,1694,1730,01B,01A1,A,0.2888443663464818
Maxchi,541,627,01B,01C,A,1.6500021494809736e-25
Maxchi,360,411,01B,02A,A,0.002940932104495999
Maxchi,287,337,01B,02G,A,1.0
Maxchi,400,426,01B,A,A1D,2.3953087215005163e-10
Maxchi,463,494,01B,A,A2,0.14922835263038572
Maxchi,523,590,01B,A,B,1.856071208427854e-11
Maxchi,521,606,01B,A,BC,2.3924038463704406e-16
Maxchi,210,402,01B,A,BF,4.070822045386692e-52
Maxchi,375,426,01B,A,BF1,6.586857658927861e-12
Maxchi,369,376,01B,A,BG,0.00035871294143977614
Maxchi,398,445,01B,A,C2U,0.12188769712028555
Maxchi,397,451,01B,A,CD,0.013604032044213064
Maxchi,541,626,01B,A,J,2.293669246731663e-27
Maxchi,305,355,01B,A,L,1.0
Maxchi,4498,4536,01B,01C,A1D,0.14132577643184238
Maxchi,3084,3128,01B,02A,A1D,0.3117479638894022
Maxchi,1926,1981,01B,02B,A1D,0.0039256251746502815
Maxchi,488,540,01B,A1D,CPZ,0.016230048574613385
Maxchi,530,614,01B,02G,A2,3.879600368549148e-22
Maxchi,896,948,01B,A2,A5U,0.024733853560058795
Maxchi,484,540,01B,A2,CPZ,0.0012754664244986709
Maxchi,701,754,01B,A2,L,0.18924459347699601
Maxchi,5594,5633,01B,01A1,A2D,0.029038697898577052
Maxchi,5313,5361,01B,01C,A2D,0.02389313948470698
Maxchi,530,614,01B,02G,A2D,3.1966165449780244e-15
Maxchi,3012,3067,01B,A2D,BF1,0.1930215186091854
Maxchi,3314,3354,01B,A2D,C2U,0.050839920018562405
Maxchi,493,540,01B,A2D,CPZ,0.000200888864318128
Maxchi,843,891,01B,A3,A5U,9.225548870819634e-06
Maxchi,3225,3280,01B,A3,B,0.07788706738662647
Maxchi,2904,2958,01B,A3,BG,0.14791063478198924
Maxchi,519,582,01B,01C,A5U,2.798498676717025e-12
Maxchi,360,411,01B,02A,A5U,0.0035380567419032536
Maxchi,286,336,01B,02G,A5U,1.0
Maxchi,375,427,01B,A5U,BF1,2.4524456141090814e-11
Maxchi,843,891,01B,A5U,C2U,9.225548870819634e-06
Maxchi,206,254,01B,A5U,CPZ,0.1485617748918645
Maxchi,3072,3088,01B,A6,B,0.0021715444362551723
Maxchi,484,540,01B,A6,CPZ,0.0012754664244986709
Maxchi,518,590,01B,A6,H,1.6034677139345835e-13
Maxchi,5553,5603,01B,01C,AD,0.4145772597741709
Maxchi,536,626,01B,02G,AD,1.3124300264043252e-17
Maxchi,493,540,01B,AD,CPZ,0.000200888864318128
Maxchi,2033,2082,01B,02A,B,0.0022769421925702285
Maxchi,530,614,01B,02G,B,3.879600368549148e-22
Maxchi,4010,4061,01B,AD,B,0.430828667606429
Maxchi,493,540,01B,B,CPZ,0.000200888864318128
Maxchi,523,590,01B,B,H,1.856071208427854e-11
Maxchi,538,621,01B,01C,B.FR.83.HXBLAI_IIIB_BRU.K03455,9.26699779121882e-24
Maxchi,360,412,01B,02A,B.FR.83.HXBLAI_IIIB_BRU.K03455,0.004229127697816718
Maxchi,869,922,01B,02B,B.FR.83.HXBLAI_IIIB_BRU.K03455,0.11733087132801681
Maxchi,260,369,01B,02G,B.FR.83.HXBLAI_IIIB_BRU.K03455,9.732484224413035e-21
Maxchi,869,921,01B,A1D,B.FR.83.HXBLAI_IIIB_BRU.K03455,0.06490259194494909
Maxchi,495,548,01B,A6,B.FR.83.HXBLAI_IIIB_BRU.K03455,0.24806403089419707
Maxchi,513,590,01B,B.FR.83.HXBLAI_IIIB_BRU.K03455,BC,1.865583155058587e-14
Maxchi,210,402,01B,B.FR.83.HXBLAI_IIIB_BRU.K03455,BF,4.070822045386692e-52
Maxchi,375,426,01B,B.FR.83.HXBLAI_IIIB_BRU.K03455,BF1,6.586857658927861e-12
Maxchi,370,372,01B,B.FR.83.HXBLAI_IIIB_BRU.K03455,BG,1.5374597944280386e-12
Maxchi,432,492,01B,B.FR.83.HXBLAI_IIIB_BRU.K03455,C2U,0.3207769927915025
Maxchi,428,460,01B,B.FR.83.HXBLAI_IIIB_BRU.K03455,CD,0.023202545863181868
Maxchi,869,921,01B,B.FR.83.HXBLAI_IIIB_BRU.K03455,D,0.06490259194494909
Maxchi,883,930,01B,B.FR.83.HXBLAI_IIIB_BRU.K03455,F2,0.030826761719096932
Maxchi,532,608,01B,B.FR.83.HXBLAI_IIIB_BRU.K03455,J,1.3811620142632437e-20
Maxchi,443,445,01B,B.FR.83.HXBLAI_IIIB_BRU.K03455,cpx,7.87343685439857e-09
Maxchi,530,614,01B,02G,BC,1.1283456805873564e-20
Maxchi,484,530,01B,A5U,BC,0.1041006583396692
Maxchi,1985,2043,01B,BC,BF1,0.10620173445195281
Maxchi,3149,3206,01B,BC,C2U,0.05781911711607933
Maxchi,3269,3328,01B,BC,CD,0.012227290524497923
Maxchi,402,440,01B,02A,BF,4.707140590140388e-18
Maxchi,442,484,01B,02G,BF,0.07007553859334137
Maxchi,401,453,01B,A1D,BF,8.297490572334454e-12
Maxchi,210,402,01B,A5U,BF,4.070822045386692e-52
Maxchi,370,427,01B,BF,BG,2.333358668505006e-09
Maxchi,884,936,01B,BF,C2U,0.033910475051281676
Maxchi,401,451,01B,BF,CPZ,1.0932219338166523e-11
Maxchi,2700,2714,01B,01C,BF1,0.040365165416718266
Maxchi,1200,1235,01B,02A,BF1,0.16737282617637872
Maxchi,1407,1466,01B,02B,BF1,0.04053353995244688
Maxchi,516,534,01B,02G,BF1,0.00024478733822722726
Maxchi,1753,1805,01B,BF1,C2U,0.18006758853463598
Maxchi,488,540,01B,BF1,CPZ,0.2110936711315774
Maxchi,530,614,01B,02G,BG,3.879600368549148e-22
Maxchi,369,376,01B,A5U,BG,0.00035871294143977614
Maxchi,464,526,01B,BG,CPZ,1.7818836449210471e-06
Maxchi,530,615,01B,02G,C,3.308094073470162e-20
Maxchi,1466,1524,01B,BF1,C,0.12756279348997393
Maxchi,1937,1991,01B,C,C2U,0.008828760952818624
Maxchi,3328,3376,01B,C,CD,0.008761931853663491
Maxchi,483,540,01B,C,CPZ,0.0009733038764887125
Maxchi,3183,3231,01B,C,DF,0.09237601870003076
Maxchi,3105,3148,01B,C,J,0.08720825116628585
Maxchi,2463,2514,01B,C,L,0.13157332487673512
Maxchi,3227,3280,01B,02B,C2U,0.2997166352313786
Maxchi,854,907,01B,C2U,CPZ,0.006384926790648103
Maxchi,530,615,01B,02G,CD,3.308094073470162e-20
Maxchi,376,435,01B,BF,CD,0.10207938441873741
Maxchi,446,493,01B,CD,CPZ,0.00036464658722581766
Maxchi,3439,3487,01B,A1D,D,0.061755886336364224
Maxchi,4239,4289,01B,D,F2,0.26042529467584186
Maxchi,3053,3099,01B,D,J,0.4238047575676316
Maxchi,2721,2765,01B,D,L,0.3568332553603468
Maxchi,530,615,01B,02G,DF,3.308094073470162e-20
Maxchi,1979,2031,01B,BF1,DF,0.44952570289692784
Maxchi,3228,3278,01B,C2U,DF,0.384088249473852
Maxchi,3695,3746,01B,CD,DF,0.290634879866316
Maxchi,1249,1293,01B,02B,F1,0.07542068999558707
Maxchi,530,615,01B,02G,F1,3.308094073470162e-20
Maxchi,1698,1745,01B,C2U,F1,0.41302244179633285
Maxchi,1696,1748,01B,CD,F1,0.03884667984591007
Maxchi,481,534,01B,CPZ,F1,0.00034668564608747134
Maxchi,1475,1526,01B,F1,F2,0.21380772954299349
Maxchi,2037,2085,01B,F1,J,0.01857958717305084
Maxchi,2640,2696,01B,F1,L,0.02791588802767906
Maxchi,3231,3288,01B,A1D,F2,0.3264945200006967
Maxchi,3452,3501,01B,CD,F2,0.060249378257994465
Maxchi,3095,3148,01B,F2,J,0.15714856017144727
Maxchi,5051,5107,01B,F2,K,0.09240332765157658
Maxchi,2640,2696,01B,F2,L,0.02791588802767906
Maxchi,2032,2085,01B,02A,G,0.11349053415943366
Maxchi,3741,3790,01B,02B,G,0.10104166257959152
Maxchi,3408,3462,01B,A1D,G,0.07470593331213042
Maxchi,896,948,01B,A5U,G,0.024733853560058795
Maxchi,1594,1656,01B,BG,G,1.6437191668001727e-05
Maxchi,493,540,01B,CPZ,G,0.000200888864318128
Maxchi,524,590,01B,G,H,1.0194908402462684e-10
Maxchi,541,627,01B,01C,H,1.6500021494809736e-25
Maxchi,360,411,01B,02A,H,0.0013055924087956078
Maxchi,944,997,01B,02B,H,0.47215439243391566
Maxchi,291,341,01B,02G,H,1.0
Maxchi,928,989,01B,A1D,H,0.012791359724573754
Maxchi,933,982,01B,AD,H,0.12543651972862271
Maxchi,521,606,01B,BC,H,1.754723240003829e-17
Maxchi,370,380,01B,BG,H,0.0035811640331237355
Maxchi,443,463,01B,CD,H,0.009748109126736945
Maxchi,250,260,01B,CPZ,H,1.4958258446518184e-05
Maxchi,509,591,01B,DF,H,7.076494845710739e-18
Maxchi,541,627,01B,H,J,5.62112269918607e-28
Maxchi,309,359,01B,H,L,1.0
Maxchi,441,453,01B,H,cpx,8.721835402928461e-06
Maxchi,530,615,01B,02G,J,1.222909303162524e-21
Maxchi,523,591,01B,A5U,J,1.042630144355859e-10
Maxchi,3199,3246,01B,C2U,J,0.35226143734015647
Maxchi,493,540,01B,CPZ,J,0.000200888864318128
Maxchi,3824,3877,01B,J,K,0.15569719371114568
Maxchi,1927,1985,01B,J,L,0.0017892951320612048
Maxchi,3233,3280,01B,A1D,K,0.5689642679640169
Maxchi,2640,2696,01B,K,L,0.22731990119442122
Maxchi,2640,2696,01B,02B,L,0.02314419739548354
Maxchi,544,627,01B,02G,L,2.3172686447398338e-31
Maxchi,304,354,01B,A5U,L,1.0
Maxchi,527,627,01B,BF,L,4.405009446455238e-22
Maxchi,1503,1551,01B,CD,L,0.156337198788842
Maxchi,538,639,01B,CPZ,L,1.3964408143729997e-33
Maxchi,1661,1704,01B,02A,cpx,0.06840509767544992
Maxchi,1905,1970,01B,A1D,cpx,0.03308649028952939
Maxchi,914,962,01B,A5U,cpx,0.029096331741252254
Maxchi,2717,2768,01B,AD,cpx,0.5448801913517494
Maxchi,1441,1494,01C,02A,02B,0.04345354248458206
Maxchi,483,533,01C,02G,CPZ,0.10694786115039989
Maxchi,360,411,01C,02A,A,0.002940932104495999
Maxchi,287,337,01C,02G,A,1.0
Maxchi,400,426,01C,A,A1D,2.3953087215005163e-10
Maxchi,696,751,01C,A,A2,0.2299061422345213
Maxchi,708,771,01C,A,A6,0.18048243592101842
Maxchi,210,402,01C,A,BF,4.070822045386692e-52
Maxchi,375,426,01C,A,BF1,6.586857658927861e-12
Maxchi,369,376,01C,A,BG,0.00035871294143977614
Maxchi,398,445,01C,A,C,0.08524430172230993
Maxchi,398,445,01C,A,C2U,0.12188769712028555
Maxchi,397,451,01C,A,CD,0.013604032044213064
Maxchi,305,355,01C,A,L,1.0
Maxchi,844,891,01C,A2,A5U,7.288918199274735e-06
Maxchi,922,964,01C,A2,H,0.00206046980462325
Maxchi,286,336,01C,02G,A5U,1.0
Maxchi,373,400,01C,A1D,A5U,2.3953087215005163e-10
Maxchi,375,427,01C,A5U,BF1,2.4524456141090814e-11
Maxchi,4924,4950,01C,A6,AG,0.1462637219550793
Maxchi,3825,3871,01C,02B,B,0.015741808875513002
Maxchi,2296,2361,01C,A1D,B,0.029302781914181154
Maxchi,1698,1741,01C,B,BG,0.03934268721329598
Maxchi,5812,5858,01C,B,C,0.06988521361008718
Maxchi,3419,3470,01C,B,CD,0.13351889095290942
Maxchi,3231,3280,01C,B,D,0.754834846452914
Maxchi,598,650,01C,B,H,0.03737298834065144
Maxchi,9266,9326,01C,B,J,0.07064482479256712
Maxchi,3639,3692,01C,B,K,0.022130992740087216
Maxchi,1175,1223,01C,B,L,0.08591215377187744
Maxchi,360,412,01C,02A,B.FR.83.HXBLAI_IIIB_BRU.K03455,0.004229127697816718
Maxchi,260,369,01C,02G,B.FR.83.HXBLAI_IIIB_BRU.K03455,9.732484224413035e-21
Maxchi,398,427,01C,A1D,B.FR.83.HXBLAI_IIIB_BRU.K03455,1.071452495646796e-09
Maxchi,486,534,01C,B.FR.83.HXBLAI_IIIB_BRU.K03455,BC,0.10924846165584397
Maxchi,210,402,01C,B.FR.83.HXBLAI_IIIB_BRU.K03455,BF,4.070822045386692e-52
Maxchi,375,426,01C,B.FR.83.HXBLAI_IIIB_BRU.K03455,BF1,6.586857658927861e-12
Maxchi,370,372,01C,B.FR.83.HXBLAI_IIIB_BRU.K03455,BG,1.5374597944280386e-12
Maxchi,432,492,01C,B.FR.83.HXBLAI_IIIB_BRU.K03455,C2U,0.3207769927915025
Maxchi,428,460,01C,B.FR.83.HXBLAI_IIIB_BRU.K03455,CD,0.023202545863181868
Maxchi,508,543,01C,B.FR.83.HXBLAI_IIIB_BRU.K03455,DF,0.0541013797882144
Maxchi,449,504,01C,B.FR.83.HXBLAI_IIIB_BRU.K03455,cpx,5.699268514300147e-16
Maxchi,1695,1750,01C,BC,BF1,0.0020555585977358056
Maxchi,2112,2149,01C,BC,CD,0.021946771003246903
Maxchi,399,532,01C,02G,BF,1.3091529542509218e-20
Maxchi,434,495,01C,A1D,BF,0.016419402663498592
Maxchi,210,402,01C,A5U,BF,4.070822045386692e-52
Maxchi,427,483,01C,BF,BG,0.02720250787798321
Maxchi,431,531,01C,BF,CPZ,3.6399738906408164e-14
Maxchi,369,376,01C,A5U,BG,0.00035871294143977614
Maxchi,3197,3239,01C,02B,C,0.24103919390741405
Maxchi,2459,2505,01C,C,C2U,0.1642492458997012
Maxchi,3231,3280,01C,C,D,0.754834846452914
Maxchi,2694,2748,01C,C,F2,0.04953461343562649
Maxchi,5806,5854,01C,C,J,0.00025204660398412684
Maxchi,2319,2365,01C,C,K,0.07322069865600879
Maxchi,1702,1757,01C,C,L,0.03806825165973555
Maxchi,435,494,01C,BF,CD,0.10207938441873741
Maxchi,2210,2243,01C,C2U,CD,0.01679194443551433
Maxchi,2824,2879,01C,A1D,D,0.05978366262806145
Maxchi,3231,3280,01C,C2U,D,0.754834846452914
Maxchi,2036,2086,01C,D,F1,0.009023438818080326
Maxchi,2918,2976,01C,D,J,0.023277107030246515
Maxchi,2702,2748,01C,BC,DF,0.03197195617764869
Maxchi,1735,1798,01C,BF1,DF,0.079174799487434
Maxchi,2694,2747,01C,CD,DF,0.01244753570005412
Maxchi,1675,1731,01C,A1D,F1,0.0007971710174647761
Maxchi,369,426,01C,A5U,F1,5.658725230366511e-11
Maxchi,2017,2043,01C,C2U,F1,0.009238871992445994
Maxchi,1987,2035,01C,CD,F1,0.056738221375193486
Maxchi,2694,2748,01C,F1,F2,0.04953461343562649
Maxchi,1688,1737,01C,F1,J,0.1325093870813279
Maxchi,2694,2748,01C,A1D,F2,0.04953461343562649
Maxchi,2826,2873,01C,CD,F2,0.024960767072000206
Maxchi,3167,3218,01C,F2,J,0.4918612013299204
Maxchi,844,891,01C,A5U,G,7.288918199274735e-06
Maxchi,360,411,01C,02A,H,0.0013055924087956078
Maxchi,291,341,01C,02G,H,1.0
Maxchi,402,428,01C,A1D,H,4.942068131098457e-11
Maxchi,370,380,01C,BG,H,0.0035811640331237355
Maxchi,436,494,01C,CD,H,0.09189307366828853
Maxchi,250,260,01C,CPZ,H,1.4958258446518184e-05
Maxchi,309,359,01C,H,L,1.0
Maxchi,453,511,01C,H,cpx,7.13228369046833e-19
Maxchi,6047,6107,01C,BC,J,0.09479861153259397
Maxchi,2253,2293,01C,C2U,J,0.00201565484643723
Maxchi,2311,2358,01C,CD,J,0.15710716103576738
Maxchi,1457,1509,01C,BF1,K,0.07791120702910179
Maxchi,1700,1753,01C,K,L,0.02906811310148125
Maxchi,304,354,01C,A5U,L,1.0
Maxchi,434,495,01C,BF,L,0.03441988499501387
Maxchi,452,509,01C,A5U,cpx,3.576086720403568e-17
Maxchi,482,532,01C,CPZ,cpx,0.02401491276134589
Maxchi,3418,3464,02A,01B,AD,0.14817787189628098
Maxchi,298,361,02A,02G,A,1.0777939232778433e-15
Maxchi,210,308,02A,A,BF,3.060730184457238e-17
Maxchi,306,359,02A,A,L,1.336905921105722e-21
Maxchi,1507,1561,02A,02B,A1,0.39554738407642975
Maxchi,1514,1559,02A,A1,AE,0.055293668304090694
Maxchi,1984,2014,02A,01C,A2,2.316625455504561e-05
Maxchi,3265,3328,02A,A2,AE,0.09237041745413548
Maxchi,1059,1112,02A,A2D,C2U,0.030109512711539284
Maxchi,1372,1423,02A,01B,A3,0.1411939952934989
Maxchi,1355,1405,02A,A3,AD,0.2971465303484674
Maxchi,1464,1498,02A,A3,AE,0.12464977840525263
Maxchi,950,993,02A,A3,BG,0.0010485992725002135
Maxchi,3529,3567,02A,02B,A6,0.00015927529196482353
Maxchi,1620,1676,02A,02G,A6,0.09261734149401607
Maxchi,3418,3464,02A,AD,AE,0.14817787189628098
Maxchi,1680,1759,02A,A1D,B,5.508479891884822e-06
Maxchi,1695,1740,02A,B,C,0.028882069040358414
Maxchi,1695,1740,02A,B,C2U,0.028882069040358414
Maxchi,1695,1740,02A,B,F1,0.028882069040358414
Maxchi,1689,1740,02A,B,J,0.2735146430204451
Maxchi,2822,2877,02A,B,K,0.3498403609663626
Maxchi,1404,1464,02A,B,L,0.06777272146790936
Maxchi,297,358,02A,02G,B.FR.83.HXBLAI_IIIB_BRU.K03455,1.9982054592487737e-14
Maxchi,210,308,02A,B.FR.83.HXBLAI_IIIB_BRU.K03455,BF,3.060730184457238e-17
Maxchi,484,533,02A,B.FR.83.HXBLAI_IIIB_BRU.K03455,BF1,0.13800891784063768
Maxchi,306,358,02A,B.FR.83.HXBLAI_IIIB_BRU.K03455,L,7.390807495331356e-21
Maxchi,1651,1700,02A,BC,BF1,0.0006637798566295335
Maxchi,210,308,02A,A5U,BF,3.060730184457238e-17
Maxchi,1676,1720,02A,BF,C2U,0.00030668224944499424
Maxchi,1666,1704,02A,01C,BG,0.14132577643184238
Maxchi,1698,1760,02A,A1D,BG,0.04663156689064844
Maxchi,948,993,02A,A2D,BG,0.009611003427230858
Maxchi,980,1033,02A,C,D,0.0008534699483801753
Maxchi,1701,1750,02A,C,DF,0.03757196589750172
Maxchi,1925,1981,02A,C,F1,0.00012202795857505913
Maxchi,1246,1298,02A,C,F2,0.07437734325249158
Maxchi,1664,1733,02A,C,J,0.0008011871870429626
Maxchi,1744,1798,02A,BF1,CD,0.0011704628265036218
Maxchi,2825,2880,02A,A1D,D,0.09886323071011947
Maxchi,1690,1745,02A,BC,D,0.011315867805187617
Maxchi,1118,1134,02A,BF1,D,0.02464138851207273
Maxchi,980,1033,02A,C2U,D,0.0008534699483801753
Maxchi,1245,1298,02A,CD,D,0.04123603140394829
Maxchi,1059,1112,02A,D,DF,0.1456470790829995
Maxchi,980,1033,02A,D,F1,0.0008534699483801753
Maxchi,1059,1112,02A,D,F2,0.07727303325891101
Maxchi,1886,1929,02A,D,J,0.008729408743614539
Maxchi,2832,2875,02A,D,K,0.13823971778517535
Maxchi,1594,1663,02A,BC,DF,7.45892146970612e-05
Maxchi,1695,1741,02A,BF1,DF,0.04394110280796704
Maxchi,1701,1750,02A,C2U,DF,0.03757196589750172
Maxchi,1780,1831,02A,CD,DF,0.041387329916868366
Maxchi,1975,2025,02A,C2U,F1,0.07436768774938042
Maxchi,1508,1554,02A,F1,F2,0.38125022508323214
Maxchi,1508,1554,02A,BF1,F2,0.38125022508323214
Maxchi,1695,1766,02A,C2U,F2,0.0010230474402104198
Maxchi,1246,1298,02A,CD,F2,0.03737298834065144
Maxchi,2225,2287,02A,F2,J,0.030874262930658602
Maxchi,2821,2875,02A,F2,K,0.2604305744647191
Maxchi,299,363,02A,02G,H,4.689031194099481e-18
Maxchi,250,260,02A,CPZ,H,1.4958258446518184e-05
Maxchi,306,359,02A,H,L,1.336905921105722e-21
Maxchi,1686,1733,02A,C2U,J,0.11410709480862181
Maxchi,2823,2877,02A,J,K,0.16790208994398007
Maxchi,1134,1194,02A,BF1,K,0.05603304798787733
Maxchi,2832,2875,02A,C2U,K,0.13823971778517535
Maxchi,977,1027,02A,CD,K,0.007170851081709203
Maxchi,306,359,02A,A5U,L,1.336905921105722e-21
Maxchi,1970,2023,02A,01C,cpx,0.2054579747883311
Maxchi,426,531,02A,BF,cpx,7.6555862187356375e-31
Maxchi,866,909,02B,01B,A5U,3.4836122324045183e-05
Maxchi,445,495,02B,01C,CPZ,0.0006871043843566189
Maxchi,464,526,02B,02A,CPZ,3.2718890381501466e-05
Maxchi,526,606,02B,01C,02G,5.946991327818636e-16
Maxchi,522,534,02B,02A,02G,2.7845262743526553e-05
Maxchi,484,533,02B,02G,A1D,0.1360970044403716
Maxchi,483,534,02B,02G,C2U,0.3309400075556688
Maxchi,490,534,02B,02G,CPZ,0.12170116687513019
Maxchi,539,621,02B,01C,A,1.7225774541052452e-16
Maxchi,360,411,02B,02A,A,0.002940932104495999
Maxchi,287,337,02B,02G,A,1.0
Maxchi,400,426,02B,A,A1D,2.3953087215005163e-10
Maxchi,463,494,02B,A,A2,0.14922835263038572
Maxchi,523,590,02B,A,B,8.949833942142337e-09
Maxchi,521,606,02B,A,BC,6.728595972734019e-17
Maxchi,210,402,02B,A,BF,4.070822045386692e-52
Maxchi,375,426,02B,A,BF1,6.586857658927861e-12
Maxchi,369,376,02B,A,BG,0.00035871294143977614
Maxchi,397,451,02B,A,CD,0.013604032044213064
Maxchi,450,500,02B,A,DF,1.0
Maxchi,531,606,02B,A,J,5.640404226341245e-16
Maxchi,305,355,02B,A,L,1.0
Maxchi,484,540,02B,A1D,CPZ,0.0012754664244986709
Maxchi,522,534,02B,02G,A2,0.0005771485390050796
Maxchi,3209,3277,02B,A2,A2D,0.15115004314608643
Maxchi,844,891,02B,A2,A5U,0.0001628130354796409
Maxchi,3825,3876,02B,A2,A6,0.07095713052180315
Maxchi,3814,3868,02B,A2,AE,0.05641088544059145
Maxchi,484,540,02B,A2,CPZ,0.0012754664244986709
Maxchi,881,940,02B,A2,H,0.34590790606801747
Maxchi,892,938,02B,A2D,A5U,0.001179784037879989
Maxchi,844,891,02B,A3,A5U,0.0004964287468260845
Maxchi,501,533,02B,01C,A5U,0.16543896349191234
Maxchi,286,336,02B,02G,A5U,1.0
Maxchi,375,427,02B,A5U,BF1,2.4524456141090814e-11
Maxchi,4290,4349,02B,01B,A6,0.04762042234693907
Maxchi,3239,3280,02B,01C,A6,0.10813886151869037
Maxchi,4290,4349,02B,A6,AE,0.04762042234693907
Maxchi,484,540,02B,A6,CPZ,0.0012754664244986709
Maxchi,496,507,02B,A6,H,0.00700998715358736
Maxchi,844,900,02B,A5U,AE,0.0002128294190143768
Maxchi,2717,2768,02B,AE,cpx,0.5448801913517494
Maxchi,2970,3023,02B,AD,B,0.5298882330076125
Maxchi,493,540,02B,B,CPZ,0.000200888864318128
Maxchi,523,590,02B,B,H,8.949833942142337e-09
Maxchi,531,606,02B,01C,B.FR.83.HXBLAI_IIIB_BRU.K03455,6.729161376237159e-14
Maxchi,360,412,02B,02A,B.FR.83.HXBLAI_IIIB_BRU.K03455,0.004229127697816718
Maxchi,260,369,02B,02G,B.FR.83.HXBLAI_IIIB_BRU.K03455,9.732484224413035e-21
Maxchi,502,563,02B,A6,B.FR.83.HXBLAI_IIIB_BRU.K03455,0.16420983222041685
Maxchi,505,513,02B,B.FR.83.HXBLAI_IIIB_BRU.K03455,BC,0.040356572798745265
Maxchi,210,402,02B,B.FR.83.HXBLAI_IIIB_BRU.K03455,BF,4.070822045386692e-52
Maxchi,375,426,02B,B.FR.83.HXBLAI_IIIB_BRU.K03455,BF1,6.586857658927861e-12
Maxchi,370,372,02B,B.FR.83.HXBLAI_IIIB_BRU.K03455,BG,1.5374597944280386e-12
Maxchi,432,492,02B,B.FR.83.HXBLAI_IIIB_BRU.K03455,C2U,0.3207769927915025
Maxchi,428,460,02B,B.FR.83.HXBLAI_IIIB_BRU.K03455,CD,0.023202545863181868
Maxchi,450,500,02B,B.FR.83.HXBLAI_IIIB_BRU.K03455,DF,1.0
Maxchi,871,928,02B,B.FR.83.HXBLAI_IIIB_BRU.K03455,F1,0.0019054244029497892
Maxchi,926,981,02B,B.FR.83.HXBLAI_IIIB_BRU.K03455,F2,0.21625581608840191
Maxchi,495,534,02B,B.FR.83.HXBLAI_IIIB_BRU.K03455,G,0.1339235587547078
Maxchi,531,606,02B,B.FR.83.HXBLAI_IIIB_BRU.K03455,J,7.561153635996312e-14
Maxchi,443,445,02B,B.FR.83.HXBLAI_IIIB_BRU.K03455,cpx,7.87343685439857e-09
Maxchi,518,536,02B,02G,BC,0.0004615437876544122
Maxchi,484,530,02B,A5U,BC,0.1041006583396692
Maxchi,1972,2016,02B,BC,BF1,0.016992491079782752
Maxchi,3203,3267,02B,BC,CD,0.04355193500206386
Maxchi,556,652,02B,02A,BF,1.0321606120323136e-31
Maxchi,442,484,02B,02G,BF,0.07007553859334137
Maxchi,372,434,02B,A1D,BF,0.016419402663498592
Maxchi,210,402,02B,A5U,BF,4.070822045386692e-52
Maxchi,556,606,02B,BF,BG,3.2083015367481988e-15
Maxchi,401,451,02B,BF,CPZ,1.0932219338166523e-11
Maxchi,516,534,02B,02G,BF1,0.00024478733822722726
Maxchi,483,540,02B,BF1,CPZ,0.001654245336222464
Maxchi,1945,1995,02B,01C,BG,0.002927612923228782
Maxchi,522,534,02B,02G,BG,2.5658801538431853e-05
Maxchi,369,376,02B,A5U,BG,0.00035871294143977614
Maxchi,1062,1118,02B,BG,C2U,0.07032535949422974
Maxchi,464,526,02B,BG,CPZ,1.7818836449210471e-06
Maxchi,483,533,02B,02G,C,0.4559647442223559
Maxchi,1925,1980,02B,C,C2U,0.0032981997179781955
Maxchi,1925,1983,02B,C,CD,3.5964002296225975e-07
Maxchi,483,540,02B,C,CPZ,0.0009733038764887125
Maxchi,483,540,02B,C2U,CPZ,0.0009733038764887125
Maxchi,484,537,02B,02G,CD,0.014243531972557769
Maxchi,3327,3373,02B,A1D,CD,0.06600276627491655
Maxchi,928,981,02B,BF,CD,0.001437417412803804
Maxchi,1731,1775,02B,BF1,CD,0.028342129532670204
Maxchi,3175,3228,02B,C2U,CD,0.09011639846512456
Maxchi,446,493,02B,CD,CPZ,0.00036464658722581766
Maxchi,3791,3840,02B,01C,D,0.07552398753331192
Maxchi,2822,2877,02B,BG,D,0.1622164090906263
Maxchi,484,537,02B,02G,DF,0.014243531972557769
Maxchi,517,534,02B,02G,F1,0.0004279213170421814
Maxchi,2769,2822,02B,A1D,F1,0.10507210594729603
Maxchi,369,426,02B,A5U,F1,5.658725230366511e-11
Maxchi,1694,1742,02B,CD,F1,0.0012509601337137004
Maxchi,481,534,02B,CPZ,F1,0.00034668564608747134
Maxchi,1698,1752,02B,DF,F1,0.26403297042351676
Maxchi,3463,3512,02B,F1,F2,0.11552353439347782
Maxchi,1984,2041,02B,F1,J,8.506111066379138e-05
Maxchi,3174,3219,02B,F1,K,0.06678226686518011
Maxchi,928,982,02B,F1,L,0.0024680960944437956
Maxchi,2924,2979,02B,01C,F2,0.21169664117838913
Maxchi,2826,2903,02B,01C,G,0.028347567407842212
Maxchi,2006,2047,02B,BG,G,0.36812025069351917
Maxchi,493,540,02B,CPZ,G,0.000200888864318128
Maxchi,524,590,02B,G,H,1.4061661417740728e-08
Maxchi,894,944,02B,01A1,H,0.04694472697848181
Maxchi,539,621,02B,01C,H,1.7225774541052452e-16
Maxchi,360,411,02B,02A,H,0.0013055924087956078
Maxchi,291,341,02B,02G,H,1.0
Maxchi,897,947,02B,A2D,H,0.009504434174322491
Maxchi,844,891,02B,A5U,H,0.0004964287468260845
Maxchi,521,606,02B,BC,H,6.728595972734019e-17
Maxchi,370,380,02B,BG,H,0.0035811640331237355
Maxchi,443,463,02B,CD,H,0.009748109126736945
Maxchi,250,260,02B,CPZ,H,1.4958258446518184e-05
Maxchi,457,507,02B,DF,H,1.0
Maxchi,531,606,02B,H,J,2.3005577020233376e-16
Maxchi,309,359,02B,H,L,1.0
Maxchi,441,453,02B,H,cpx,8.721835402928461e-06
Maxchi,511,561,02B,A5U,J,1.0
Maxchi,3198,3245,02B,CD,J,0.05086663280709302
Maxchi,493,540,02B,CPZ,J,0.000200888864318128
Maxchi,3402,3455,02B,DF,J,0.11809927328745604
Maxchi,3697,3745,02B,J,K,0.012234037423338569
Maxchi,1912,1968,02B,C2U,K,0.0750111114554317
Maxchi,526,607,02B,02G,L,1.3014603643554258e-14
Maxchi,664,717,02B,A2D,L,0.31508664128779806
Maxchi,304,354,02B,A5U,L,1.0
Maxchi,512,562,02B,BF,L,1.0
Maxchi,566,626,02B,BG,L,0.003243868321222917
Maxchi,1478,1532,02B,CD,L,0.159003948736483
Maxchi,533,639,02B,CPZ,L,3.376742959116249e-26
Maxchi,560,614,02B,L,cpx,0.24927512864512608
Maxchi,2717,2768,02B,01B,cpx,0.5448801913517494
Maxchi,2940,3002,02B,01C,cpx,0.003073800517351918
Maxchi,942,998,02G,01C,02A,0.08395281829312767
Maxchi,1603,1663,02G,02A,C2U,0.0038787170857059873
Maxchi,941,997,02G,02A,CPZ,0.08395281829312767
Maxchi,1620,1670,02G,02A,A1D,0.0007855456469901085
Maxchi,986,1045,02G,A1D,C2U,2.556651078656549e-05
Maxchi,838,885,02G,A1D,CPZ,0.5104926307914701
Maxchi,874,928,02G,B,F1,0.04734733304357286
Maxchi,898,941,02G,B,L,0.4127725959909144
Maxchi,844,898,02G,01C,BG,9.51851442475834e-05
Maxchi,486,534,02G,BF,C,0.05960627929205458
Maxchi,986,1037,02G,BF1,C,0.002892019098001377
Maxchi,991,1046,02G,C,C2U,0.003797587226343824
Maxchi,949,1002,02G,BF1,CD,0.2160124862167251
Maxchi,874,928,02G,A1D,DF,0.21486774567077493
Maxchi,874,928,02G,BF1,DF,0.04041248902695918
Maxchi,874,928,02G,C2U,DF,0.21486774567077493
Maxchi,935,984,02G,CD,DF,0.04580894831337552
Maxchi,536,588,02G,CPZ,DF,0.018672658683924186
Maxchi,986,1037,02G,A1D,F1,0.002892019098001377
Maxchi,890,940,02G,BF,F1,1.0
Maxchi,1833,1886,02G,C2U,F1,0.039817885811465996
Maxchi,1468,1511,02G,F1,L,0.023907604316660173
Maxchi,928,950,02G,01C,G,3.879334843395641e-06
Maxchi,949,1002,02G,02A,G,3.7126147671322753e-07
Maxchi,447,492,02G,H,L,4.006662438199828e-09
Maxchi,823,871,02G,A1D,J,0.004061829376288604
Maxchi,1956,2012,02G,C2U,J,0.0035635178815657713
Maxchi,936,990,02G,J,L,0.010893594881036951
Maxchi,955,1005,A,01A1,02B,0.7036500686529769
Maxchi,1001,1047,A,01A1,A5U,0.128264456022744
Maxchi,1005,1055,A,01A1,AD,0.6373518882339371
Maxchi,206,254,A,01A1,CPZ,0.1485617748918645
Maxchi,445,530,A,01B,02B,1.3683605840146571e-22
Maxchi,928,958,A,01B,A2D,0.10644965563344637
Maxchi,914,961,A,01B,A5U,0.013618935396590422
Maxchi,445,530,A,01B,AD,1.3683605840146571e-22
Maxchi,206,254,A,01B,CPZ,0.1485617748918645
Maxchi,206,254,A,01C,CPZ,0.1485617748918645
Maxchi,206,254,A,02A,CPZ,0.1485617748918645
Maxchi,206,254,A,02B,CPZ,0.1485617748918645
Maxchi,398,437,A,02G,CPZ,1.0304055432109675e-18
Maxchi,1466,1518,A,01A1,A1,0.2134476431942718
Maxchi,1519,1570,A,01B,A1,0.07047975845497427
Maxchi,1490,1555,A,02B,A1,0.01176776863692536
Maxchi,1425,1490,A,A1,A2D,0.01176776863692536
Maxchi,1948,1994,A,A1,A3,0.02428469391536247
Maxchi,913,961,A,A1,A5U,0.011600654908382014
Maxchi,429,481,A,A1,A6,0.29146431388573735
Maxchi,446,546,A,A1,AD,1.3125458657191369e-22
Maxchi,1519,1570,A,A1,AE,0.07047975845497427
Maxchi,1490,1555,A,A1,AG,0.01176776863692536
Maxchi,925,966,A,A1,C,0.1373239575666418
Maxchi,866,891,A,A1,CPZ,0.39000826120285625
Maxchi,1425,1490,A,A1,D,0.01176776863692536
Maxchi,310,369,A,A1,F1,1.1008683778954871e-06
Maxchi,965,1025,A,A1,F2,0.07217900758881697
Maxchi,536,614,A,A1,G,1.309624056645912e-10
Maxchi,1059,1109,A,A1,H,0.005957497009692907
Maxchi,452,462,A,A1,cpx,1.9751666954620456e-06
Maxchi,206,254,A,A1D,CPZ,0.1485617748918645
Maxchi,699,753,A,A1D,A2,0.11601928465036287
Maxchi,843,897,A,A2,A5U,0.0001340099208146325
Maxchi,908,943,A,A2,A6,0.018620889429885278
Maxchi,696,751,A,A2,B,0.2299061422345213
Maxchi,699,753,A,A2,BC,0.11601928465036287
Maxchi,373,423,A,A2,BF1,1.1087058518985285e-08
Maxchi,321,376,A,A2,BG,0.0052555320462632895
Maxchi,699,753,A,A2,C,0.11601928465036287
Maxchi,699,753,A,A2,CD,0.11601928465036287
Maxchi,206,254,A,A2,CPZ,0.1485617748918645
Maxchi,310,366,A,A2,F1,1.033836550801337e-07
Maxchi,696,751,A,A2,G,0.2299061422345213
Maxchi,750,797,A,A2,H,0.01775723752126377
Maxchi,629,702,A,A2,J,0.001023918840568354
Maxchi,893,949,A,A2,K,7.922404621025439e-05
Maxchi,864,916,A,A2,cpx,0.00047698113729629203
Maxchi,950,998,A,02B,A2D,0.0005843953093797332
Maxchi,950,998,A,A1D,A2D,0.0005843953093797332
Maxchi,897,950,A,A2D,A5U,3.18389502018615e-05
Maxchi,1082,1144,A,A2D,AD,0.14773879677762888
Maxchi,944,997,A,A2D,C2U,0.0015565367788693957
Maxchi,206,254,A,A2D,CPZ,0.1485617748918645
Maxchi,1691,1707,A,01A1,A3,0.014985414860360622
Maxchi,445,526,A,01B,A3,2.0307827447833507e-12
Maxchi,1291,1326,A,02B,A3,0.42879428738548975
Maxchi,950,998,A,A2D,A3,0.0005843953093797332
Maxchi,890,917,A,A3,A5U,0.011718685599768625
Maxchi,429,481,A,A3,A6,0.29146431388573735
Maxchi,1288,1340,A,A3,AD,0.24936964678950607
Maxchi,445,526,A,A3,AE,2.0307827447833507e-12
Maxchi,1460,1503,A,A3,AG,0.024103417109792004
Maxchi,893,930,A,A3,C,0.15631375530236835
Maxchi,206,254,A,A3,CPZ,0.1485617748918645
Maxchi,1108,1159,A,A3,D,0.0123195117955672
Maxchi,310,369,A,A3,F1,1.1008683778954871e-06
Maxchi,930,966,A,A3,F2,0.13809471067005982
Maxchi,505,535,A,A3,G,0.0777598964393294
Maxchi,1109,1153,A,A3,H,0.07031710671116359
Maxchi,949,1005,A,A3,K,0.00026749776377982487
Maxchi,452,462,A,A3,cpx,1.9751666954620456e-06
Maxchi,914,962,A,01C,A5U,0.0381143959801875
Maxchi,583,640,A,02A,A5U,0.142871738904464
Maxchi,914,962,A,02B,A5U,0.007905870811397802
Maxchi,532,533,A,02G,A5U,5.762843271868781e-07
Maxchi,402,452,A,A1D,A5U,6.581855185118754e-10
Maxchi,888,938,A,A5U,AD,2.1380547115226257e-05
Maxchi,647,696,A,A5U,C2U,0.09099113508979113
Maxchi,429,481,A,01A1,A6,0.29146431388573735
Maxchi,429,481,A,01B,A6,0.29146431388573735
Maxchi,429,481,A,02B,A6,0.29146431388573735
Maxchi,429,481,A,A2D,A6,0.29146431388573735
Maxchi,914,962,A,A5U,A6,0.06445771827067583
Maxchi,429,481,A,A6,AD,0.29146431388573735
Maxchi,429,481,A,A6,AE,0.29146431388573735
Maxchi,429,481,A,A6,AG,0.29146431388573735
Maxchi,829,845,A,A6,BC,0.00015245087901931322
Maxchi,830,844,A,A6,C,7.079528641295996e-05
Maxchi,766,834,A,A6,C2U,0.04516894047677161
Maxchi,840,844,A,A6,CD,5.587260371231264e-09
Maxchi,206,254,A,A6,CPZ,0.1485617748918645
Maxchi,429,481,A,A6,D,0.29146431388573735
Maxchi,833,847,A,A6,DF,0.01101630504148418
Maxchi,310,366,A,A6,F1,6.427844335043135e-06
Maxchi,480,532,A,A6,F2,0.30085688366587204
Maxchi,855,929,A,A6,G,0.03974888325503709
Maxchi,891,938,A,A6,H,0.012325800886321762
Maxchi,766,834,A,A6,J,0.21423090289398058
Maxchi,429,481,A,A6,K,0.29146431388573735
Maxchi,908,950,A,A6,cpx,0.025707851940075948
Maxchi,1237,1286,A,02B,AD,0.2163379970040357
Maxchi,206,254,A,AD,CPZ,0.1485617748918645
Maxchi,1993,2047,A,01B,AE,0.011623876451636643
Maxchi,445,530,A,02B,AE,4.748372864356503e-22
Maxchi,928,958,A,A2D,AE,0.10644965563344637
Maxchi,914,962,A,A5U,AE,0.029096331741252254
Maxchi,445,530,A,AD,AE,4.748372864356503e-22
Maxchi,1467,1501,A,AE,AG,0.12464977840525263
Maxchi,206,254,A,AE,CPZ,0.1485617748918645
Maxchi,426,509,A,AE,DF,4.243478346332493e-11
Maxchi,452,462,A,AE,cpx,1.9751666954620456e-06
Maxchi,1005,1055,A,01A1,AG,0.6373518882339371
Maxchi,1467,1501,A,01B,AG,0.12464977840525263
Maxchi,1673,1702,A,02B,AG,0.023898635554570693
Maxchi,1082,1144,A,A2D,AG,0.14773879677762888
Maxchi,888,939,A,A5U,AG,0.0007927051198842803
Maxchi,445,546,A,AD,AG,2.3686391721711147e-22
Maxchi,926,949,A,AG,CD,7.764036537930667e-09
Maxchi,206,254,A,AG,CPZ,0.1485617748918645
Maxchi,452,462,A,AG,cpx,1.9751666954620456e-06
Maxchi,985,1034,A,01C,B,0.17132851683232586
Maxchi,828,885,A,A5U,B,0.0003606275511920053
Maxchi,206,254,A,B,CPZ,0.1485617748918645
Maxchi,310,369,A,B,F1,1.1008683778954871e-06
Maxchi,726,787,A,B,G,0.013053724254489281
Maxchi,598,650,A,B,H,0.07437734325249158
Maxchi,598,650,A,B,J,0.07437734325249158
Maxchi,439,483,A,B,cpx,2.067065818078246e-15
Maxchi,944,998,A,A2D,B.FR.83.HXBLAI_IIIB_BRU.K03455,0.03293499856898258
Maxchi,695,740,A,B.FR.83.HXBLAI_IIIB_BRU.K03455,BF1,0.5215149627191401
Maxchi,736,779,A,B.FR.83.HXBLAI_IIIB_BRU.K03455,CD,0.14310939695342942
Maxchi,701,740,A,B.FR.83.HXBLAI_IIIB_BRU.K03455,DF,0.27907513946709495
Maxchi,901,954,A,B.FR.83.HXBLAI_IIIB_BRU.K03455,F2,4.191976800955559e-05
Maxchi,916,966,A,01C,BC,0.030181446086570786
Maxchi,841,890,A,A5U,BC,2.1641645416805324e-10
Maxchi,451,505,A,BC,CD,0.08862122211794161
Maxchi,206,254,A,BC,CPZ,0.1485617748918645
Maxchi,184,234,A,02G,BF,5.310992619972493e-18
Maxchi,445,492,A,A5U,BF,0.13814002768844455
Maxchi,398,452,A,BF,CPZ,0.032114311926790685
Maxchi,206,254,A,BF1,CPZ,0.1485617748918645
Maxchi,363,430,A,A1D,BG,9.741247929366401e-08
Maxchi,897,950,A,A2D,BG,3.18389502018615e-05
Maxchi,630,703,A,A5U,BG,0.17570208411167917
Maxchi,206,254,A,BG,CPZ,0.1485617748918645
Maxchi,927,970,A,01A1,C,0.03674624085497837
Maxchi,925,966,A,01B,C,0.19788927318629929
Maxchi,881,940,A,02B,C,0.07723854674167506
Maxchi,696,744,A,A1D,C,0.07363827012030258
Maxchi,881,940,A,A2D,C,0.11129854802430703
Maxchi,943,992,A,AD,C,0.0030720705354891826
Maxchi,883,925,A,AE,C,0.12324273816544172
Maxchi,928,943,A,AG,C,4.284146187165984e-07
Maxchi,696,744,A,C,C2U,0.2962698714842834
Maxchi,206,254,A,C,CPZ,0.1485617748918645
Maxchi,889,947,A,C,D,0.16439422239165394
Maxchi,916,966,A,C,K,0.0016222548081131808
Maxchi,893,945,A,02B,C2U,0.12419239344721592
Maxchi,206,254,A,C2U,CPZ,0.1485617748918645
Maxchi,206,254,A,CD,CPZ,0.1485617748918645
Maxchi,981,1034,A,01A1,D,0.31685194547048773
Maxchi,1005,1055,A,01B,D,0.5515150900118735
Maxchi,1108,1159,A,02B,D,0.0123195117955672
Maxchi,1111,1149,A,A2D,D,0.14132577643184238
Maxchi,916,962,A,A5U,D,0.03404615970214235
Maxchi,1108,1159,A,AD,D,0.0123195117955672
Maxchi,1056,1108,A,AE,D,0.0123195117955672
Maxchi,933,989,A,AG,D,0.27502934013891095
Maxchi,206,254,A,CPZ,D,0.1485617748918645
Maxchi,310,369,A,D,F1,1.1008683778954871e-06
Maxchi,933,989,A,D,F2,0.27502934013891095
Maxchi,532,608,A,D,G,1.2977089199309883e-11
Maxchi,989,1046,A,D,H,0.18866893361274495
Maxchi,452,462,A,D,cpx,1.9751666954620456e-06
Maxchi,426,508,A,01B,DF,2.0232145361695025e-11
Maxchi,633,696,A,01C,DF,0.06875788519421212
Maxchi,832,887,A,A5U,DF,8.585026952838033e-05
Maxchi,633,696,A,BC,DF,0.06875788519421212
Maxchi,362,402,A,BG,DF,0.08117658558247334
Maxchi,483,520,A,C2U,DF,0.06409302078504037
Maxchi,484,521,A,CD,DF,0.22976627046113451
Maxchi,206,254,A,CPZ,DF,0.1485617748918645
Maxchi,310,369,A,01A1,F1,1.1008683778954871e-06
Maxchi,310,369,A,01B,F1,1.1008683778954871e-06
Maxchi,310,369,A,01C,F1,1.1008683778954871e-06
Maxchi,944,998,A,02B,F1,0.03766692222862869
Maxchi,893,946,A,A2D,F1,0.0017900444599827535
Maxchi,310,369,A,AD,F1,1.1008683778954871e-06
Maxchi,310,369,A,AE,F1,1.1008683778954871e-06
Maxchi,948,970,A,AG,F1,6.712366164913151e-08
Maxchi,310,369,A,BC,F1,1.1008683778954871e-06
Maxchi,484,549,A,BF1,F1,0.24043292916248407
Maxchi,531,534,A,BG,F1,3.290825046542594e-08
Maxchi,206,255,A,CPZ,F1,0.06807634672122492
Maxchi,310,369,A,DF,F1,6.304482670602313e-08
Maxchi,310,369,A,F1,F2,1.1008683778954871e-06
Maxchi,310,369,A,F1,G,1.1008683778954871e-06
Maxchi,310,369,A,F1,J,1.1008683778954871e-06
Maxchi,947,1005,A,F1,K,0.017249742811207655
Maxchi,253,299,A,F1,L,1.2488967458572545e-14
Maxchi,310,356,A,F1,cpx,0.0009621854198717543
Maxchi,946,1004,A,01A1,F2,0.1803698061828382
Maxchi,927,984,A,01B,F2,0.17263037646609303
Maxchi,934,984,A,01C,F2,0.07709987174354202
Maxchi,944,998,A,02B,F2,0.03766692222862869
Maxchi,888,937,A,A1D,F2,0.013136661200384283
Maxchi,927,980,A,AD,F2,0.0005945312484343554
Maxchi,935,967,A,AE,F2,0.14316196982595475
Maxchi,949,971,A,AG,F2,7.764036537930667e-09
Maxchi,929,981,A,CD,F2,0.0021308245063658866
Maxchi,206,254,A,CPZ,F2,0.1485617748918645
Maxchi,426,513,A,DF,F2,1.0578427954192914e-22
Maxchi,946,1003,A,F2,G,0.10351059721711134
Maxchi,946,1004,A,F2,H,0.06918853559505923
Maxchi,939,990,A,F2,J,0.03537290571842726
Maxchi,949,1005,A,F2,K,0.00026749776377982487
Maxchi,452,462,A,F2,cpx,7.387962848662654e-05
Maxchi,521,586,A,01A1,G,2.9681523929800015e-16
Maxchi,524,590,A,01B,G,1.0194908402462684e-10
Maxchi,421,460,A,01C,G,1.046813885570238e-05
Maxchi,524,590,A,02B,G,1.4061661417740728e-08
Maxchi,536,615,A,A2D,G,2.5477674983399656e-10
Maxchi,893,941,A,A5U,G,0.006724947833045189
Maxchi,524,590,A,AD,G,1.4061661417740728e-08
Maxchi,524,590,A,AE,G,2.348266889475324e-10
Maxchi,524,590,A,AG,G,1.4061661417740728e-08
Maxchi,206,254,A,CPZ,G,0.1485617748918645
Maxchi,742,787,A,G,H,0.07861493081751794
Maxchi,696,742,A,G,J,0.07861493081751794
Maxchi,949,1005,A,G,K,0.00026749776377982487
Maxchi,537,590,A,G,cpx,0.27863891881919967
Maxchi,1110,1158,A,01A1,H,0.08642376127533848
Maxchi,1110,1158,A,01B,H,0.09631848360678938
Maxchi,999,1042,A,01C,H,0.24729402265563932
Maxchi,658,707,A,02A,H,0.30244826471650055
Maxchi,1042,1103,A,02B,H,0.07872178444151245
Maxchi,398,423,A,02G,H,4.4013397827906137e-17
Maxchi,649,664,A,A1D,H,0.00018879985932204814
Maxchi,950,997,A,A2D,H,0.0021636886345321525
Maxchi,1075,1143,A,AD,H,0.051222232421995764
Maxchi,1110,1158,A,AE,H,0.09631848360678938
Maxchi,947,997,A,AG,H,0.000772826835778285
Maxchi,723,783,A,BC,H,0.08952561038680142
Maxchi,765,815,A,BF1,H,0.6254144141884408
Maxchi,531,534,A,BG,H,3.290825046542594e-08
Maxchi,728,791,A,C2U,H,0.12464212588520411
Maxchi,758,806,A,CD,H,0.26644440766406613
Maxchi,719,772,A,DF,H,0.13404120745997308
Maxchi,757,806,A,H,L,0.13771855264263122
Maxchi,925,967,A,H,cpx,0.07650443975110946
Maxchi,999,1042,A,01C,J,0.24729402265563932
Maxchi,896,946,A,A5U,J,0.010656374721291433
Maxchi,917,964,A,BC,J,0.17698131862204297
Maxchi,206,254,A,CPZ,J,0.1485617748918645
Maxchi,451,505,A,J,cpx,4.6799904364239476e-18
Maxchi,848,909,A,01A1,K,0.07872178444151245
Maxchi,884,925,A,01B,K,0.15704601556933742
Maxchi,949,1005,A,02B,K,0.00026749776377982487
Maxchi,927,980,A,A1D,K,0.0004952999283194321
Maxchi,849,899,A,A5U,K,0.005001641211370471
Maxchi,949,1005,A,AD,K,0.00026749776377982487
Maxchi,884,925,A,AE,K,0.10615729244513257
Maxchi,949,1005,A,AG,K,7.922404621025439e-05
Maxchi,948,1005,A,BF,K,0.07443454282275656
Maxchi,890,948,A,CD,K,0.0015330518741596955
Maxchi,206,254,A,CPZ,K,0.1485617748918645
Maxchi,895,950,A,DF,K,0.0017685623217077353
Maxchi,452,462,A,K,cpx,1.9751666954620456e-06
Maxchi,254,296,A,CPZ,L,1.0768193745916103e-17
Maxchi,452,462,A,01A1,cpx,1.9751666954620456e-06
Maxchi,452,462,A,01B,cpx,1.9751666954620456e-06
Maxchi,394,453,A,01C,cpx,5.200300785531357e-18
Maxchi,452,462,A,02B,cpx,1.9751666954620456e-06
Maxchi,890,944,A,A2D,cpx,0.020921335337794035
Maxchi,896,954,A,A5U,cpx,0.0038417414793469455
Maxchi,452,462,A,AD,cpx,1.9751666954620456e-06
Maxchi,444,491,A,BC,cpx,4.789290007799976e-14
Maxchi,321,384,A,BG,cpx,1.2938963106324692e-14
Maxchi,206,254,A,CPZ,cpx,0.1485617748918645
Maxchi,749,809,A,DF,cpx,0.14723340955957193
Maxchi,5854,5902,A1,01A1,01C,0.11326177873644055
Maxchi,3927,3988,A1,01A1,02A,0.003676619667113714
Maxchi,5855,5904,A1,01A1,02B,0.020325167663082015
Maxchi,529,612,A1,01A1,02G,1.7852139048086722e-30
Maxchi,5094,5139,A1,01A1,A1D,0.015734812344168105
Maxchi,6420,6467,A1,01A1,AD,0.164877808791682
Maxchi,3416,3470,A1,01A1,BF1,0.04953461343562649
Maxchi,3837,3899,A1,01A1,C2U,0.14369191044323057
Maxchi,496,547,A1,01A1,CPZ,4.5935916258265494e-07
Maxchi,5601,5608,A1,01B,01C,0.009511669270410883
Maxchi,1514,1559,A1,01B,02A,0.055293668304090694
Maxchi,530,614,A1,01B,02G,3.879600368549148e-22
Maxchi,5107,5153,A1,01B,A1D,0.4586116979826932
Maxchi,896,948,A1,01B,A5U,0.024733853560058795
Maxchi,1509,1558,A1,01B,BF1,0.29460765925600096
Maxchi,3737,3806,A1,01B,C2U,0.11290633742244523
Maxchi,493,540,A1,01B,CPZ,0.000200888864318128
Maxchi,445,495,A1,01C,CPZ,0.0006871043843566189
Maxchi,1507,1561,A1,01C,02A,0.39554738407642975
Maxchi,1192,1243,A1,02A,C2U,0.3168140075269767
Maxchi,469,526,A1,02A,CPZ,0.0035970186246078823
Maxchi,3791,3840,A1,01C,02B,0.07552398753331192
Maxchi,493,540,A1,02B,CPZ,0.000200888864318128
Maxchi,536,626,A1,01C,02G,1.3124300264043252e-17
Maxchi,536,626,A1,02A,02G,1.3124300264043252e-17
Maxchi,536,626,A1,02B,02G,1.3124300264043252e-17
Maxchi,536,627,A1,02G,A1D,8.002023591758535e-16
Maxchi,536,627,A1,02G,C2U,8.002023591758535e-16
Maxchi,490,534,A1,02G,CPZ,0.12170116687513019
Maxchi,539,621,A1,01C,A,1.7225774541052452e-16
Maxchi,360,411,A1,02A,A,0.002940932104495999
Maxchi,287,337,A1,02G,A,1.0
Maxchi,400,426,A1,A,A1D,2.3953087215005163e-10
Maxchi,463,494,A1,A,A2,0.14922835263038572
Maxchi,527,598,A1,A,B,3.689605949285855e-13
Maxchi,521,606,A1,A,BC,6.728595972734019e-17
Maxchi,210,402,A1,A,BF,4.070822045386692e-52
Maxchi,375,426,A1,A,BF1,6.586857658927861e-12
Maxchi,369,376,A1,A,BG,0.00035871294143977614
Maxchi,398,445,A1,A,C2U,0.12188769712028555
Maxchi,397,451,A1,A,CD,0.013604032044213064
Maxchi,450,500,A1,A,DF,1.0
Maxchi,535,615,A1,A,J,8.390025044258138e-18
Maxchi,305,355,A1,A,L,1.0
Maxchi,3190,3251,A1,01C,A1D,0.030591527446441023
Maxchi,3418,3468,A1,02A,A1D,0.0740225429253814
Maxchi,2033,2087,A1,02B,A1D,0.07395221103924224
Maxchi,3458,3516,A1,A1D,C2U,0.2206778757265828
Maxchi,488,540,A1,A1D,CPZ,0.016230048574613385
Maxchi,5382,5430,A1,01A1,A2,0.06785004651805515
Maxchi,5112,5162,A1,01B,A2,0.1251027070199121
Maxchi,4376,4433,A1,01C,A2,0.009696588308850748
Maxchi,1311,1368,A1,02A,A2,0.10481619310016341
Maxchi,4045,4091,A1,02B,A2,0.3119924711454469
Maxchi,522,534,A1,02G,A2,0.0005771485390050796
Maxchi,4091,4137,A1,A1D,A2,0.326217801728596
Maxchi,5541,5593,A1,A2,A2D,0.0003803025793262583
Maxchi,5262,5315,A1,A2,A3,0.250290234965044
Maxchi,899,954,A1,A2,A5U,4.078205698086264e-07
Maxchi,5162,5207,A1,A2,A6,0.020100239215072088
Maxchi,5054,5105,A1,A2,AD,0.06570007253851012
Maxchi,5112,5162,A1,A2,AE,0.1251027070199121
Maxchi,5262,5315,A1,A2,AG,0.250290234965044
Maxchi,3877,3905,A1,A2,B,0.0022811737001656525
Maxchi,388,438,A1,A2,BF,0.03075356125927456
Maxchi,2930,2978,A1,A2,BG,0.17243274443513218
Maxchi,3607,3657,A1,A2,CD,0.03525880905969173
Maxchi,488,540,A1,A2,CPZ,0.07142345772985215
Maxchi,3877,3905,A1,A2,D,0.0022811737001656525
Maxchi,3695,3741,A1,A2,DF,0.3678110300106209
Maxchi,3190,3237,A1,A2,F1,0.1511017663329229
Maxchi,3911,3940,A1,A2,F2,0.023998261504165584
Maxchi,3911,3940,A1,A2,G,0.023998261504165584
Maxchi,496,507,A1,A2,H,0.00700998715358736
Maxchi,3056,3102,A1,A2,J,0.21815241859688964
Maxchi,696,751,A1,A2,L,0.3695329858565899
Maxchi,3864,3916,A1,A2,cpx,0.29795306160816476
Maxchi,5809,5856,A1,01A1,A2D,0.007384019685223431
Maxchi,3889,3936,A1,01C,A2D,0.28680684156852365
Maxchi,1452,1507,A1,02A,A2D,0.39554738407642975
Maxchi,7078,7143,A1,02B,A2D,0.007822668199019911
Maxchi,530,614,A1,02G,A2D,3.1966165449780244e-15
Maxchi,1970,2023,A1,A1D,A2D,0.1095869666384346
Maxchi,897,950,A1,A2D,A5U,0.0032584710461531653
Maxchi,1966,2022,A1,A2D,C2U,0.10609430602536402
Maxchi,493,540,A1,A2D,CPZ,0.000200888864318128
Maxchi,6491,6547,A1,01A1,A3,8.75138533394946e-05
Maxchi,6435,6484,A1,01B,A3,0.02613572482974772
Maxchi,5786,5845,A1,01C,A3,0.009608022275448299
Maxchi,1464,1503,A1,02A,A3,0.019438614619913145
Maxchi,526,607,A1,02G,A3,4.648192401984139e-16
Maxchi,5230,5276,A1,A1D,A3,0.17962235213857886
Maxchi,8402,8432,A1,A2D,A3,4.920392253664137e-08
Maxchi,913,962,A1,A3,A5U,0.026720748022294204
Maxchi,6065,6117,A1,A3,A6,0.07671083083434214
Maxchi,6439,6494,A1,A3,AE,0.00011110498997466789
Maxchi,9271,9321,A1,A3,AG,0.02680595530434246
Maxchi,3419,3470,A1,A3,B,0.01200512311109272
Maxchi,3746,3800,A1,A3,BC,0.16112494928904772
Maxchi,401,453,A1,A3,BF,8.297490572334454e-12
Maxchi,1509,1558,A1,A3,BF1,0.5628691527705981
Maxchi,1472,1524,A1,A3,BG,0.16037628719681019
Maxchi,3737,3783,A1,A3,C,0.21815241859688964
Maxchi,3737,3800,A1,A3,C2U,0.06354937382228489
Maxchi,3874,3936,A1,A3,CD,0.13102193707687812
Maxchi,493,540,A1,A3,CPZ,0.000200888864318128
Maxchi,4018,4068,A1,A3,DF,0.15729920705028105
Maxchi,3420,3472,A1,A3,F1,0.024974679293054206
Maxchi,5451,5485,A1,A3,F2,0.12308881437999644
Maxchi,3499,3550,A1,A3,G,0.477816966773831
Maxchi,1059,1109,A1,A3,H,0.005957497009692907
Maxchi,3473,3527,A1,A3,J,0.45586391858671393
Maxchi,628,667,A1,A3,L,0.060455061726855136
Maxchi,2987,3034,A1,A3,cpx,0.30837331340095264
Maxchi,501,533,A1,01C,A5U,0.16543896349191234
Maxchi,360,411,A1,02A,A5U,0.0035380567419032536
Maxchi,864,913,A1,02B,A5U,2.2971619139262128e-06
Maxchi,286,336,A1,02G,A5U,1.0
Maxchi,864,913,A1,A1D,A5U,2.2971619139262128e-06
Maxchi,939,989,A1,A5U,AD,1.2169014677771193e-07
Maxchi,375,427,A1,A5U,BF1,2.4524456141090814e-11
Maxchi,206,254,A1,A5U,CPZ,0.1485617748918645
Maxchi,6069,6115,A1,01A1,A6,0.21770722364827336
Maxchi,5854,5903,A1,01B,A6,0.017187967089650008
Maxchi,5381,5400,A1,01C,A6,0.00482333563159727
Maxchi,1517,1558,A1,02A,A6,0.09679332626001345
Maxchi,3415,3464,A1,02B,A6,0.14054464283059165
Maxchi,522,534,A1,02G,A6,2.7845262743526553e-05
Maxchi,5089,5143,A1,A1D,A6,0.0764107538399805
Maxchi,5162,5207,A1,A2D,A6,0.04434020318995285
Maxchi,428,496,A1,A5U,A6,0.03925033046769265
Maxchi,5869,5907,A1,A6,AD,0.06446771503393466
Maxchi,5854,5903,A1,A6,AE,0.017187967089650008
Maxchi,5804,5853,A1,A6,AG,0.016024448376092525
Maxchi,4236,4241,A1,A6,B,2.503992024687557e-06
Maxchi,3747,3786,A1,A6,BC,0.23477778060976756
Maxchi,427,489,A1,A6,BF,1.2673037662560102e-06
Maxchi,3398,3452,A1,A6,BF1,0.21512112459581553
Maxchi,1985,2036,A1,A6,BG,0.05668587062609802
Maxchi,3747,3786,A1,A6,C,0.23477778060976756
Maxchi,3747,3786,A1,A6,C2U,0.23477778060976756
Maxchi,3911,3963,A1,A6,CD,0.05039928287148233
Maxchi,488,540,A1,A6,CPZ,0.03214042608077431
Maxchi,4236,4241,A1,A6,D,2.503992024687557e-06
Maxchi,3024,3075,A1,A6,DF,0.27892254528121196
Maxchi,3447,3482,A1,A6,F1,0.14217517779765446
Maxchi,4369,4409,A1,A6,F2,0.07481538764034237
Maxchi,3422,3464,A1,A6,G,0.4919666149438403
Maxchi,496,507,A1,A6,H,0.00700998715358736
Maxchi,3422,3464,A1,A6,J,0.26629873659430536
Maxchi,4364,4386,A1,A6,K,0.004710901711197678
Maxchi,1695,1763,A1,A6,L,0.0032194539432709814
Maxchi,2954,2994,A1,A6,cpx,0.0782361920076485
Maxchi,5553,5603,A1,01C,AD,0.4145772597741709
Maxchi,3942,3995,A1,02A,AD,0.06823401443199996
Maxchi,536,626,A1,02G,AD,1.3124300264043252e-17
Maxchi,5477,5539,A1,A1D,AD,0.2108923840554572
Maxchi,3416,3470,A1,AD,BF1,0.04953461343562649
Maxchi,3737,3806,A1,AD,C2U,0.02934208068464381
Maxchi,493,540,A1,AD,CPZ,0.000200888864318128
Maxchi,5600,5607,A1,01C,AE,0.00035871294143977614
Maxchi,530,614,A1,02G,AE,1.2927618523545466e-21
Maxchi,5107,5153,A1,A1D,AE,0.4586116979826932
Maxchi,896,948,A1,A5U,AE,0.024733853560058795
Maxchi,3746,3800,A1,AE,BC,0.16112494928904772
Maxchi,401,453,A1,AE,BF,8.297490572334454e-12
Maxchi,1509,1558,A1,AE,BF1,0.29460765925600096
Maxchi,3228,3278,A1,AE,BG,0.2971465303484674
Maxchi,3737,3806,A1,AE,C2U,0.11290633742244523
Maxchi,3737,3789,A1,AE,CD,0.06604884976676519
Maxchi,493,540,A1,AE,CPZ,0.000200888864318128
Maxchi,3939,3994,A1,AE,DF,0.007990827767176033
Maxchi,4319,4374,A1,AE,cpx,0.19318413413953564
Maxchi,6429,6488,A1,01A1,AG,0.0005756452038294518
Maxchi,5587,5645,A1,01C,AG,0.07662166065611883
Maxchi,8779,8820,A1,02B,AG,0.009549169784370756
Maxchi,536,626,A1,02G,AG,5.106063945739813e-18
Maxchi,4832,4867,A1,A1D,AG,0.1806579919372815
Maxchi,938,989,A1,A5U,AG,0.0005433735953595341
Maxchi,9427,9482,A1,AD,AG,2.1506118703267554e-13
Maxchi,2824,2875,A1,AG,BC,0.35239182408368175
Maxchi,401,453,A1,AG,BF,8.297490572334454e-12
Maxchi,1509,1558,A1,AG,BF1,0.17410586836903788
Maxchi,3737,3806,A1,AG,C2U,0.11290633742244523
Maxchi,3744,3790,A1,AG,CD,0.2648469160580465
Maxchi,493,540,A1,AG,CPZ,0.000200888864318128
Maxchi,4018,4068,A1,AG,DF,0.15729920705028105
Maxchi,4333,4376,A1,01A1,B,0.06604928153726758
Maxchi,3190,3251,A1,01C,B,0.030591527446441023
Maxchi,1158,1206,A1,02A,B,0.39514116823860534
Maxchi,484,537,A1,02G,B,0.07260450712994107
Maxchi,3417,3478,A1,AD,B,0.015625819875190742
Maxchi,4373,4432,A1,AE,B,0.11614070342914505
Maxchi,3447,3474,A1,AG,B,0.005062032126267868
Maxchi,2787,2845,A1,B,BC,0.10483081320875387
Maxchi,374,432,A1,B,BF,4.4827145239084755e-09
Maxchi,2033,2081,A1,B,BF1,0.0033406195307913193
Maxchi,3345,3401,A1,B,C,0.14203819772054566
Maxchi,2970,3023,A1,B,CD,0.3512150865283393
Maxchi,445,496,A1,B,CPZ,0.37767314101018723
Maxchi,3421,3481,A1,B,D,0.015811536934811646
Maxchi,2959,3003,A1,B,DF,0.09970201301562862
Maxchi,2033,2082,A1,B,F1,0.025841616486564266
Maxchi,3036,3086,A1,B,F2,0.48170535636016176
Maxchi,2904,2954,A1,B,G,0.00898451583086372
Maxchi,527,598,A1,B,H,3.689605949285855e-13
Maxchi,3056,3102,A1,B,J,0.21815241859688964
Maxchi,3035,3083,A1,B,K,0.6365702710137531
Maxchi,2839,2901,A1,B,L,0.02496868673002082
Maxchi,2841,2901,A1,B,cpx,0.07680996116332797
Maxchi,535,614,A1,01C,B.FR.83.HXBLAI_IIIB_BRU.K03455,3.750378508870044e-15
Maxchi,360,412,A1,02A,B.FR.83.HXBLAI_IIIB_BRU.K03455,0.004229127697816718
Maxchi,260,369,A1,02G,B.FR.83.HXBLAI_IIIB_BRU.K03455,9.732484224413035e-21
Maxchi,502,563,A1,A6,B.FR.83.HXBLAI_IIIB_BRU.K03455,0.16420983222041685
Maxchi,505,513,A1,B.FR.83.HXBLAI_IIIB_BRU.K03455,BC,0.040356572798745265
Maxchi,210,402,A1,B.FR.83.HXBLAI_IIIB_BRU.K03455,BF,4.070822045386692e-52
Maxchi,375,426,A1,B.FR.83.HXBLAI_IIIB_BRU.K03455,BF1,6.586857658927861e-12
Maxchi,370,372,A1,B.FR.83.HXBLAI_IIIB_BRU.K03455,BG,1.5374597944280386e-12
Maxchi,432,492,A1,B.FR.83.HXBLAI_IIIB_BRU.K03455,C2U,0.3207769927915025
Maxchi,428,460,A1,B.FR.83.HXBLAI_IIIB_BRU.K03455,CD,0.023202545863181868
Maxchi,450,500,A1,B.FR.83.HXBLAI_IIIB_BRU.K03455,DF,1.0
Maxchi,882,932,A1,B.FR.83.HXBLAI_IIIB_BRU.K03455,F2,0.09470767053704855
Maxchi,495,534,A1,B.FR.83.HXBLAI_IIIB_BRU.K03455,G,0.1339235587547078
Maxchi,531,607,A1,B.FR.83.HXBLAI_IIIB_BRU.K03455,J,1.7901194399777905e-14
Maxchi,443,445,A1,B.FR.83.HXBLAI_IIIB_BRU.K03455,cpx,7.87343685439857e-09
Maxchi,2976,3035,A1,01A1,BC,0.08047130170873425
Maxchi,2917,2976,A1,01B,BC,0.023312550973033235
Maxchi,2851,2879,A1,01C,BC,0.12081323063964812
Maxchi,3471,3521,A1,02B,BC,0.041662512625052786
Maxchi,518,536,A1,02G,BC,0.0004615437876544122
Maxchi,484,530,A1,A5U,BC,0.1041006583396692
Maxchi,2976,3035,A1,AD,BC,0.08047130170873425
Maxchi,431,505,A1,BC,BF,2.458641488436838e-11
Maxchi,1364,1412,A1,BC,BF1,0.6365702710137531
Maxchi,2223,2256,A1,BC,C2U,0.03680864511817163
Maxchi,3324,3374,A1,BC,CD,0.028318511784461133
Maxchi,446,493,A1,BC,CPZ,0.05133204372249204
Maxchi,401,453,A1,01A1,BF,8.297490572334454e-12
Maxchi,401,453,A1,01B,BF,8.297490572334454e-12
Maxchi,401,453,A1,01C,BF,8.297490572334454e-12
Maxchi,558,671,A1,02A,BF,4.2950852638883924e-35
Maxchi,401,453,A1,02B,BF,8.297490572334454e-12
Maxchi,442,484,A1,02G,BF,0.07007553859334137
Maxchi,401,453,A1,A1D,BF,8.297490572334454e-12
Maxchi,401,453,A1,A2D,BF,8.297490572334454e-12
Maxchi,210,402,A1,A5U,BF,4.070822045386692e-52
Maxchi,401,453,A1,AD,BF,8.297490572334454e-12
Maxchi,401,453,A1,BF,BF1,8.297490572334454e-12
Maxchi,558,610,A1,BF,BG,6.503068141406989e-17
Maxchi,401,453,A1,BF,C2U,8.297490572334454e-12
Maxchi,401,451,A1,BF,CPZ,1.0932219338166523e-11
Maxchi,1446,1504,A1,01C,BF1,0.22208022072726538
Maxchi,1210,1260,A1,02A,BF1,0.05020537434716152
Maxchi,1446,1504,A1,02B,BF1,0.22208022072726538
Maxchi,516,534,A1,02G,BF1,0.00024478733822722726
Maxchi,488,540,A1,BF1,CPZ,0.2110936711315774
Maxchi,1452,1507,A1,01A1,BG,0.1434980792386134
Maxchi,2039,2092,A1,01C,BG,0.0001369733867260769
Maxchi,1152,1202,A1,02A,BG,0.3483474202441267
Maxchi,2950,2984,A1,02B,BG,0.04031564479862458
Maxchi,522,534,A1,02G,BG,2.5658801538431853e-05
Maxchi,2904,2954,A1,A1D,BG,0.025332696551986587
Maxchi,1452,1507,A1,A2D,BG,0.1434980792386134
Maxchi,841,898,A1,A5U,BG,0.060951071988996616
Maxchi,1476,1528,A1,AD,BG,0.44555594053122205
Maxchi,2666,2715,A1,BF1,BG,0.2564796188251737
Maxchi,1171,1221,A1,BG,C2U,0.2214397326720097
Maxchi,464,526,A1,BG,CPZ,1.5181674260343863e-06
Maxchi,3478,3537,A1,01A1,C,0.143355974241925
Maxchi,3567,3621,A1,01B,C,0.08776496399146631
Maxchi,2619,2683,A1,01C,C,0.17485846097222285
Maxchi,2827,2880,A1,02A,C,0.16465213142995955
Maxchi,3345,3401,A1,02B,C,0.14203819772054566
Maxchi,483,533,A1,02G,C,0.4559647442223559
Maxchi,3400,3458,A1,A1D,C,0.07529529171313262
Maxchi,3737,3800,A1,AD,C,0.06028636545612407
Maxchi,3567,3621,A1,AE,C,0.08776496399146631
Maxchi,3733,3783,A1,AG,C,0.4404006981390033
Maxchi,2710,2757,A1,BC,C,0.6724027849090846
Maxchi,432,493,A1,BF,C,0.011339814227162912
Maxchi,2603,2645,A1,BG,C,0.3605493140260503
Maxchi,1981,2035,A1,C,C2U,0.00417433716783579
Maxchi,3419,3463,A1,C,CD,0.154142573097996
Maxchi,488,540,A1,C,CPZ,0.06185608512214484
Maxchi,1594,1663,A1,C,F1,0.007657157395287149
Maxchi,3417,3469,A1,C,F2,0.03475558435961615
Maxchi,370,431,A1,C,H,0.20201498598412454
Maxchi,3417,3469,A1,C,K,0.03475558435961615
Maxchi,2644,2696,A1,C,L,0.534331524687043
Maxchi,1974,2021,A1,C,cpx,0.16681714766401096
Maxchi,2850,2880,A1,01C,C2U,0.0051220886963843654
Maxchi,1938,1987,A1,02B,C2U,0.000701837242657611
Maxchi,3942,3989,A1,01A1,CD,0.011475813160889614
Maxchi,3740,3791,A1,01B,CD,0.025648260611538496
Maxchi,2943,3004,A1,01C,CD,0.0005771176131342232
Maxchi,2849,2890,A1,02A,CD,0.029219118968746346
Maxchi,3475,3527,A1,02B,CD,0.23027779075066704
Maxchi,484,537,A1,02G,CD,0.014243531972557769
Maxchi,3744,3790,A1,A1D,CD,0.2648469160580465
Maxchi,889,937,A1,BF,CD,0.014305878435429641
Maxchi,1237,1290,A1,BG,CD,0.09882628890389718
Maxchi,3324,3374,A1,C2U,CD,0.028318511784461133
Maxchi,847,902,A1,CD,CPZ,0.000739320489821358
Maxchi,5112,5160,A1,01A1,D,0.07363827012030258
Maxchi,3409,3468,A1,01C,D,0.20480215856980782
Maxchi,1206,1254,A1,02A,D,0.23645619874610063
Maxchi,527,607,A1,02G,D,4.2157156876150035e-15
Maxchi,864,913,A1,A5U,D,2.2971619139262128e-06
Maxchi,7158,7213,A1,AG,D,0.02315513474791349
Maxchi,401,453,A1,BF,D,8.297490572334454e-12
Maxchi,2904,2954,A1,BG,D,0.035884565927599824
Maxchi,3411,3470,A1,C2U,D,0.05926154373370413
Maxchi,4401,4467,A1,CD,D,0.15340609523073184
Maxchi,493,540,A1,CPZ,D,0.000200888864318128
Maxchi,3155,3210,A1,D,DF,0.004998124765082451
Maxchi,3180,3234,A1,D,F1,0.046379428826816775
Maxchi,4356,4417,A1,D,F2,0.1474926049692597
Maxchi,3877,3921,A1,D,G,0.5353327866487061
Maxchi,3889,3938,A1,D,J,0.2962698714842834
Maxchi,3576,3630,A1,D,cpx,0.15910284119426404
Maxchi,3998,4026,A1,01A1,DF,0.0028472355783172483
Maxchi,3939,3994,A1,01B,DF,0.007990827767176033
Maxchi,3082,3128,A1,01C,DF,0.27377775983508756
Maxchi,2827,2878,A1,02A,DF,0.03361769673397379
Maxchi,2747,2794,A1,02B,DF,0.18956629670301534
Maxchi,484,537,A1,02G,DF,0.014243531972557769
Maxchi,863,913,A1,A5U,DF,0.20771208572755318
Maxchi,3076,3126,A1,AD,DF,0.2214397326720097
Maxchi,423,509,A1,BF,DF,1.0011595102859698e-14
Maxchi,1427,1475,A1,BF1,DF,0.704578617915938
Maxchi,1742,1799,A1,BG,DF,0.007292695467802841
Maxchi,3737,3800,A1,CD,DF,0.3196963497699729
Maxchi,446,493,A1,CPZ,DF,0.1488043510263838
Maxchi,3472,3523,A1,01A1,F1,0.08872884790165335
Maxchi,3421,3472,A1,01B,F1,0.008375747130642092
Maxchi,2092,2104,A1,01C,F1,0.0017215746702868343
Maxchi,1236,1285,A1,02B,F1,0.08917508325814107
Maxchi,517,534,A1,02G,F1,0.0004279213170421814
Maxchi,3422,3473,A1,AD,F1,0.05720211833646251
Maxchi,3421,3472,A1,AE,F1,0.008375747130642092
Maxchi,3421,3472,A1,AG,F1,0.008375747130642092
Maxchi,420,491,A1,BF,F1,0.21572134789018904
Maxchi,3472,3523,A1,BF1,F1,0.08872884790165335
Maxchi,947,997,A1,BG,F1,0.016237033188907957
Maxchi,1632,1676,A1,C2U,F1,0.0007569439341922929
Maxchi,1691,1743,A1,CD,F1,9.622995826957246e-05
Maxchi,485,534,A1,CPZ,F1,0.08836671477814495
Maxchi,1691,1745,A1,DF,F1,0.06173783946885128
Maxchi,3554,3602,A1,F1,F2,0.07363827012030258
Maxchi,1158,1210,A1,F1,G,0.17283191353583527
Maxchi,369,426,A1,F1,H,5.658725230366511e-11
Maxchi,2037,2085,A1,F1,J,0.010612907125176384
Maxchi,3410,3462,A1,F1,K,0.18014413055944906
Maxchi,884,936,A1,F1,L,0.016230048574613385
Maxchi,1674,1730,A1,F1,cpx,0.00041375307546702406
Maxchi,5138,5203,A1,01A1,F2,0.04248742483274418
Maxchi,4984,5029,A1,01B,F2,0.06678226686518011
Maxchi,3376,3423,A1,01C,F2,0.15203009282525903
Maxchi,3102,3149,A1,02A,F2,0.11483599837467759
Maxchi,4263,4314,A1,02B,F2,0.20175876158476508
Maxchi,526,590,A1,02G,F2,8.314264169741111e-18
Maxchi,3414,3465,A1,A1D,F2,0.14453155296608708
Maxchi,4332,4388,A1,A2D,F2,0.13601559445991498
Maxchi,5418,5452,A1,AD,F2,0.07995872996093674
Maxchi,4984,5029,A1,AE,F2,0.06678226686518011
Maxchi,5418,5452,A1,AG,F2,0.07995872996093674
Maxchi,401,453,A1,BF,F2,2.4524456141090814e-11
Maxchi,1668,1723,A1,BF1,F2,2.2115920026526203e-05
Maxchi,1168,1214,A1,BG,F2,0.4675127932401062
Maxchi,495,545,A1,CPZ,F2,2.587946757239265e-07
Maxchi,3912,3939,A1,DF,F2,0.012942994773401922
Maxchi,3041,3095,A1,F2,G,0.041383380175596424
Maxchi,3874,3944,A1,F2,J,0.057065212958307535
Maxchi,4952,5011,A1,F2,K,0.030302302649803377
Maxchi,5024,5089,A1,01A1,G,0.03619386796372212
Maxchi,3499,3550,A1,01B,G,0.4008362846975292
Maxchi,3444,3512,A1,01C,G,0.00035910714836262124
Maxchi,2032,2085,A1,02A,G,0.1720339603092742
Maxchi,3177,3228,A1,02B,G,0.5725701065595581
Maxchi,511,522,A1,02G,G,0.00038703881433975267
Maxchi,3724,3725,A1,A1D,G,4.320463057827503e-08
Maxchi,3379,3422,A1,A2D,G,0.4919666149438403
Maxchi,913,962,A1,A5U,G,0.026720748022294204
Maxchi,3499,3550,A1,AD,G,0.4008362846975292
Maxchi,3499,3550,A1,AE,G,0.4008362846975292
Maxchi,3503,3550,A1,AG,G,0.15453954125864824
Maxchi,432,493,A1,BF,G,6.354923713721033e-07
Maxchi,1468,1512,A1,BF1,G,0.22182046020824778
Maxchi,1654,1716,A1,BG,G,1.6500326452292524e-05
Maxchi,494,540,A1,CPZ,G,0.6388335867651601
Maxchi,536,614,A1,G,H,1.309624056645912e-10
Maxchi,3815,3862,A1,G,J,0.2756194493973704
Maxchi,3896,3948,A1,G,K,0.14570087896778064
Maxchi,3693,3743,A1,G,cpx,0.2214397326720097
Maxchi,1059,1109,A1,01A1,H,0.005957497009692907
Maxchi,1059,1109,A1,01B,H,0.005957497009692907
Maxchi,539,621,A1,01C,H,1.7225774541052452e-16
Maxchi,360,411,A1,02A,H,0.0013055924087956078
Maxchi,1059,1109,A1,02B,H,0.005957497009692907
Maxchi,291,341,A1,02G,H,1.0
Maxchi,1059,1109,A1,A1D,H,0.0008872991932699806
Maxchi,1059,1109,A1,A2D,H,0.005957497009692907
Maxchi,1059,1109,A1,AD,H,0.005957497009692907
Maxchi,1059,1109,A1,AE,H,0.005957497009692907
Maxchi,1059,1109,A1,AG,H,0.005957497009692907
Maxchi,521,606,A1,BC,H,6.728595972734019e-17
Maxchi,210,402,A1,BF,H,4.070822045386692e-52
Maxchi,375,426,A1,BF1,H,6.586857658927861e-12
Maxchi,370,380,A1,BG,H,0.0035811640331237355
Maxchi,431,492,A1,C2U,H,0.04504181504776252
Maxchi,443,463,A1,CD,H,0.009748109126736945
Maxchi,250,260,A1,CPZ,H,1.4958258446518184e-05
Maxchi,457,507,A1,DF,H,1.0
Maxchi,541,627,A1,H,J,2.5065246592085107e-20
Maxchi,309,359,A1,H,L,1.0
Maxchi,441,453,A1,H,cpx,8.721835402928461e-06
Maxchi,4411,4449,A1,01A1,J,0.14132577643184238
Maxchi,3474,3526,A1,01B,J,0.03657785746225965
Maxchi,3474,3527,A1,01C,J,0.31508664128779806
Maxchi,2928,2985,A1,02A,J,0.024544003403062772
Maxchi,3874,3944,A1,02B,J,0.057065212958307535
Maxchi,484,537,A1,02G,J,0.27303869639054523
Maxchi,3640,3697,A1,A1D,J,0.47405495028611655
Maxchi,4043,4108,A1,A2D,J,0.2835822746929674
Maxchi,511,561,A1,A5U,J,1.0
Maxchi,3474,3527,A1,AD,J,0.31508664128779806
Maxchi,3474,3526,A1,AE,J,0.03657785746225965
Maxchi,3475,3527,A1,AG,J,0.12159013727932509
Maxchi,3421,3474,A1,BC,J,0.029773060107879865
Maxchi,440,605,A1,BF,J,3.9233864925612834e-43
Maxchi,1472,1524,A1,BF1,J,0.380587696137363
Maxchi,457,499,A1,CPZ,J,0.0006568773457800324
Maxchi,3874,3944,A1,J,K,0.057065212958307535
Maxchi,3474,3527,A1,J,cpx,0.31508664128779806
Maxchi,5296,5347,A1,01A1,K,0.07197888705161541
Maxchi,3414,3458,A1,01C,K,0.2942661043049598
Maxchi,1158,1209,A1,02A,K,0.19297347087483951
Maxchi,530,614,A1,02G,K,8.02333937992593e-15
Maxchi,3713,3779,A1,A1D,K,0.12579694654856338
Maxchi,849,899,A1,A5U,K,0.00011385637907860897
Maxchi,7158,7213,A1,AG,K,0.02315513474791349
Maxchi,401,453,A1,BF,K,8.297490572334454e-12
Maxchi,1633,1678,A1,BF1,K,0.0018195501959980714
Maxchi,1168,1217,A1,BG,K,0.14311696578005778
Maxchi,3475,3527,A1,CD,K,0.11061207374852314
Maxchi,493,540,A1,CPZ,K,0.000200888864318128
Maxchi,3725,3763,A1,DF,K,0.07111293153862545
Maxchi,3078,3127,A1,01A1,L,0.03010437763651659
Maxchi,3064,3106,A1,01B,L,0.24605638043104905
Maxchi,1987,2015,A1,01C,L,5.297926514421538e-05
Maxchi,865,919,A1,02A,L,0.0011806832597494956
Maxchi,2825,2878,A1,02B,L,0.06804648310768364
Maxchi,533,639,A1,02G,L,9.322404265237107e-30
Maxchi,719,771,A1,A1D,L,0.5798634131124516
Maxchi,2839,2901,A1,A2D,L,0.02496868673002082
Maxchi,304,354,A1,A5U,L,1.0
Maxchi,3102,3149,A1,AD,L,0.15710716103576738
Maxchi,3055,3102,A1,AE,L,0.30985010692421444
Maxchi,3056,3102,A1,AG,L,0.4365769098536174
Maxchi,1684,1731,A1,BC,L,0.05458619722117748
Maxchi,512,562,A1,BF,L,1.0
Maxchi,927,982,A1,BF1,L,0.00022563255626346386
Maxchi,560,614,A1,BG,L,1.4255938549749336e-21
Maxchi,533,640,A1,CPZ,L,3.0916020041577987e-27
Maxchi,560,614,A1,L,cpx,1.4255938549749336e-21
Maxchi,3175,3228,A1,01A1,cpx,0.015299622382405311
Maxchi,4319,4374,A1,01B,cpx,0.19318413413953564
Maxchi,2959,3003,A1,01C,cpx,0.11471489749548869
Maxchi,1979,2031,A1,02A,cpx,0.10931457620866644
Maxchi,2762,2825,A1,02B,cpx,0.010988190057179421
Maxchi,521,535,A1,02G,cpx,0.0006955970567137426
Maxchi,2033,2081,A1,A1D,cpx,0.059012148063682074
Maxchi,3938,4001,A1,A2D,cpx,0.05869477450724031
Maxchi,450,458,A1,A5U,cpx,2.753800770030103e-07
Maxchi,2954,2994,A1,AD,cpx,0.23226830565021608
Maxchi,2024,2067,A1,BC,cpx,0.0022354160333211775
Maxchi,426,590,A1,BF,cpx,3.624620830443607e-53
Maxchi,1757,1817,A1,BG,cpx,0.001332286158050403
Maxchi,1979,2031,A1,C2U,cpx,0.10931457620866644
Maxchi,2042,2100,A1,CD,cpx,0.0003583875248740518
Maxchi,3541,3594,A1,DF,cpx,0.04065452525890789
Maxchi,3462,3516,A1D,01B,A2D,0.06788915486182878
Maxchi,893,941,A1D,01B,A5U,4.60834162465414e-05
Maxchi,1133,1178,A1D,01C,CPZ,0.5039788772274101
Maxchi,2035,2087,A1D,01C,02A,0.03361612736223043
Maxchi,1138,1193,A1D,02A,02B,0.2686056215351288
Maxchi,1925,1979,A1D,02A,C2U,0.021539452429296814
Maxchi,740,789,A1D,02A,CPZ,0.5585568637791267
Maxchi,1939,1987,A1D,01C,02B,0.00025074364293092524
Maxchi,1973,2024,A1D,01C,02G,0.4753356330729035
Maxchi,370,397,A1D,02A,A,3.8282708379296096e-07
Maxchi,287,337,A1D,02G,A,1.0
Maxchi,210,347,A1D,A,BF,6.039376772014353e-31
Maxchi,723,777,A1D,A,CD,0.11887106598951983
Maxchi,349,401,A1D,A,F1,6.366711211037506e-09
Maxchi,305,356,A1D,A,L,0.003674234245003477
Maxchi,2011,2076,A1D,A1,D,0.00017018204307691034
Maxchi,3687,3737,A1D,01B,A2,0.14891467317876161
Maxchi,3687,3737,A1D,A2,AE,0.14891467317876161
Maxchi,2255,2312,A1D,A2,AG,0.3045396618183217
Maxchi,2772,2823,A1D,A2,CD,0.3212633555285482
Maxchi,2273,2338,A1D,A2,G,0.17485846097222285
Maxchi,3234,3284,A1D,02B,A2D,0.2759362908775553
Maxchi,4009,4064,A1D,01A1,A3,0.29927071049571563
Maxchi,2034,2086,A1D,A3,A6,0.020085916545488743
Maxchi,4333,4359,A1D,A3,AE,0.1712658680997437
Maxchi,4001,4047,A1D,A3,AG,0.11971446284288668
Maxchi,3416,3472,A1D,A3,CD,0.19294714706462507
Maxchi,286,336,A1D,02G,A5U,1.0
Maxchi,366,406,A1D,A5U,BF1,0.0058105644184377305
Maxchi,4219,4252,A1D,01A1,A6,0.013482441264323727
Maxchi,3990,4047,A1D,A6,AG,0.004481684197957968
Maxchi,2588,2643,A1D,A6,B,0.3293933396282802
Maxchi,2848,2886,A1D,A6,CD,0.17016966843977566
Maxchi,5455,5499,A1D,01B,AE,0.34086701774156347
Maxchi,3462,3516,A1D,A2D,AE,0.06788915486182878
Maxchi,893,941,A1D,A5U,AE,4.60834162465414e-05
Maxchi,2034,2086,A1D,AE,AG,0.0006971880784008627
Maxchi,2034,2086,A1D,01A1,AG,0.039979602946256965
Maxchi,2033,2086,A1D,01B,AG,0.04673968501194343
Maxchi,2878,2925,A1D,01C,AG,0.18956629670301534
Maxchi,844,894,A1D,A5U,AG,6.783900119853268e-08
Maxchi,3372,3419,A1D,AG,CD,0.11261740728402539
Maxchi,2034,2086,A1D,01A1,B,0.039979602946256965
Maxchi,3092,3141,A1D,B,CD,0.3548837304000081
Maxchi,368,426,A1D,02A,B.FR.83.HXBLAI_IIIB_BRU.K03455,2.7096831600406578e-05
Maxchi,844,901,A1D,02B,B.FR.83.HXBLAI_IIIB_BRU.K03455,0.010833807135718885
Maxchi,260,346,A1D,02G,B.FR.83.HXBLAI_IIIB_BRU.K03455,2.8329234061086304e-13
Maxchi,210,347,A1D,B.FR.83.HXBLAI_IIIB_BRU.K03455,BF,6.039376772014353e-31
Maxchi,493,545,A1D,B.FR.83.HXBLAI_IIIB_BRU.K03455,BF1,0.4144965097497394
Maxchi,360,409,A1D,B.FR.83.HXBLAI_IIIB_BRU.K03455,BG,0.010997454898556145
Maxchi,742,783,A1D,B.FR.83.HXBLAI_IIIB_BRU.K03455,C,0.42212337854735715
Maxchi,686,757,A1D,B.FR.83.HXBLAI_IIIB_BRU.K03455,C2U,0.092584625020443
Maxchi,895,945,A1D,B.FR.83.HXBLAI_IIIB_BRU.K03455,D,0.07034483682963888
Maxchi,740,778,A1D,B.FR.83.HXBLAI_IIIB_BRU.K03455,DF,0.27907513946709495
Maxchi,723,773,A1D,B.FR.83.HXBLAI_IIIB_BRU.K03455,H,0.017878701644976323
Maxchi,303,352,A1D,B.FR.83.HXBLAI_IIIB_BRU.K03455,L,0.03316895769207752
Maxchi,1931,1983,A1D,BC,BF1,0.0006219143237431168
Maxchi,1663,1732,A1D,BC,BG,0.030284970387646097
Maxchi,210,347,A1D,A5U,BF,6.039376772014353e-31
Maxchi,1701,1753,A1D,BF,C2U,0.4420677940706149
Maxchi,1669,1716,A1D,02G,BG,0.0019006058657693586
Maxchi,365,411,A1D,A5U,BG,0.11282751743979866
Maxchi,2815,2861,A1D,BF1,BG,0.278874132171942
Maxchi,1925,1981,A1D,02A,C,0.00012202795857505913
Maxchi,1698,1748,A1D,02B,C,0.08519899579634084
Maxchi,1701,1753,A1D,BF,C,0.012049702788537293
Maxchi,6491,6541,A1D,C,C2U,0.0004158074898935918
Maxchi,1979,2038,A1D,C,F1,7.457491239915141e-05
Maxchi,1983,2035,A1D,C,F2,0.02692116700263233
Maxchi,1700,1753,A1D,C,K,0.031345976085985064
Maxchi,2210,2243,A1D,01C,C2U,0.01679194443551433
Maxchi,1694,1745,A1D,02B,C2U,0.017324910480746466
Maxchi,2037,2086,A1D,01A1,CD,0.004284438715788346
Maxchi,949,1002,A1D,02G,CD,0.0002692038229012673
Maxchi,1988,2038,A1D,AD,CD,0.0006871043843566189
Maxchi,3697,3749,A1D,AD,D,0.01826650228831835
Maxchi,1685,1742,A1D,02A,DF,0.0005224504561843402
Maxchi,1928,1971,A1D,02A,F1,0.13823971778517535
Maxchi,1984,2037,A1D,C2U,F1,0.026336865896255723
Maxchi,2822,2874,A1D,DF,F1,0.0554906918584484
Maxchi,1617,1671,A1D,F1,L,0.0034919965427010527
Maxchi,1246,1298,A1D,02A,F2,0.07437734325249158
Maxchi,3095,3149,A1D,02B,F2,0.14954135458461107
Maxchi,528,589,A1D,02G,F2,3.0775518433392137e-16
Maxchi,3256,3314,A1D,A2D,F2,0.44623985793160303
Maxchi,1984,2037,A1D,C2U,F2,0.1592826222406366
Maxchi,2819,2863,A1D,DF,F2,0.20563574086304057
Maxchi,1982,2032,A1D,F2,J,0.1355147945267815
Maxchi,812,858,A1D,F2,L,0.4125656435083743
Maxchi,926,950,A1D,02G,G,3.650107653567292e-07
Maxchi,2158,2225,A1D,A2D,G,0.06747796770985562
Maxchi,1931,1987,A1D,G,L,0.011923829172825934
Maxchi,2637,2695,A1D,G,cpx,0.037387617585346866
Maxchi,365,406,A1D,02A,H,0.0001456282662030961
Maxchi,291,341,A1D,02G,H,1.0
Maxchi,897,947,A1D,A2D,H,0.009504434174322491
Maxchi,547,608,A1D,BF1,H,0.04697960502276835
Maxchi,370,427,A1D,BG,H,2.333358668505006e-09
Maxchi,250,260,A1D,CPZ,H,1.4958258446518184e-05
Maxchi,307,360,A1D,H,L,0.0017597803515748858
Maxchi,2291,2330,A1D,A2D,J,0.07595591498468902
Maxchi,2253,2306,A1D,C2U,J,0.15714856017144727
Maxchi,1753,1805,A1D,J,K,0.031345976085985064
Maxchi,2218,2239,A1D,BC,K,0.019172484755223134
Maxchi,1633,1679,A1D,BF1,K,0.24303709515489852
Maxchi,1700,1753,A1D,C2U,K,0.031345976085985064
Maxchi,686,734,A1D,A2D,L,0.21986893044484188
Maxchi,305,356,A1D,A5U,L,0.003674234245003477
Maxchi,2825,2880,A1D,01C,cpx,0.02039934666780165
Maxchi,1972,2025,A1D,02A,cpx,0.6068626085516137
Maxchi,1939,1987,A1D,02B,cpx,0.011071644553191868
Maxchi,1970,2034,A1D,02G,cpx,0.14398577824448866
Maxchi,4406,4458,A2,01A1,01C,0.00404315972820823
Maxchi,3405,3468,A2,01A1,02A,0.0660672871988477
Maxchi,3933,3991,A2,01A1,02B,0.07529529171313262
Maxchi,3731,3780,A2,01A1,A1D,0.4144617827067679
Maxchi,4377,4426,A2,01A1,AD,0.07648199693539515
Maxchi,1672,1725,A2,01A1,BF1,2.4861082854576042e-05
Maxchi,3409,3460,A2,01A1,C2U,0.29958423873250595
Maxchi,5110,5161,A2,01A1,01B,0.12740893084080607
Maxchi,3959,4005,A2,01B,01C,0.4948966988591573
Maxchi,3346,3403,A2,01B,02A,0.024138572084431556
Maxchi,3814,3868,A2,01B,02B,0.05641088544059145
Maxchi,5142,5175,A2,01B,A2D,0.4704632740106762
Maxchi,3996,4021,A2,01B,AD,0.0034508313663595535
Maxchi,3041,3083,A2,01B,BF1,0.16585666034290597
Maxchi,3403,3459,A2,01B,C2U,0.024138572084431556
Maxchi,582,631,A2,01C,CPZ,0.21073594293006678
Maxchi,1982,2034,A2,02A,02B,0.02436103871082359
Maxchi,1955,2021,A2,02A,C2U,0.03229524063550954
Maxchi,2976,3035,A2,01C,02B,0.2230480395733036
Maxchi,925,975,A2,01C,02G,0.008071487425268021
Maxchi,1676,1730,A2,02A,02G,2.8244313617280575e-05
Maxchi,946,1002,A2,02G,A1D,0.1460709836029746
Maxchi,699,749,A2,02G,CPZ,0.38882185602528907
Maxchi,360,411,A2,02A,A,4.81411734046354e-05
Maxchi,287,337,A2,02G,A,1.0
Maxchi,210,367,A2,A,BF,1.8134421605549692e-38
Maxchi,305,355,A2,A,L,1.0
Maxchi,2311,2362,A2,01C,A1D,0.24936964678950607
Maxchi,1955,2021,A2,02A,A1D,0.03229524063550954
Maxchi,3237,3280,A2,02B,A1D,0.24107225524141618
Maxchi,2259,2311,A2,A1D,C2U,0.24936964678950607
Maxchi,5376,5427,A2,01A1,A2D,0.03068824048883225
Maxchi,4926,4974,A2,01C,A2D,0.5509849875850935
Maxchi,3743,3793,A2,02A,A2D,0.07113739408863862
Maxchi,1970,2023,A2,A1D,A2D,0.1095869666384346
Maxchi,886,934,A2,A2D,A5U,0.0422211752471624
Maxchi,1688,1739,A2,A2D,BF1,0.2280865273335585
Maxchi,4433,4490,A2,01A1,A3,0.02932250060264727
Maxchi,1135,1187,A2,02A,A3,0.26835243380936197
Maxchi,3904,3936,A2,02B,A3,0.06996704893155296
Maxchi,1908,1965,A2,A1D,A3,0.05195602435742519
Maxchi,5294,5344,A2,A2D,A3,0.4404006981390033
Maxchi,3419,3470,A2,A3,A6,0.35729327178975423
Maxchi,4331,4376,A2,A3,AD,0.6407713581311831
Maxchi,4606,4659,A2,A3,AG,0.3035730927907764
Maxchi,3739,3790,A2,A3,B,0.3559782275770176
Maxchi,3399,3451,A2,A3,BC,0.3740675418499403
Maxchi,402,446,A2,A3,BF,1.5369558215363385e-11
Maxchi,1407,1466,A2,A3,BF1,0.0683780184609829
Maxchi,2930,2970,A2,A3,BG,0.13750448333575097
Maxchi,3366,3419,A2,A3,C,0.09992591232291724
Maxchi,3419,3470,A2,A3,C2U,0.1619950866312151
Maxchi,3399,3451,A2,A3,CD,0.3740675418499403
Maxchi,3637,3688,A2,A3,D,0.017218495209889058
Maxchi,3558,3615,A2,A3,DF,0.1366908027543931
Maxchi,1059,1109,A2,A3,F1,0.03931332269258642
Maxchi,2695,2747,A2,A3,F2,0.04220450214400492
Maxchi,3745,3791,A2,A3,G,0.635714941972191
Maxchi,950,998,A2,A3,H,0.0007491752619873196
Maxchi,2889,2946,A2,A3,J,0.13162685512826458
Maxchi,3869,3922,A2,A3,K,0.006790886462177098
Maxchi,628,667,A2,A3,L,0.060455061726855136
Maxchi,360,411,A2,02A,A5U,0.0035380567419032536
Maxchi,286,336,A2,02G,A5U,1.0
Maxchi,353,403,A2,A1D,A5U,0.0005473292918611244
Maxchi,373,423,A2,A5U,BF1,1.1087058518985285e-08
Maxchi,415,456,A2,A5U,C2U,0.014484843496028452
Maxchi,206,254,A2,A5U,CPZ,0.1485617748918645
Maxchi,3735,3748,A2,01A1,A6,0.0019772680969714785
Maxchi,2160,2226,A2,02G,A6,0.06987802781693413
Maxchi,3416,3463,A2,A1D,A6,0.06745563572226616
Maxchi,5268,5321,A2,A2D,A6,0.04095825260280486
Maxchi,4235,4287,A2,A6,AD,0.29795306160816476
Maxchi,4524,4585,A2,A6,AG,0.2748275226959116
Maxchi,3347,3408,A2,A6,B,0.31281276673908587
Maxchi,6417,6467,A2,A6,BC,3.706375652211043e-07
Maxchi,583,655,A2,A6,BF,0.21582528071600562
Maxchi,2031,2082,A2,A6,BF1,0.2030995211111378
Maxchi,1966,2005,A2,A6,BG,0.0034748901907988928
Maxchi,6451,6504,A2,A6,C,0.0005707364877582909
Maxchi,3739,3790,A2,A6,D,0.40617807171861586
Maxchi,6489,6539,A2,A6,DF,1.4115201606768653e-05
Maxchi,1966,2005,A2,A6,F1,0.017587502725201123
Maxchi,3876,3927,A2,A6,K,0.07095713052180315
Maxchi,9513,9541,A2,A6,cpx,4.2577804264612916e-07
Maxchi,3942,3989,A2,01C,AD,0.015558683679301766
Maxchi,2040,2092,A2,02A,AD,0.016805108454757765
Maxchi,2772,2823,A2,02B,AD,0.24352767081537557
Maxchi,1926,1960,A2,A1D,AD,0.006337962995459517
Maxchi,1424,1474,A2,AD,BF1,0.3723653021980271
Maxchi,3293,3342,A2,AD,C2U,0.29763815092845236
Maxchi,5110,5161,A2,01A1,AE,0.10935607087446286
Maxchi,5679,5730,A2,01B,AE,0.21896961893827538
Maxchi,3959,4005,A2,01C,AE,0.4948966988591573
Maxchi,5142,5175,A2,A2D,AE,0.4704632740106762
Maxchi,3996,4021,A2,AD,AE,0.0034508313663595535
Maxchi,3403,3459,A2,AE,BC,0.024138572084431556
Maxchi,402,446,A2,AE,BF,1.5369558215363385e-11
Maxchi,2043,2091,A2,AE,BF1,0.008503689150118012
Maxchi,3403,3459,A2,AE,C2U,0.024138572084431556
Maxchi,2655,2702,A2,AE,DF,0.21739870800999936
Maxchi,4922,4984,A2,01A1,AG,0.030874262930658602
Maxchi,4306,4365,A2,01C,AG,0.07217900758881639
Maxchi,1651,1701,A2,02A,AG,0.23191640745438336
Maxchi,4536,4588,A2,02B,AG,0.2954815824170999
Maxchi,5376,5427,A2,A2D,AG,0.03068824048883225
Maxchi,844,898,A2,A5U,AG,4.6218092454167215e-06
Maxchi,4357,4424,A2,AD,AG,0.005707112143957197
Maxchi,402,446,A2,AG,BF,1.5369558215363385e-11
Maxchi,2979,3041,A2,AG,BG,0.2790836059659835
Maxchi,3650,3694,A2,AG,DF,0.24282844628206482
Maxchi,3876,3905,A2,AG,cpx,0.008848562875436198
Maxchi,3461,3512,A2,01C,B,0.3168140075269767
Maxchi,1759,1838,A2,02A,B,1.2082452931968051e-06
Maxchi,844,897,A2,02G,B,0.001192818633277156
Maxchi,2509,2547,A2,A1D,B,0.02377802815846995
Maxchi,3423,3472,A2,A2D,B,0.14054464283059165
Maxchi,756,813,A2,A5U,B,0.09272234664186566
Maxchi,3607,3657,A2,AD,B,0.08090660458455347
Maxchi,2957,3012,A2,AE,B,0.1272312525096447
Maxchi,3876,3905,A2,AG,B,0.008848562875436198
Maxchi,432,490,A2,B,BF,2.471864153415548e-07
Maxchi,2033,2087,A2,B,BF1,0.0042019798573429456
Maxchi,6060,6116,A2,B,C,0.06464489550539551
Maxchi,6377,6433,A2,B,C2U,0.003143592785813333
Maxchi,2943,3003,A2,B,CD,0.03766692222862869
Maxchi,650,702,A2,B,CPZ,0.39991593492886246
Maxchi,2901,2953,A2,B,D,0.04647831057494168
Maxchi,6398,6449,A2,B,DF,0.0006502794554755967
Maxchi,1967,2016,A2,B,F1,0.000254375309955524
Maxchi,3105,3156,A2,B,F2,0.03945309300243012
Maxchi,9487,9539,A2,B,G,5.7027373855477074e-15
Maxchi,3421,3467,A2,B,J,0.29531352355352936
Maxchi,2959,3003,A2,B,K,0.2942661043049598
Maxchi,1315,1356,A2,B,L,0.013550871447073226
Maxchi,2950,2987,A2,B,cpx,0.07654860327265488
Maxchi,844,901,A2,02B,B.FR.83.HXBLAI_IIIB_BRU.K03455,2.1855595744516933e-05
Maxchi,260,366,A2,02G,B.FR.83.HXBLAI_IIIB_BRU.K03455,1.0129593160916623e-19
Maxchi,402,454,A2,A1D,B.FR.83.HXBLAI_IIIB_BRU.K03455,0.007132459091225639
Maxchi,210,367,A2,B.FR.83.HXBLAI_IIIB_BRU.K03455,BF,1.8134421605549692e-38
Maxchi,372,422,A2,B.FR.83.HXBLAI_IIIB_BRU.K03455,BF1,2.2550931420933568e-08
Maxchi,927,981,A2,B.FR.83.HXBLAI_IIIB_BRU.K03455,D,2.8906615001186856e-06
Maxchi,2717,2771,A2,01A1,BC,0.15214256324419567
Maxchi,3403,3459,A2,01B,BC,0.1321615207257172
Maxchi,2951,2988,A2,01C,BC,0.0452346695723441
Maxchi,1698,1763,A2,02A,BC,0.0011174468455994334
Maxchi,3232,3282,A2,02B,BC,0.6034382696801723
Maxchi,845,895,A2,02G,BC,0.008428653547412075
Maxchi,2945,3000,A2,A2D,BC,0.06805097816275825
Maxchi,2446,2485,A2,AD,BC,0.17062245102350043
Maxchi,431,504,A2,BC,BF,8.286251933374984e-12
Maxchi,1935,1987,A2,BC,BF1,0.0026512407904674662
Maxchi,1713,1774,A2,BC,BG,0.002240550843774122
Maxchi,2403,2447,A2,BC,CD,0.1477586915571686
Maxchi,388,438,A2,01A1,BF,0.03075356125927456
Maxchi,388,438,A2,01B,BF,0.03075356125927456
Maxchi,388,438,A2,01C,BF,0.03075356125927456
Maxchi,450,505,A2,02A,BF,0.03428762469760211
Maxchi,388,438,A2,02B,BF,0.03075356125927456
Maxchi,414,484,A2,02G,BF,4.3025752931997506e-10
Maxchi,508,583,A2,A1D,BF,0.0005282612085066183
Maxchi,388,438,A2,A2D,BF,0.03075356125927456
Maxchi,210,367,A2,A5U,BF,1.8134421605549692e-38
Maxchi,388,438,A2,AD,BF,0.03075356125927456
Maxchi,1678,1721,A2,BF,BF1,0.15142193930082073
Maxchi,414,484,A2,BF,BG,4.3025752931997506e-10
Maxchi,1698,1746,A2,BF,C2U,0.21986893044484188
Maxchi,463,505,A2,BF,CPZ,0.02320957333689236
Maxchi,1909,1971,A2,01C,BF1,0.00572621039937555
Maxchi,1965,2015,A2,02A,BF1,0.10694786115039989
Maxchi,2948,2991,A2,02B,BF1,0.061186437788151006
Maxchi,947,1002,A2,02G,BF1,0.4721437655167531
Maxchi,1978,2027,A2,A1D,BF1,0.1360970044403716
Maxchi,2041,2092,A2,BF1,C2U,0.007918451112139381
Maxchi,2772,2818,A2,02B,BG,0.020925083570368104
Maxchi,944,998,A2,02G,BG,2.256161158652101e-07
Maxchi,1748,1805,A2,A1D,BG,6.011283901783746e-07
Maxchi,1974,2021,A2,A2D,BG,0.4504746179477833
Maxchi,372,422,A2,A5U,BG,0.0740225429253814
Maxchi,1210,1237,A2,AD,BG,0.02008699865573848
Maxchi,1844,1904,A2,BF1,BG,0.15032345547866408
Maxchi,1748,1805,A2,BG,C2U,6.011283901783746e-07
Maxchi,3343,3406,A2,01A1,C,0.01780410203589534
Maxchi,3346,3403,A2,01B,C,0.024138572084431556
Maxchi,3254,3315,A2,01C,C,0.1895761220010024
Maxchi,1953,2017,A2,02A,C,0.010764721428658783
Maxchi,3232,3282,A2,02B,C,0.6034382696801723
Maxchi,923,978,A2,02G,C,0.0014026978055808306
Maxchi,3989,4035,A2,A2D,C,0.23885921651100245
Maxchi,2259,2311,A2,AD,C,0.11734140818466564
Maxchi,3265,3328,A2,AE,C,0.09237041745413548
Maxchi,2924,2970,A2,BC,C,0.2648469160580465
Maxchi,1641,1690,A2,BF,C,0.11505020308731682
Maxchi,2036,2082,A2,BF1,C,0.0797256081306602
Maxchi,1747,1805,A2,BG,C,1.0188368747400945e-07
Maxchi,2892,2947,A2,C,C2U,0.014526652400107207
Maxchi,6276,6323,A2,C,CD,0.13984079645897296
Maxchi,698,748,A2,C,CPZ,0.035691900116804454
Maxchi,3376,3423,A2,C,D,0.17572073263800703
Maxchi,6276,6329,A2,C,DF,0.11123422099010731
Maxchi,1979,2033,A2,C,F1,0.006249477882326379
Maxchi,3372,3419,A2,C,F2,0.3677628939077451
Maxchi,9493,9541,A2,C,G,3.280956491488139e-18
Maxchi,2222,2255,A2,C,J,0.013482441264323727
Maxchi,3423,3471,A2,C,K,0.1485617748918646
Maxchi,1987,2042,A2,C,L,0.01571261656262109
Maxchi,2951,2993,A2,C,cpx,0.09321196356416617
Maxchi,3296,3347,A2,01C,C2U,0.3028214598616348
Maxchi,3232,3282,A2,02B,C2U,0.6034382696801723
Maxchi,664,725,A2,C2U,CPZ,0.0004387535536291144
Maxchi,3328,3376,A2,01C,CD,0.22051477597346159
Maxchi,1744,1798,A2,02A,CD,0.0011704628265036218
Maxchi,3245,3292,A2,02B,CD,0.05653876689973259
Maxchi,927,980,A2,02G,CD,1.7784292738082887e-05
Maxchi,4070,4116,A2,A2D,CD,0.4125656435083743
Maxchi,401,516,A2,A5U,CD,1.628682990554219e-16
Maxchi,1699,1752,A2,BF,CD,0.21633362034623016
Maxchi,2038,2087,A2,BF1,CD,0.011838425110703453
Maxchi,3719,3790,A2,01B,D,0.009915996522759806
Maxchi,2849,2889,A2,01C,D,0.07088855502318134
Maxchi,2827,2880,A2,02A,D,0.056716997511410586
Maxchi,3513,3554,A2,02B,D,0.1916011067525895
Maxchi,3423,3471,A2,A1D,D,0.06166490774402757
Maxchi,4600,4601,A2,A2D,D,9.236596617174045e-13
Maxchi,3719,3790,A2,AE,D,0.009915996522759806
Maxchi,402,446,A2,BF,D,1.5369558215363385e-11
Maxchi,2026,2042,A2,BF1,D,4.0024278292303684e-06
Maxchi,1171,1233,A2,BG,D,0.19833708371006276
Maxchi,2224,2259,A2,C2U,D,0.007526315166457885
Maxchi,4022,4091,A2,CD,D,0.0029307823857934916
Maxchi,4003,4062,A2,D,DF,0.10609865770603465
Maxchi,3083,3131,A2,D,F1,0.4532837034065562
Maxchi,3423,3472,A2,D,F2,0.10557315829932173
Maxchi,3419,3460,A2,D,J,0.13859362580470708
Maxchi,3808,3877,A2,D,K,0.010563171977416632
Maxchi,1693,1746,A2,D,L,0.18392215966254116
Maxchi,2038,2086,A2,D,cpx,0.0202524708091044
Maxchi,2702,2748,A2,01B,DF,0.009276681159950973
Maxchi,3369,3414,A2,01C,DF,0.2737455057877127
Maxchi,1689,1744,A2,02A,DF,0.006901156234110352
Maxchi,874,928,A2,02G,DF,0.21486774567077493
Maxchi,4326,4377,A2,A2D,DF,0.40617807171861586
Maxchi,773,823,A2,A5U,DF,0.10778025232412843
Maxchi,5999,6046,A2,BC,DF,4.826338225197595e-05
Maxchi,1692,1745,A2,BF,DF,0.07188936222681834
Maxchi,2016,2032,A2,BF1,DF,5.800631546639894e-06
Maxchi,1782,1821,A2,BG,DF,0.2127159179018617
Maxchi,2707,2757,A2,C2U,DF,0.12282264810139186
Maxchi,3378,3425,A2,CD,DF,0.004306973455768721
Maxchi,1460,1509,A2,01A1,F1,0.4428602225095475
Maxchi,1971,2007,A2,01B,F1,0.00376915151051483
Maxchi,1689,1747,A2,01C,F1,0.03778722411294196
Maxchi,1817,1838,A2,02A,F1,0.15993324609445497
Maxchi,2827,2880,A2,02B,F1,0.12112964621693355
Maxchi,893,946,A2,02G,F1,0.19795503660869268
Maxchi,1914,1966,A2,A1D,F1,0.13199408319030792
Maxchi,1460,1509,A2,A2D,F1,0.4428602225095475
Maxchi,367,423,A2,A5U,F1,1.7359743381712366e-07
Maxchi,1696,1742,A2,AD,F1,0.2648469160580465
Maxchi,1971,2007,A2,AE,F1,0.001519307161661463
Maxchi,1747,1805,A2,BC,F1,0.03778722411294196
Maxchi,1664,1731,A2,BF,F1,9.04831117016827e-05
Maxchi,2717,2765,A2,BF1,F1,0.07363827012030258
Maxchi,1975,2009,A2,C2U,F1,0.0019352552146804625
Maxchi,1914,1968,A2,CD,F1,0.14498273522559296
Maxchi,894,946,A2,CPZ,F1,0.13937247393525581
Maxchi,1649,1696,A2,F1,F2,0.001018772997948036
Maxchi,367,422,A2,F1,H,3.4845593828558695e-08
Maxchi,2031,2082,A2,F1,K,0.13519595528310865
Maxchi,1480,1530,A2,F1,L,0.0740225429253814
Maxchi,1689,1747,A2,F1,cpx,0.03778722411294196
Maxchi,3737,3789,A2,01B,F2,0.04220450214400492
Maxchi,3078,3138,A2,01C,F2,0.27807568662088195
Maxchi,1460,1515,A2,02A,F2,0.34249306583679656
Maxchi,3531,3582,A2,02B,F2,0.03781411365900774
Maxchi,3231,3282,A2,A1D,F2,0.24396471712824735
Maxchi,3632,3681,A2,AD,F2,0.2433450091487593
Maxchi,3737,3786,A2,AE,F2,0.0473302084081901
Maxchi,4031,4072,A2,AG,F2,0.3165293365649899
Maxchi,402,446,A2,BF,F2,1.053915062462517e-10
Maxchi,1955,1995,A2,BF1,F2,0.2824998549050381
Maxchi,2695,2748,A2,C2U,F2,0.1396411746903914
Maxchi,2956,2975,A2,DF,F2,0.04350641586616247
Maxchi,3040,3103,A2,F2,G,0.29679987615775993
Maxchi,3103,3166,A2,F2,J,0.013341030106234544
Maxchi,3041,3095,A2,F2,K,0.19914161165274047
Maxchi,844,896,A2,F2,L,0.002947756459029625
Maxchi,2640,2695,A2,F2,cpx,0.06967762856282556
Maxchi,3688,3737,A2,01B,G,0.1571226782532925
Maxchi,9494,9541,A2,01C,G,2.5382878398384047e-17
Maxchi,1698,1764,A2,02A,G,0.0051262925768226055
Maxchi,890,946,A2,02G,G,0.0001759627868942862
Maxchi,4505,4537,A2,A2D,G,0.15035172092955656
Maxchi,3696,3744,A2,AD,G,0.156337198788842
Maxchi,3739,3790,A2,AE,G,0.4132125666168054
Maxchi,9235,9287,A2,BC,G,0.15818524058766825
Maxchi,432,492,A2,BF,G,2.554258823776847e-07
Maxchi,2198,2268,A2,BG,G,0.0793192726188875
Maxchi,9372,9433,A2,C2U,G,1.2142490362415223e-06
Maxchi,9207,9256,A2,CD,G,0.06965449414369869
Maxchi,692,749,A2,CPZ,G,0.003244867790001474
Maxchi,9376,9432,A2,DF,G,7.846748310441077e-05
Maxchi,9510,9541,A2,G,J,0.010603345382122658
Maxchi,3694,3739,A2,G,K,0.04625673400787715
Maxchi,3440,3492,A2,G,cpx,0.05078049976777548
Maxchi,947,997,A2,01A1,H,0.12282264810139186
Maxchi,360,412,A2,02A,H,1.6420149882094426e-05
Maxchi,291,341,A2,02G,H,1.0
Maxchi,373,434,A2,A1D,H,0.15955070270083896
Maxchi,895,948,A2,AD,H,0.007489072208456906
Maxchi,952,998,A2,AE,H,0.129981419288128
Maxchi,944,997,A2,AG,H,0.03904845284502853
Maxchi,707,753,A2,BC,H,0.47786524369453953
Maxchi,210,367,A2,BF,H,1.8134421605549692e-38
Maxchi,383,442,A2,BF1,H,1.071193378751687e-12
Maxchi,322,397,A2,BG,H,4.1343183204248237e-11
Maxchi,700,748,A2,CD,H,0.6365702710137531
Maxchi,250,260,A2,CPZ,H,1.4958258446518184e-05
Maxchi,771,823,A2,DF,H,0.15577020009727355
Maxchi,931,977,A2,H,J,0.009276681159950973
Maxchi,309,359,A2,H,L,1.0
Maxchi,3472,3525,A2,01C,J,0.4739369482070104
Maxchi,1697,1751,A2,02A,J,0.0334406386639979
Maxchi,2717,2769,A2,02B,J,0.5652345075675097
Maxchi,2253,2306,A2,A1D,J,0.15714856017144727
Maxchi,844,891,A2,A5U,J,1.863281188616448e-07
Maxchi,3642,3696,A2,AD,J,0.22359642078775338
Maxchi,2961,3012,A2,AE,J,0.7174494836999052
Maxchi,438,605,A2,BF,J,2.782876742064015e-41
Maxchi,1913,1968,A2,BF1,J,0.07788706738662647
Maxchi,2455,2505,A2,C2U,J,0.33299167516194367
Maxchi,692,749,A2,CPZ,J,0.0008614475679593701
Maxchi,3374,3421,A2,DF,J,0.1399286578269754
Maxchi,3697,3745,A2,J,K,0.012234037423338569
Maxchi,1199,1247,A2,J,L,0.23987068603787826
Maxchi,2826,2874,A2,J,cpx,0.14189971750447364
Maxchi,3939,3989,A2,01A1,K,0.04426896475697429
Maxchi,3876,3921,A2,01B,K,0.09716398890159735
Maxchi,2965,3017,A2,01C,K,0.15818524058766825
Maxchi,1059,1112,A2,02A,K,0.03492039587384793
Maxchi,3694,3739,A2,02B,K,0.04625673400787715
Maxchi,1753,1805,A2,A1D,K,0.031345976085985064
Maxchi,4927,4976,A2,A2D,K,0.1942473137938105
Maxchi,3694,3739,A2,AD,K,0.04625673400787715
Maxchi,3869,3922,A2,AE,K,0.006790886462177098
Maxchi,2451,2472,A2,BC,K,0.006620037571481177
Maxchi,402,446,A2,BF,K,1.5369558215363385e-11
Maxchi,1633,1678,A2,BF1,K,0.0018195501959980714
Maxchi,3698,3748,A2,DF,K,0.2949751254431211
Maxchi,2036,2088,A2,K,cpx,0.017918163604825035
Maxchi,2640,2696,A2,01A1,L,0.09379391919615362
Maxchi,1082,1130,A2,01C,L,0.156337198788842
Maxchi,1661,1734,A2,02A,L,0.0024324478402723087
Maxchi,1651,1678,A2,02B,L,3.1491339362058216e-07
Maxchi,1401,1452,A2,A1D,L,0.11027227787538227
Maxchi,304,354,A2,A5U,L,1.0
Maxchi,1674,1730,A2,AD,L,0.02194677100324683
Maxchi,696,751,A2,AE,L,0.3695329858565899
Maxchi,933,981,A2,BF,L,0.0034147911781178208
Maxchi,1480,1530,A2,BF1,L,0.0740225429253814
Maxchi,1666,1720,A2,BG,L,2.599142405798563e-10
Maxchi,2038,2087,A2,C2U,L,0.00580745785938867
Maxchi,642,695,A2,CPZ,L,0.009687454183551344
Maxchi,2031,2077,A2,DF,L,0.014201776938302524
Maxchi,3132,3180,A2,01C,cpx,0.29401965425263926
Maxchi,3418,3466,A2,02B,cpx,0.284577605786535
Maxchi,2047,2100,A2,02G,cpx,0.06403921942176183
Maxchi,2319,2361,A2,A1D,cpx,0.14729913862267172
Maxchi,2850,2886,A2,A2D,cpx,0.00023091706261627656
Maxchi,696,741,A2,A5U,cpx,0.02794311426635196
Maxchi,2259,2311,A2,AD,cpx,0.434975625788642
Maxchi,3002,3065,A2,BC,cpx,0.003902463442826589
Maxchi,425,531,A2,BF,cpx,5.0835180327450515e-31
Maxchi,1966,2027,A2,BG,cpx,0.027757103251701856
Maxchi,2631,2694,A2,C2U,cpx,0.03575049108981293
Maxchi,3904,3963,A2D,01A1,01C,0.33164496081126205
Maxchi,3342,3401,A2D,01A1,02A,0.03400831848016035
Maxchi,9513,9529,A2D,01A1,02B,8.975070235676475e-10
Maxchi,529,612,A2D,01A1,02G,1.7852139048086722e-30
Maxchi,3414,3465,A2D,01A1,A1D,0.27892254528121196
Maxchi,897,950,A2D,01A1,A5U,0.0032584710461531653
Maxchi,5243,5292,A2D,01A1,AD,0.03243366775489467
Maxchi,2957,3012,A2D,01A1,BF1,0.21064829339310562
Maxchi,1971,2024,A2D,01A1,C2U,0.2154347569090012
Maxchi,496,547,A2D,01A1,CPZ,4.5935916258265494e-07
Maxchi,3224,3276,A2D,01B,02A,0.4121581649053866
Maxchi,6625,6673,A2D,01B,02B,0.0021845145644345675
Maxchi,445,495,A2D,01C,CPZ,0.0006871043843566189
Maxchi,2259,2312,A2D,01C,02A,0.11308815707768294
Maxchi,1225,1254,A2D,02A,02B,0.20891238174069476
Maxchi,469,526,A2D,02A,CPZ,0.0035970186246078823
Maxchi,3996,4053,A2D,01C,02B,0.17768312697181937
Maxchi,493,540,A2D,02B,CPZ,0.000200888864318128
Maxchi,530,614,A2D,01C,02G,3.1966165449780244e-15
Maxchi,530,614,A2D,02A,02G,3.1966165449780244e-15
Maxchi,530,614,A2D,02B,02G,3.1966165449780244e-15
Maxchi,530,615,A2D,02G,A1D,1.3023724315211907e-13
Maxchi,530,615,A2D,02G,C2U,1.3023724315211907e-13
Maxchi,490,534,A2D,02G,CPZ,0.12170116687513019
Maxchi,941,999,A2D,01A1,A,0.16046789062527622
Maxchi,539,622,A2D,01C,A,5.949485790854476e-17
Maxchi,360,411,A2D,02A,A,0.002940932104495999
Maxchi,287,337,A2D,02G,A,1.0
Maxchi,463,494,A2D,A,A2,0.14922835263038572
Maxchi,527,598,A2D,A,B,3.689605949285855e-13
Maxchi,521,606,A2D,A,BC,6.728595972734019e-17
Maxchi,210,402,A2D,A,BF,4.070822045386692e-52
Maxchi,375,426,A2D,A,BF1,6.586857658927861e-12
Maxchi,397,451,A2D,A,CD,0.013604032044213064
Maxchi,450,500,A2D,A,DF,1.0
Maxchi,541,626,A2D,A,J,2.3069376641449307e-20
Maxchi,305,355,A2D,A,L,1.0
Maxchi,2588,2640,A2D,01C,A1D,0.6380689333288285
Maxchi,2818,2863,A2D,02A,A1D,0.18788918282070205
Maxchi,1689,1747,A2D,A1D,C2U,4.5731684118850416e-05
Maxchi,488,540,A2D,A1D,CPZ,0.016230048574613385
Maxchi,530,614,A2D,02G,A2,3.1966165449780244e-15
Maxchi,496,507,A2D,A2,H,0.00700998715358736
Maxchi,7251,7303,A2D,A3,AD,5.437063137391828e-10
Maxchi,501,533,A2D,01C,A5U,0.16543896349191234
Maxchi,360,411,A2D,02A,A5U,0.0035380567419032536
Maxchi,286,336,A2D,02G,A5U,1.0
Maxchi,843,899,A2D,A5U,AD,0.013809674556608866
Maxchi,375,427,A2D,A5U,BF1,2.4524456141090814e-11
Maxchi,206,254,A2D,A5U,CPZ,0.1485617748918645
Maxchi,4359,4409,A2D,A6,AD,0.10534291334764082
Maxchi,496,507,A2D,A6,H,0.00700998715358736
Maxchi,3414,3458,A2D,01C,AD,0.09029833935330227
Maxchi,3185,3233,A2D,02A,AD,0.4385780260809997
Maxchi,9499,9522,A2D,02B,AD,3.7718913338799377e-06
Maxchi,536,626,A2D,02G,AD,1.3124300264043252e-17
Maxchi,3343,3393,A2D,AD,C2U,0.384088249473852
Maxchi,493,540,A2D,AD,CPZ,0.000200888864318128
Maxchi,5805,5861,A2D,01A1,AG,0.004866494397324461
Maxchi,3742,3790,A2D,01C,B,0.1396958411844463
Maxchi,2832,2879,A2D,02A,B,0.06745563572226616
Maxchi,530,614,A2D,02G,B,3.1966165449780244e-15
Maxchi,893,942,A2D,A5U,B,4.455538475254342e-06
Maxchi,3083,3131,A2D,AE,B,0.1485617748918646
Maxchi,2945,2998,A2D,B,CD,0.030321711298996933
Maxchi,493,540,A2D,B,CPZ,0.000200888864318128
Maxchi,2033,2082,A2D,B,F1,0.00043085525302813957
Maxchi,3111,3177,A2D,B,F2,0.07626010948329377
Maxchi,980,1034,A2D,B,H,0.00045070746686124926
Maxchi,894,948,A2D,01A1,B.FR.83.HXBLAI_IIIB_BRU.K03455,0.00023840559401386126
Maxchi,539,622,A2D,01C,B.FR.83.HXBLAI_IIIB_BRU.K03455,1.5290657682903034e-16
Maxchi,360,412,A2D,02A,B.FR.83.HXBLAI_IIIB_BRU.K03455,0.004229127697816718
Maxchi,894,948,A2D,02B,B.FR.83.HXBLAI_IIIB_BRU.K03455,0.039757210604634545
Maxchi,260,369,A2D,02G,B.FR.83.HXBLAI_IIIB_BRU.K03455,9.732484224413035e-21
Maxchi,914,967,A2D,A2,B.FR.83.HXBLAI_IIIB_BRU.K03455,0.030321711298996933
Maxchi,873,927,A2D,A3,B.FR.83.HXBLAI_IIIB_BRU.K03455,0.03688259664356394
Maxchi,894,948,A2D,AD,B.FR.83.HXBLAI_IIIB_BRU.K03455,0.039757210604634545
Maxchi,869,922,A2D,AE,B.FR.83.HXBLAI_IIIB_BRU.K03455,0.11733087132801681
Maxchi,505,513,A2D,B.FR.83.HXBLAI_IIIB_BRU.K03455,BC,0.040356572798745265
Maxchi,210,402,A2D,B.FR.83.HXBLAI_IIIB_BRU.K03455,BF,4.070822045386692e-52
Maxchi,375,426,A2D,B.FR.83.HXBLAI_IIIB_BRU.K03455,BF1,6.586857658927861e-12
Maxchi,370,372,A2D,B.FR.83.HXBLAI_IIIB_BRU.K03455,BG,1.5374597944280386e-12
Maxchi,432,492,A2D,B.FR.83.HXBLAI_IIIB_BRU.K03455,C2U,0.3207769927915025
Maxchi,428,460,A2D,B.FR.83.HXBLAI_IIIB_BRU.K03455,CD,0.023202545863181868
Maxchi,450,500,A2D,B.FR.83.HXBLAI_IIIB_BRU.K03455,DF,1.0
Maxchi,531,607,A2D,B.FR.83.HXBLAI_IIIB_BRU.K03455,J,1.7901194399777905e-14
Maxchi,443,445,A2D,B.FR.83.HXBLAI_IIIB_BRU.K03455,cpx,7.87343685439857e-09
Maxchi,2660,2691,A2D,01C,BC,0.02295563119788938
Maxchi,530,614,A2D,02G,BC,3.1000050824642536e-14
Maxchi,484,530,A2D,A5U,BC,0.1041006583396692
Maxchi,1690,1748,A2D,BC,BG,0.00039858679857042185
Maxchi,3421,3468,A2D,BC,CD,0.13984079645897296
Maxchi,558,671,A2D,02A,BF,1.1322965371880392e-34
Maxchi,442,484,A2D,02G,BF,0.07007553859334137
Maxchi,401,453,A2D,A1D,BF,8.297490572334454e-12
Maxchi,210,402,A2D,A5U,BF,4.070822045386692e-52
Maxchi,558,610,A2D,BF,BG,6.503068141406989e-17
Maxchi,401,451,A2D,BF,CPZ,1.0932219338166523e-11
Maxchi,1459,1510,A2D,01C,BF1,0.032096641041238126
Maxchi,1210,1260,A2D,02A,BF1,0.027122774281092207
Maxchi,1459,1510,A2D,02B,BF1,0.032096641041238126
Maxchi,516,534,A2D,02G,BF1,0.00024478733822722726
Maxchi,1407,1459,A2D,A1D,BF1,0.032096641041238126
Maxchi,1600,1666,A2D,BF1,C2U,6.993787510652403e-06
Maxchi,488,540,A2D,BF1,CPZ,0.2110936711315774
Maxchi,530,614,A2D,02G,BG,3.1966165449780244e-15
Maxchi,844,893,A2D,A5U,BG,1.3445618549884454e-06
Maxchi,464,526,A2D,BG,CPZ,1.7818836449210471e-06
Maxchi,2463,2514,A2D,01C,C,0.2044178341080528
Maxchi,3232,3282,A2D,02B,C,0.5054484070319747
Maxchi,530,614,A2D,02G,C,6.402366542537395e-14
Maxchi,1459,1510,A2D,BF1,C,0.17299813799053176
Maxchi,2588,2637,A2D,BG,C,0.40298694834941906
Maxchi,1966,2022,A2D,C,C2U,0.10609430602536402
Maxchi,3468,3514,A2D,C,CD,0.30264287307236404
Maxchi,483,540,A2D,C,CPZ,0.0009733038764887125
Maxchi,2219,2264,A2D,C,DF,0.13783401261581457
Maxchi,1690,1739,A2D,C,F1,0.09926706141557697
Maxchi,3100,3155,A2D,C,F2,0.06649642672572162
Maxchi,3347,3397,A2D,01C,C2U,0.3028214598616348
Maxchi,3178,3230,A2D,02B,C2U,0.03737298834065144
Maxchi,488,540,A2D,C2U,CPZ,0.07142345772985215
Maxchi,3424,3471,A2D,02B,CD,0.13984079645897296
Maxchi,530,614,A2D,02G,CD,6.402366542537395e-14
Maxchi,3424,3471,A2D,A1D,CD,0.13984079645897296
Maxchi,848,902,A2D,A5U,CD,0.003093347484998973
Maxchi,376,435,A2D,BF,CD,0.10207938441873741
Maxchi,843,897,A2D,A5U,D,0.0015674004164474749
Maxchi,9322,9378,A2D,D,G,0.0005077881492489576
Maxchi,2723,2767,A2D,01C,DF,0.07125689380072553
Maxchi,530,614,A2D,02G,DF,6.402366542537395e-14
Maxchi,1975,2029,A2D,BF1,DF,0.017118239704790164
Maxchi,2667,2717,A2D,BG,DF,0.20314217319501274
Maxchi,2292,2312,A2D,C2U,DF,0.0004542587068138049
Maxchi,3855,3899,A2D,CD,DF,0.011400265754558735
Maxchi,2042,2098,A2D,01C,F1,0.0007827868602863977
Maxchi,1059,1109,A2D,02B,F1,0.18364749695836463
Maxchi,530,614,A2D,02G,F1,6.402366542537395e-14
Maxchi,844,893,A2D,A5U,F1,1.3445618549884454e-06
Maxchi,1688,1739,A2D,BF1,F1,0.2280865273335585
Maxchi,1696,1747,A2D,CD,F1,0.0933397047758585
Maxchi,481,534,A2D,CPZ,F1,0.00034668564608747134
Maxchi,1735,1798,A2D,DF,F1,0.005675262830219666
Maxchi,896,947,A2D,F1,H,0.01436440660291553
Maxchi,2040,2085,A2D,F1,J,0.00014556795648545224
Maxchi,3088,3139,A2D,01C,F2,0.35729327178975423
Maxchi,1059,1112,A2D,02A,F2,0.030109512711539284
Maxchi,4356,4413,A2D,02B,F2,0.06258312204783309
Maxchi,3422,3471,A2D,CD,F2,0.14054464283059165
Maxchi,3088,3133,A2D,F2,J,0.4913832561025303
Maxchi,3741,3802,A2D,01C,G,0.2798792101079003
Maxchi,3802,3862,A2D,02B,G,0.2798792101079003
Maxchi,1459,1510,A2D,BF1,G,0.17299813799053176
Maxchi,493,540,A2D,CPZ,G,0.000200888864318128
Maxchi,539,622,A2D,01C,H,5.949485790854476e-17
Maxchi,360,411,A2D,02A,H,0.0013055924087956078
Maxchi,291,341,A2D,02G,H,1.0
Maxchi,890,944,A2D,AE,H,0.062437366255472235
Maxchi,521,606,A2D,BC,H,6.728595972734019e-17
Maxchi,370,380,A2D,BG,H,0.0035811640331237355
Maxchi,443,463,A2D,CD,H,0.009748109126736945
Maxchi,250,260,A2D,CPZ,H,1.4958258446518184e-05
Maxchi,457,507,A2D,DF,H,1.0
Maxchi,541,626,A2D,H,J,8.261546929260728e-21
Maxchi,309,359,A2D,H,L,1.0
Maxchi,441,453,A2D,H,cpx,8.721835402928461e-06
Maxchi,3737,3790,A2D,01C,J,0.21991095920863485
Maxchi,1974,2021,A2D,02A,J,0.01987499092793549
Maxchi,2909,2975,A2D,02B,J,0.07334298273882267
Maxchi,530,614,A2D,02G,J,6.930601711149221e-15
Maxchi,511,561,A2D,A5U,J,1.0
Maxchi,1407,1459,A2D,BF1,J,0.032096641041238126
Maxchi,493,540,A2D,CPZ,J,0.000200888864318128
Maxchi,1830,1883,A2D,J,L,0.024389023927981333
Maxchi,2023,2040,A2D,J,cpx,4.334313087819247e-06
Maxchi,1749,1805,A2D,01C,L,0.0004444590752946159
Maxchi,561,627,A2D,02A,L,4.041449009842118e-28
Maxchi,533,639,A2D,02G,L,3.495201362754083e-29
Maxchi,304,354,A2D,A5U,L,1.0
Maxchi,664,717,A2D,AD,L,0.31508664128779806
Maxchi,512,562,A2D,BF,L,1.0
Maxchi,932,983,A2D,BF1,L,0.004888051569755811
Maxchi,566,626,A2D,BG,L,0.003243868321222917
Maxchi,563,628,A2D,C2U,L,0.1764249016789441
Maxchi,533,639,A2D,CPZ,L,1.0304589692707524e-26
Maxchi,560,614,A2D,L,cpx,0.24927512864512608
Maxchi,3072,3126,A2D,A1D,cpx,0.3615844129445609
Maxchi,450,458,A2D,A5U,cpx,2.753800770030103e-07
Maxchi,464,526,A2D,CPZ,cpx,6.6509117255938576e-06
Maxchi,5597,5623,A3,01A1,01C,0.0194260736904704
Maxchi,3885,3936,A3,01A1,02A,0.127586886517376
Maxchi,5244,5314,A3,01A1,02B,0.004213044035010517
Maxchi,529,612,A3,01A1,02G,1.7852139048086722e-30
Maxchi,5808,5868,A3,01A1,AD,0.004797661349507983
Maxchi,1466,1524,A3,01A1,BF1,0.04053353995244688
Maxchi,3435,3478,A3,01A1,C2U,0.01997452975571277
Maxchi,496,547,A3,01A1,CPZ,4.5935916258265494e-07
Maxchi,6028,6075,A3,01B,01C,0.11899231333597479
Maxchi,530,614,A3,01B,02G,3.879600368549148e-22
Maxchi,2034,2086,A3,01B,A1D,0.020085916545488743
Maxchi,7120,7165,A3,01B,A2D,0.22648347192702878
Maxchi,5788,5841,A3,01B,AD,0.020316582962921454
Maxchi,1466,1524,A3,01B,BF1,0.04053353995244688
Maxchi,493,540,A3,01B,CPZ,0.000200888864318128
Maxchi,445,495,A3,01C,CPZ,0.0006871043843566189
Maxchi,3367,3410,A3,01C,02A,0.5117692768675397
Maxchi,1321,1372,A3,02A,02B,0.28684497521182406
Maxchi,469,526,A3,02A,CPZ,0.0035970186246078823
Maxchi,3421,3474,A3,01C,02B,0.05853671863312073
Maxchi,493,540,A3,02B,CPZ,0.000200888864318128
Maxchi,526,607,A3,01C,02G,4.648192401984139e-16
Maxchi,526,607,A3,02A,02G,4.648192401984139e-16
Maxchi,526,607,A3,02B,02G,4.648192401984139e-16
Maxchi,526,606,A3,02G,A1D,7.634069112933707e-16
Maxchi,526,606,A3,02G,C2U,7.634069112933707e-16
Maxchi,490,534,A3,02G,CPZ,0.12170116687513019
Maxchi,531,606,A3,01C,A,5.984161494987211e-14
Maxchi,360,411,A3,02A,A,0.002940932104495999
Maxchi,287,337,A3,02G,A,1.0
Maxchi,400,426,A3,A,A1D,2.3953087215005163e-10
Maxchi,463,494,A3,A,A2,0.14922835263038572
Maxchi,527,598,A3,A,B,1.3622857638656046e-09
Maxchi,505,521,A3,A,BC,0.1643963496710969
Maxchi,210,402,A3,A,BF,4.070822045386692e-52
Maxchi,375,426,A3,A,BF1,6.586857658927861e-12
Maxchi,369,376,A3,A,BG,0.00035871294143977614
Maxchi,398,445,A3,A,C2U,0.12188769712028555
Maxchi,397,451,A3,A,CD,0.013604032044213064
Maxchi,450,500,A3,A,DF,1.0
Maxchi,535,614,A3,A,J,4.1978482069504086e-15
Maxchi,305,355,A3,A,L,1.0
Maxchi,2879,2946,A3,01C,A1D,0.029264922161075808
Maxchi,1059,1112,A3,02A,A1D,0.07569692284808865
Maxchi,3414,3466,A3,02B,A1D,0.15818524058766825
Maxchi,1697,1760,A3,A1D,C2U,0.04092110516871907
Maxchi,488,540,A3,A1D,CPZ,0.016230048574613385
Maxchi,4424,4474,A3,01B,A2,0.05931629599971518
Maxchi,4331,4376,A3,01C,A2,0.6407713581311831
Maxchi,526,607,A3,02G,A2,4.648192401984139e-16
Maxchi,844,897,A3,A2,A5U,0.00018997316181252423
Maxchi,4926,4976,A3,A2,AE,0.08172275229865922
Maxchi,484,540,A3,A2,CPZ,0.0012754664244986709
Maxchi,5414,5467,A3,01A1,A2D,0.2445304008606901
Maxchi,4376,4425,A3,01C,A2D,0.253841620740587
Maxchi,1109,1146,A3,02A,A2D,0.16814993032014136
Maxchi,9485,9531,A3,02B,A2D,0.12312375268570482
Maxchi,530,614,A3,02G,A2D,3.1966165449780244e-15
Maxchi,1961,2012,A3,A1D,A2D,0.049617672269283805
Maxchi,1459,1510,A3,A2D,BF1,0.032096641041238126
Maxchi,3347,3397,A3,A2D,C2U,0.32663586550019824
Maxchi,493,540,A3,A2D,CPZ,0.000200888864318128
Maxchi,501,533,A3,01C,A5U,0.16543896349191234
Maxchi,360,411,A3,02A,A5U,0.0035380567419032536
Maxchi,286,336,A3,02G,A5U,1.0
Maxchi,841,894,A3,A1D,A5U,0.007450451580110787
Maxchi,375,427,A3,A5U,BF1,2.4524456141090814e-11
Maxchi,842,885,A3,A5U,C2U,1.0660710952231446e-06
Maxchi,206,254,A3,A5U,CPZ,0.1485617748918645
Maxchi,5703,5744,A3,01A1,A6,0.10740463633025313
Maxchi,5557,5598,A3,01B,A6,0.09679332626001345
Maxchi,3843,3891,A3,01C,A6,0.2962698714842834
Maxchi,1342,1416,A3,02A,A6,0.14933795261290886
Maxchi,3177,3228,A3,02B,A6,0.14453155296608708
Maxchi,522,534,A3,02G,A6,2.7845262743526553e-05
Maxchi,4478,4523,A3,A2D,A6,0.37707564502770063
Maxchi,429,499,A3,A5U,A6,0.03291657319508394
Maxchi,3472,3523,A3,A6,AD,0.17299813799053176
Maxchi,5598,5639,A3,A6,AE,0.09679332626001345
Maxchi,3500,3558,A3,A6,BC,0.25833671833793737
Maxchi,427,489,A3,A6,BF,1.2673037662560102e-06
Maxchi,2037,2086,A3,A6,BF1,0.3029563382661796
Maxchi,1959,2012,A3,A6,BG,0.2820769488690184
Maxchi,3500,3558,A3,A6,C2U,0.25833671833793737
Maxchi,3565,3611,A3,A6,CD,0.5561135890495763
Maxchi,488,540,A3,A6,CPZ,0.03214042608077431
Maxchi,2695,2747,A3,A6,DF,0.1143861324612891
Maxchi,496,507,A3,A6,H,0.00700998715358736
Maxchi,3917,3965,A3,A6,J,0.036713856362704134
Maxchi,3747,3794,A3,01C,AD,0.3280144636896625
Maxchi,536,626,A3,02G,AD,1.3124300264043252e-17
Maxchi,3432,3478,A3,AD,C2U,0.0022344930901933677
Maxchi,493,540,A3,AD,CPZ,0.000200888864318128
Maxchi,6374,6422,A3,01A1,AE,1.1673322848445984e-06
Maxchi,6560,6603,A3,01B,AE,9.634547011046045e-05
Maxchi,5361,5411,A3,01C,AE,0.37157603897560343
Maxchi,530,614,A3,02G,AE,1.2927618523545466e-21
Maxchi,5387,5435,A3,A2D,AE,0.4385780260809997
Maxchi,843,891,A3,A5U,AE,9.225548870819634e-06
Maxchi,5788,5841,A3,AD,AE,0.03634757461947043
Maxchi,5979,6021,A3,AE,AG,0.0609636867234926
Maxchi,2721,2756,A3,AE,BC,0.08614510965516994
Maxchi,401,453,A3,AE,BF,8.297490572334454e-12
Maxchi,1466,1524,A3,AE,BF1,0.04053353995244688
Maxchi,2904,2958,A3,AE,BG,0.14791063478198924
Maxchi,493,540,A3,AE,CPZ,0.000200888864318128
Maxchi,2789,2835,A3,AE,DF,0.597117547038811
Maxchi,3988,4035,A3,AE,cpx,0.1724327444351322
Maxchi,5977,6026,A3,01A1,AG,0.07985619377351649
Maxchi,5952,5998,A3,01B,AG,0.1267133408950835
Maxchi,3996,4053,A3,01C,AG,0.16433515929868403
Maxchi,4269,4321,A3,02A,AG,0.16324511732377256
Maxchi,8354,8404,A3,02B,AG,0.14392752967609276
Maxchi,536,626,A3,02G,AG,5.106063945739813e-18
Maxchi,7460,7522,A3,A2D,AG,0.04734356152131098
Maxchi,845,900,A3,A5U,AG,9.280186701164918e-05
Maxchi,2640,2699,A3,AG,BC,0.15717788380531877
Maxchi,401,453,A3,AG,BF,8.297490572334454e-12
Maxchi,1382,1453,A3,AG,BF1,0.005725572054064959
Maxchi,2973,3022,A3,AG,BG,0.04087153408900628
Maxchi,2031,2082,A3,AG,C2U,0.21650431823343635
Maxchi,3418,3460,A3,AG,CD,0.0541557513370829
Maxchi,493,540,A3,AG,CPZ,0.000200888864318128
Maxchi,2703,2751,A3,AG,DF,0.08712639768860227
Maxchi,3012,3067,A3,01C,B,0.3694622919234679
Maxchi,1059,1112,A3,02A,B,0.03492039587384793
Maxchi,3035,3083,A3,02B,B,0.38273308888522595
Maxchi,484,537,A3,02G,B,0.07260450712994107
Maxchi,3415,3466,A3,A1D,B,0.19022089119343874
Maxchi,3035,3083,A3,A2D,B,0.38273308888522595
Maxchi,842,885,A3,A5U,B,1.0660710952231446e-06
Maxchi,3225,3280,A3,AE,B,0.07788706738662647
Maxchi,4227,4290,A3,AG,B,0.12243929722325328
Maxchi,2643,2700,A3,B,BC,0.061406902037009874
Maxchi,374,432,A3,B,BF,4.4827145239084755e-09
Maxchi,1470,1524,A3,B,BF1,0.34249306583679656
Maxchi,1690,1748,A3,B,BG,2.285894105489244e-05
Maxchi,3243,3293,A3,B,C,0.08172275229865922
Maxchi,2398,2435,A3,B,C2U,0.010046562428717057
Maxchi,3548,3594,A3,B,CD,0.21770722364827336
Maxchi,445,496,A3,B,CPZ,0.37767314101018723
Maxchi,4209,4253,A3,B,D,0.20014460467787726
Maxchi,2702,2748,A3,B,DF,0.03197195617764869
Maxchi,2963,3012,A3,B,F1,0.2507309820013701
Maxchi,2901,2957,A3,B,F2,0.1109298529459056
Maxchi,527,598,A3,B,H,1.3622857638656046e-09
Maxchi,2911,2962,A3,B,J,0.7665307421596781
Maxchi,2901,2957,A3,B,K,0.1109298529459056
Maxchi,1754,1829,A3,B,L,2.4388581141544746e-06
Maxchi,2066,2123,A3,B,cpx,0.030447661887903914
Maxchi,531,607,A3,01C,B.FR.83.HXBLAI_IIIB_BRU.K03455,2.115235616495477e-13
Maxchi,360,412,A3,02A,B.FR.83.HXBLAI_IIIB_BRU.K03455,0.004229127697816718
Maxchi,260,369,A3,02G,B.FR.83.HXBLAI_IIIB_BRU.K03455,9.732484224413035e-21
Maxchi,442,505,A3,A6,B.FR.83.HXBLAI_IIIB_BRU.K03455,0.08065950821009218
Maxchi,505,513,A3,B.FR.83.HXBLAI_IIIB_BRU.K03455,BC,0.040356572798745265
Maxchi,210,402,A3,B.FR.83.HXBLAI_IIIB_BRU.K03455,BF,4.070822045386692e-52
Maxchi,375,426,A3,B.FR.83.HXBLAI_IIIB_BRU.K03455,BF1,6.586857658927861e-12
Maxchi,370,372,A3,B.FR.83.HXBLAI_IIIB_BRU.K03455,BG,1.5374597944280386e-12
Maxchi,432,492,A3,B.FR.83.HXBLAI_IIIB_BRU.K03455,C2U,0.3207769927915025
Maxchi,428,460,A3,B.FR.83.HXBLAI_IIIB_BRU.K03455,CD,0.023202545863181868
Maxchi,450,500,A3,B.FR.83.HXBLAI_IIIB_BRU.K03455,DF,1.0
Maxchi,869,922,A3,B.FR.83.HXBLAI_IIIB_BRU.K03455,F2,0.007702071971950538
Maxchi,495,534,A3,B.FR.83.HXBLAI_IIIB_BRU.K03455,G,0.1339235587547078
Maxchi,531,606,A3,B.FR.83.HXBLAI_IIIB_BRU.K03455,J,3.387843347875828e-17
Maxchi,850,902,A3,B.FR.83.HXBLAI_IIIB_BRU.K03455,K,0.00012961927137207353
Maxchi,443,445,A3,B.FR.83.HXBLAI_IIIB_BRU.K03455,cpx,7.87343685439857e-09
Maxchi,2769,2822,A3,01A1,BC,0.15714856017144727
Maxchi,2710,2757,A3,01B,BC,0.2642736441442045
Maxchi,3402,3452,A3,01C,BC,0.4404006981390033
Maxchi,2446,2486,A3,02B,BC,0.07481538764034237
Maxchi,518,536,A3,02G,BC,0.0004615437876544122
Maxchi,3482,3511,A3,A2D,BC,0.0332483617250299
Maxchi,484,530,A3,A5U,BC,0.1041006583396692
Maxchi,3469,3521,A3,AD,BC,0.09651730063744042
Maxchi,431,505,A3,BC,BF,2.458641488436838e-11
Maxchi,1908,1963,A3,BC,BF1,0.0002071537038464076
Maxchi,2166,2222,A3,BC,C2U,0.0016274034622721736
Maxchi,2037,2085,A3,BC,CD,0.00259117870631212
Maxchi,446,493,A3,BC,CPZ,0.05133204372249204
Maxchi,401,453,A3,01A1,BF,8.297490572334454e-12
Maxchi,401,453,A3,01B,BF,8.297490572334454e-12
Maxchi,401,453,A3,01C,BF,8.297490572334454e-12
Maxchi,539,606,A3,02A,BF,3.039447952466401e-14
Maxchi,401,453,A3,02B,BF,8.297490572334454e-12
Maxchi,442,484,A3,02G,BF,0.07007553859334137
Maxchi,401,453,A3,A1D,BF,8.297490572334454e-12
Maxchi,401,453,A3,A2D,BF,8.297490572334454e-12
Maxchi,210,402,A3,A5U,BF,4.070822045386692e-52
Maxchi,401,453,A3,AD,BF,8.297490572334454e-12
Maxchi,401,453,A3,BF,BF1,8.297490572334454e-12
Maxchi,556,606,A3,BF,BG,6.64210569544872e-13
Maxchi,401,453,A3,BF,C2U,8.297490572334454e-12
Maxchi,401,451,A3,BF,CPZ,1.0932219338166523e-11
Maxchi,1407,1466,A3,02B,BF1,0.0683780184609829
Maxchi,516,534,A3,02G,BF1,0.00024478733822722726
Maxchi,1679,1721,A3,BF1,C2U,0.002692273778387561
Maxchi,488,540,A3,BF1,CPZ,0.2110936711315774
Maxchi,2904,2958,A3,01A1,BG,0.14791063478198924
Maxchi,522,534,A3,02G,BG,2.5658801538431853e-05
Maxchi,369,376,A3,A5U,BG,0.00035871294143977614
Maxchi,2904,2958,A3,AD,BG,0.023630764961826558
Maxchi,464,526,A3,BG,CPZ,1.5181674260343863e-06
Maxchi,3300,3340,A3,01A1,C,0.29618806411577875
Maxchi,3345,3401,A3,01B,C,0.15976271723788146
Maxchi,483,533,A3,02G,C,0.4559647442223559
Maxchi,3366,3416,A3,A2D,C,0.4444388225040351
Maxchi,842,885,A3,A5U,C,1.0660710952231446e-06
Maxchi,3345,3401,A3,AE,C,0.15976271723788146
Maxchi,3422,3471,A3,AG,C,0.07359232589922039
Maxchi,2475,2520,A3,BC,C,0.27860089124263504
Maxchi,432,493,A3,BF,C,0.011339814227162912
Maxchi,1663,1732,A3,BF1,C,0.0004210446451110425
Maxchi,2444,2481,A3,BG,C,0.2900470430093342
Maxchi,1936,1983,A3,C,C2U,0.0014629380621337686
Maxchi,3234,3278,A3,C,CD,0.17111611587242725
Maxchi,488,540,A3,C,CPZ,0.06185608512214484
Maxchi,3233,3292,A3,C,D,0.018165422073494735
Maxchi,2035,2081,A3,C,DF,0.040242638907945785
Maxchi,1516,1570,A3,C,F1,0.0056700423502709105
Maxchi,3000,3069,A3,C,F2,0.17595266046892485
Maxchi,927,981,A3,C,H,0.062437366255472235
Maxchi,2255,2287,A3,C,J,0.13811214384195825
Maxchi,3242,3293,A3,C,K,0.4132125666168054
Maxchi,1935,1986,A3,02B,C2U,0.0007263108891280211
Maxchi,488,540,A3,C2U,CPZ,0.07142345772985215
Maxchi,3422,3474,A3,01A1,CD,0.06683161760140156
Maxchi,3542,3582,A3,01B,CD,0.05898648270291226
Maxchi,994,1049,A3,02A,CD,0.16087648823874612
Maxchi,484,537,A3,02G,CD,0.014243531972557769
Maxchi,3421,3468,A3,A2D,CD,0.13984079645897296
Maxchi,3419,3459,A3,AD,CD,0.18342992226453003
Maxchi,376,435,A3,BF,CD,0.10207938441873741
Maxchi,1691,1743,A3,BF1,CD,8.014475703110868e-05
Maxchi,1171,1221,A3,BG,CD,0.4028436382206022
Maxchi,3119,3163,A3,C2U,CD,0.37962070698355765
Maxchi,837,890,A3,CD,CPZ,0.0005513817874990981
Maxchi,4903,4962,A3,01A1,D,0.2076801858463091
Maxchi,2767,2822,A3,02A,D,0.07298939579298605
Maxchi,527,607,A3,02G,D,4.2157156876150035e-15
Maxchi,3416,3472,A3,A1D,D,0.026720729767797213
Maxchi,6614,6665,A3,A2D,D,0.00016769646520810097
Maxchi,832,887,A3,A5U,D,0.000444279044711087
Maxchi,6877,6929,A3,AG,D,0.0894942612169614
Maxchi,3419,3471,A3,BC,D,0.14924017631488318
Maxchi,401,453,A3,BF,D,8.297490572334454e-12
Maxchi,1451,1524,A3,BF1,D,0.054800018295517755
Maxchi,1233,1295,A3,BG,D,0.0386573499698797
Maxchi,3193,3249,A3,C2U,D,0.04335175126086287
Maxchi,3898,3919,A3,CD,D,0.05681102793472758
Maxchi,493,540,A3,CPZ,D,0.000200888864318128
Maxchi,3902,3939,A3,D,DF,0.0452346695723441
Maxchi,2959,3003,A3,D,F1,0.3133668100102071
Maxchi,4012,4064,A3,D,F2,0.15818524058766825
Maxchi,929,985,A3,D,H,0.035948392465804606
Maxchi,2976,3035,A3,D,J,0.02825595992478512
Maxchi,2591,2643,A3,D,L,0.17405490565693665
Maxchi,3374,3423,A3,D,cpx,0.24007275998246008
Maxchi,3695,3741,A3,01A1,DF,0.4125656435083743
Maxchi,3695,3741,A3,01B,DF,0.6109085037839722
Maxchi,2772,2818,A3,01C,DF,0.027673735772976004
Maxchi,2702,2748,A3,02A,DF,0.03197195617764869
Maxchi,484,537,A3,02G,DF,0.014243531972557769
Maxchi,3348,3403,A3,A1D,DF,0.027650832916516908
Maxchi,3646,3697,A3,A2D,DF,0.27892254528121196
Maxchi,429,479,A3,A5U,DF,1.0
Maxchi,2702,2748,A3,AD,DF,0.03197195617764869
Maxchi,2446,2486,A3,BC,DF,0.07481538764034237
Maxchi,423,509,A3,BF,DF,1.0011595102859698e-14
Maxchi,1698,1752,A3,BF1,DF,0.19043026382552036
Maxchi,2211,2278,A3,C2U,DF,0.008731458696584815
Maxchi,3548,3594,A3,CD,DF,0.21770722364827336
Maxchi,446,493,A3,CPZ,DF,0.1488043510263838
Maxchi,3294,3345,A3,01A1,F1,0.07497618681345282
Maxchi,3270,3294,A3,01B,F1,0.01529337103019897
Maxchi,2043,2091,A3,01C,F1,0.0008046876416661705
Maxchi,517,534,A3,02G,F1,0.0004279213170421814
Maxchi,1059,1109,A3,A2D,F1,0.03931332269258642
Maxchi,369,426,A3,A5U,F1,5.658725230366511e-11
Maxchi,3024,3075,A3,AD,F1,0.42690092221300424
Maxchi,3270,3294,A3,AE,F1,0.01529337103019897
Maxchi,3177,3229,A3,AG,F1,0.616824393298769
Maxchi,1780,1826,A3,BC,F1,0.1368398298442949
Maxchi,420,491,A3,BF,F1,0.21572134789018904
Maxchi,1460,1509,A3,BF1,F1,0.0473302084081901
Maxchi,938,985,A3,BG,F1,0.21772689114790517
Maxchi,1633,1677,A3,C2U,F1,0.0010871842043741883
Maxchi,2772,2826,A3,CD,F1,0.09714740739052544
Maxchi,485,534,A3,CPZ,F1,0.08836671477814495
Maxchi,1694,1742,A3,DF,F1,0.00013010637040631028
Maxchi,3419,3471,A3,F1,F2,0.048286107676681664
Maxchi,369,426,A3,F1,H,5.658725230366511e-11
Maxchi,1968,2018,A3,F1,J,0.026646004245834395
Maxchi,3175,3220,A3,F1,K,0.06678226686518011
Maxchi,874,928,A3,F1,L,0.09113995227243188
Maxchi,1669,1720,A3,F1,cpx,5.0372388031186045e-05
Maxchi,4962,5021,A3,01A1,F2,0.2076801858463091
Maxchi,4436,4490,A3,01B,F2,0.0031707955283715333
Maxchi,3130,3178,A3,01C,F2,0.6365702710137531
Maxchi,526,590,A3,02G,F2,8.314264169741111e-18
Maxchi,4063,4107,A3,A2D,F2,0.035938930574022566
Maxchi,4436,4490,A3,AE,F2,0.0031707955283715333
Maxchi,5161,5215,A3,AG,F2,0.29869755599496717
Maxchi,3065,3103,A3,BC,F2,0.010143085527759926
Maxchi,401,453,A3,BF,F2,2.4524456141090814e-11
Maxchi,1473,1516,A3,BF1,F2,0.11325291261035528
Maxchi,2715,2764,A3,BG,F2,0.06028178024706616
Maxchi,3046,3106,A3,C2U,F2,0.18211784398568487
Maxchi,3324,3374,A3,CD,F2,0.060060459638177535
Maxchi,495,545,A3,CPZ,F2,2.587946757239265e-07
Maxchi,3636,3686,A3,DF,F2,0.0740225429253814
Maxchi,2818,2863,A3,F2,G,0.17962235213857886
Maxchi,3041,3103,A3,F2,J,0.04902753525313121
Maxchi,5064,5111,A3,F2,K,0.13814002768844455
Maxchi,2643,2697,A3,F2,L,0.0362965660874164
Maxchi,2036,2088,A3,F2,cpx,0.08177240264980368
Maxchi,3994,4044,A3,01A1,G,0.017308079191430174
Maxchi,3240,3290,A3,01C,G,0.20823060201472043
Maxchi,3807,3866,A3,02B,G,0.01660749069621049
Maxchi,511,522,A3,02G,G,0.00038703881433975267
Maxchi,3415,3466,A3,A1D,G,0.19022089119343874
Maxchi,487,534,A3,A5U,G,0.02735335227921929
Maxchi,3895,3963,A3,AD,G,0.01136121804035912
Maxchi,2446,2486,A3,BC,G,0.07481538764034237
Maxchi,432,493,A3,BF,G,6.354923713721033e-07
Maxchi,1957,2012,A3,BF1,G,0.10558779671958801
Maxchi,3447,3499,A3,BG,G,0.27147033855121266
Maxchi,494,540,A3,CPZ,G,0.6388335867651601
Maxchi,505,535,A3,G,H,0.0777598964393294
Maxchi,2910,2961,A3,G,J,0.7093926152120082
Maxchi,1709,1768,A3,G,L,0.010672111520734297
Maxchi,2818,2863,A3,G,cpx,0.17962235213857886
Maxchi,925,975,A3,01A1,H,0.04847637860752728
Maxchi,531,606,A3,01C,H,5.984161494987211e-14
Maxchi,360,411,A3,02A,H,0.0013055924087956078
Maxchi,895,946,A3,02B,H,0.07743425756099533
Maxchi,291,341,A3,02G,H,1.0
Maxchi,402,428,A3,A1D,H,9.31521738686139e-16
Maxchi,947,998,A3,A2D,H,0.02462475232108902
Maxchi,505,525,A3,BC,H,0.2648082565497143
Maxchi,210,402,A3,BF,H,4.070822045386692e-52
Maxchi,375,426,A3,BF1,H,6.586857658927861e-12
Maxchi,370,380,A3,BG,H,0.0035811640331237355
Maxchi,431,492,A3,C2U,H,0.04504181504776252
Maxchi,443,463,A3,CD,H,0.009748109126736945
Maxchi,250,260,A3,CPZ,H,1.4958258446518184e-05
Maxchi,457,507,A3,DF,H,1.0
Maxchi,541,626,A3,H,J,1.3164709968801864e-17
Maxchi,309,359,A3,H,L,1.0
Maxchi,441,453,A3,H,cpx,8.721835402928461e-06
Maxchi,3418,3465,A3,01A1,J,0.35446435363759254
Maxchi,3231,3282,A3,01C,J,0.2673925614249656
Maxchi,2029,2076,A3,02A,J,0.01400324917617834
Maxchi,3061,3108,A3,02B,J,0.14409280819553322
Maxchi,484,537,A3,02G,J,0.27303869639054523
Maxchi,3367,3412,A3,A1D,J,0.6732139520792668
Maxchi,3061,3108,A3,A2D,J,0.14409280819553322
Maxchi,511,561,A3,A5U,J,1.0
Maxchi,3294,3343,A3,AG,J,0.3167711564485574
Maxchi,440,605,A3,BF,J,3.9233864925612834e-43
Maxchi,1977,2027,A3,BF1,J,0.016859358483873304
Maxchi,2464,2485,A3,C2U,J,0.01676931054046747
Maxchi,3324,3374,A3,CD,J,0.060060459638177535
Maxchi,457,499,A3,CPZ,J,0.0006568773457800324
Maxchi,2695,2747,A3,DF,J,0.002681103402024286
Maxchi,3061,3108,A3,J,K,0.14409280819553322
Maxchi,1881,1926,A3,J,L,0.04069303307508306
Maxchi,4934,4983,A3,01A1,K,0.3167711564485574
Maxchi,3239,3280,A3,01C,K,0.3326180007991437
Maxchi,2892,2940,A3,02A,K,0.01150960340452948
Maxchi,530,614,A3,02G,K,8.02333937992593e-15
Maxchi,6625,6674,A3,A2D,K,0.246462338214966
Maxchi,842,885,A3,A5U,K,1.0660710952231446e-06
Maxchi,3402,3452,A3,BC,K,0.4404006981390033
Maxchi,401,453,A3,BF,K,8.297490572334454e-12
Maxchi,1457,1509,A3,BF1,K,0.07791120702910179
Maxchi,2715,2765,A3,BG,K,0.2971465303484674
Maxchi,3333,3381,A3,C2U,K,0.27526836670765165
Maxchi,3324,3374,A3,CD,K,0.060060459638177535
Maxchi,493,540,A3,CPZ,K,0.000200888864318128
Maxchi,3586,3636,A3,DF,K,0.37472188874758583
Maxchi,565,633,A3,K,L,0.14596398472196515
Maxchi,3636,3683,A3,K,cpx,0.5763344851038643
Maxchi,3078,3126,A3,01A1,L,0.12133525035848208
Maxchi,1967,2016,A3,01C,L,0.5628691527705981
Maxchi,568,639,A3,02A,L,1.272367839526967e-26
Maxchi,2694,2747,A3,02B,L,0.1060551228984355
Maxchi,521,606,A3,02G,L,1.053796163132069e-17
Maxchi,628,667,A3,A1D,L,0.060455061726855136
Maxchi,628,667,A3,A2D,L,0.060455061726855136
Maxchi,304,354,A3,A5U,L,1.0
Maxchi,628,667,A3,AD,L,0.060455061726855136
Maxchi,2746,2810,A3,AG,L,0.1190475952088681
Maxchi,1633,1684,A3,BC,L,0.09721259322024697
Maxchi,512,562,A3,BF,L,1.0
Maxchi,938,985,A3,BF1,L,0.21772689114790517
Maxchi,552,606,A3,BG,L,1.62739190068166e-16
Maxchi,1401,1452,A3,CD,L,0.013280509866681521
Maxchi,516,606,A3,CPZ,L,4.366535804587951e-17
Maxchi,1629,1684,A3,DF,L,0.0006139053750063011
Maxchi,552,606,A3,L,cpx,1.62739190068166e-16
Maxchi,3988,4035,A3,01A1,cpx,0.004889036728784745
Maxchi,3988,4035,A3,01B,cpx,0.1724327444351322
Maxchi,1959,2012,A3,02A,cpx,0.03101704604734619
Maxchi,3696,3744,A3,02B,cpx,0.4385780260809997
Maxchi,521,535,A3,02G,cpx,0.0006955970567137426
Maxchi,2028,2074,A3,A1D,cpx,0.4365769098536174
Maxchi,450,458,A3,A5U,cpx,2.753800770030103e-07
Maxchi,1975,2026,A3,BC,cpx,0.5507120224520914
Maxchi,426,590,A3,BF,cpx,3.624620830443607e-53
Maxchi,1649,1709,A3,BF1,cpx,0.008132306717391149
Maxchi,1712,1769,A3,BG,cpx,8.099031937076812e-05
Maxchi,1972,2020,A3,C2U,cpx,0.4385780260809997
Maxchi,1975,2026,A3,CD,cpx,0.5507120224520914
Maxchi,464,526,A3,CPZ,cpx,2.6071631969666856e-05
Maxchi,897,950,A5U,01B,A2D,0.00031817239808038704
Maxchi,206,254,A5U,01C,CPZ,0.1485617748918645
Maxchi,360,411,A5U,01C,02A,0.0035380567419032536
Maxchi,360,411,A5U,02A,02B,0.0035380567419032536
Maxchi,360,411,A5U,02A,C2U,0.0035380567419032536
Maxchi,454,505,A5U,02A,CPZ,0.005268493125600769
Maxchi,206,254,A5U,02B,CPZ,0.1485617748918645
Maxchi,236,298,A5U,02A,02G,4.738855851327087e-15
Maxchi,841,891,A5U,01A1,A1,0.000128571740086233
Maxchi,343,391,A5U,02A,A1D,1.5614568861138313e-05
Maxchi,844,891,A5U,02B,A1D,0.0001628130354796409
Maxchi,206,254,A5U,A1D,CPZ,0.1485617748918645
Maxchi,895,945,A5U,A2,AD,3.486720269662246e-05
Maxchi,893,941,A5U,A2,AE,0.000557983104742732
Maxchi,822,878,A5U,A2,G,1.3860872706929837e-05
Maxchi,844,893,A5U,A1D,A2D,9.938231598434423e-08
Maxchi,844,893,A5U,A2D,C2U,9.938231598434423e-08
Maxchi,843,893,A5U,A2D,A3,3.789076832375651e-07
Maxchi,899,954,A5U,A3,AD,0.050873225879901694
Maxchi,839,892,A5U,A3,CD,0.24611070390625395
Maxchi,841,891,A5U,A3,F2,0.00017943103751255775
Maxchi,843,896,A5U,A3,H,0.028795865843099528
Maxchi,888,939,A5U,A6,AG,0.007320022046622155
Maxchi,844,891,A5U,A6,H,1.3757183230788339e-06
Maxchi,360,411,A5U,02A,AD,0.003538056741903253
Maxchi,844,899,A5U,02B,AD,0.0012641459796392772
Maxchi,844,893,A5U,AD,C2U,4.5018656593608436e-08
Maxchi,206,254,A5U,AD,CPZ,0.1485617748918645
Maxchi,914,961,A5U,01B,AE,0.013618935396590422
Maxchi,843,897,A5U,A2D,AE,0.0001340099208146325
Maxchi,888,939,A5U,AE,AG,0.007320022046622155
Maxchi,844,896,A5U,01B,AG,0.01029005997138441
Maxchi,888,939,A5U,AD,AG,0.007320022046622155
Maxchi,758,815,A5U,01C,B,0.14277741056413987
Maxchi,768,812,A5U,B,CD,0.07276531122200532
Maxchi,895,946,A5U,B,D,0.006812447066190345
Maxchi,756,813,A5U,B,DF,0.09272234664186566
Maxchi,844,891,A5U,02B,B.FR.83.HXBLAI_IIIB_BRU.K03455,0.0001628130354796409
Maxchi,828,885,A5U,B,B.FR.83.HXBLAI_IIIB_BRU.K03455,0.0003606275511920053
Maxchi,810,864,A5U,BC,C2U,0.23173562514652768
Maxchi,206,254,A5U,BF1,CPZ,0.1485617748918645
Maxchi,764,815,A5U,01C,C,0.6857283369222751
Maxchi,402,452,A5U,A1D,C,6.581855185118754e-10
Maxchi,844,893,A5U,A2D,C,9.938231598434423e-08
Maxchi,371,414,A5U,01C,C2U,2.968652864144012e-05
Maxchi,844,891,A5U,02B,C2U,0.0001628130354796409
Maxchi,206,254,A5U,C2U,CPZ,0.1485617748918645
Maxchi,844,891,A5U,02B,CD,0.0001628130354796409
Maxchi,844,891,A5U,02B,D,0.0004964287468260845
Maxchi,895,934,A5U,CD,D,0.15075490956012208
Maxchi,832,887,A5U,CD,DF,8.585026952838033e-05
Maxchi,844,892,A5U,AD,F1,9.1351480712357e-09
Maxchi,843,891,A5U,AE,F1,9.225548870819634e-06
Maxchi,427,484,A5U,BG,F1,0.00550733333131718
Maxchi,895,945,A5U,A2D,G,2.2258169951143456e-05
Maxchi,895,945,A5U,AD,G,3.486720269662246e-05
Maxchi,866,914,A5U,01B,H,1.464969221195145e-05
Maxchi,843,899,A5U,AD,H,0.0029773003214412738
Maxchi,899,954,A5U,AE,H,0.03642268544897811
Maxchi,844,891,A5U,02B,K,0.0001628130354796409
Maxchi,406,430,A5U,02G,L,0.010983406904692326
Maxchi,843,899,A5U,AD,cpx,0.027264747229318775
Maxchi,5339,5392,A6,01A1,01C,0.17194562366046198
Maxchi,1685,1752,A6,01A1,02A,0.06305916253965893
Maxchi,4341,4392,A6,01A1,02B,0.39095930818001245
Maxchi,529,612,A6,01A1,02G,1.7852139048086722e-30
Maxchi,429,482,A6,01A1,A5U,0.041236031403948326
Maxchi,5098,5148,A6,01B,01C,0.3489716531497422
Maxchi,3990,4032,A6,01B,02A,0.029737642016301476
Maxchi,530,614,A6,01B,02G,3.879600368549148e-22
Maxchi,3055,3072,A6,01B,A1D,0.0021715444362551723
Maxchi,4424,4474,A6,01B,A2D,0.04658432507285573
Maxchi,914,962,A6,01B,A5U,0.029096331741252254
Maxchi,5103,5152,A6,01B,AD,0.03449647366577615
Maxchi,2041,2088,A6,01B,C2U,0.02512361017510627
Maxchi,582,631,A6,01C,CPZ,0.21073594293006678
Maxchi,2112,2152,A6,01C,02A,0.07481538764034237
Maxchi,1901,1959,A6,02A,C2U,0.01997216598717615
Maxchi,906,948,A6,02A,CPZ,6.023530742288518e-05
Maxchi,2036,2093,A6,01C,02G,0.03588805011222495
Maxchi,522,534,A6,02B,02G,2.7845262743526553e-05
Maxchi,1979,2036,A6,02G,A1D,0.04474339368567391
Maxchi,1320,1369,A6,02G,CPZ,0.277339031200013
Maxchi,360,411,A6,02A,A,0.002940932104495999
Maxchi,287,337,A6,02G,A,1.0
Maxchi,399,451,A6,A,A1D,2.5776231543906927e-08
Maxchi,210,402,A6,A,BF,4.070822045386692e-52
Maxchi,373,423,A6,A,BF1,7.764036537930667e-09
Maxchi,376,430,A6,A,BG,0.004569109180048859
Maxchi,305,355,A6,A,L,1.0
Maxchi,2871,2913,A6,01C,A1D,0.29311395567330734
Maxchi,1989,2031,A6,02A,A1D,0.04207999381462857
Maxchi,3481,3540,A6,02B,A1D,0.0074666085072578135
Maxchi,654,706,A6,A1D,CPZ,0.014153853241884815
Maxchi,3439,3488,A6,01B,A2,0.02444360077279831
Maxchi,3744,3800,A6,01C,A2,0.23463467980673397
Maxchi,2330,2374,A6,02A,A2,0.04158996056993887
Maxchi,893,941,A6,A2,A5U,8.169206634632083e-06
Maxchi,3407,3466,A6,A2,AE,0.09397934754463197
Maxchi,4400,4441,A6,01A1,A2D,0.10064004008059561
Maxchi,3410,3459,A6,01C,A2D,0.33918594879551245
Maxchi,3401,3459,A6,02A,A2D,0.03400831848016035
Maxchi,3911,3963,A6,02B,A2D,0.6268705560409231
Maxchi,530,614,A6,02G,A2D,3.1966165449780244e-15
Maxchi,2467,2513,A6,A1D,A2D,0.4000558211954882
Maxchi,844,898,A6,A2D,A5U,0.00029894548399531394
Maxchi,1994,2038,A6,A2D,BF1,0.011576211195160568
Maxchi,5339,5398,A6,A3,AG,0.04658533874074855
Maxchi,900,954,A6,01C,A5U,0.010327911545815435
Maxchi,360,411,A6,02A,A5U,0.0035380567419032536
Maxchi,844,896,A6,02B,A5U,0.0009968900964395465
Maxchi,286,336,A6,02G,A5U,1.0
Maxchi,399,451,A6,A1D,A5U,2.5776231543906927e-08
Maxchi,428,496,A6,A5U,AD,0.03925033046769265
Maxchi,372,422,A6,A5U,BF1,7.764036537930667e-09
Maxchi,411,452,A6,A5U,C2U,5.94806621313127e-09
Maxchi,206,254,A6,A5U,CPZ,0.1485617748918645
Maxchi,3228,3282,A6,01C,AD,0.5626088006441319
Maxchi,1452,1503,A6,02A,AD,0.17565379044469132
Maxchi,4010,4056,A6,02B,AD,0.37791461106807545
Maxchi,2034,2086,A6,A1D,AD,0.00042522547014526104
Maxchi,5876,5918,A6,01A1,AE,0.027821017683307286
Maxchi,6366,6432,A6,01B,AE,1.941183379375392e-05
Maxchi,5832,5881,A6,01C,AE,0.04970679873938281
Maxchi,1508,1548,A6,02A,AE,0.023894698252849077
Maxchi,530,614,A6,02G,AE,1.2927618523545466e-21
Maxchi,3057,3072,A6,A1D,AE,0.010849724377451925
Maxchi,4402,4445,A6,A2D,AE,0.2520022284410334
Maxchi,914,962,A6,A5U,AE,0.029096331741252254
Maxchi,5103,5152,A6,AD,AE,0.13444713223501648
Maxchi,5254,5303,A6,AE,AG,0.06527383428254761
Maxchi,402,446,A6,AE,BF,1.5369558215363385e-11
Maxchi,3687,3740,A6,AE,CD,0.48794494433185076
Maxchi,2985,3034,A6,AE,cpx,0.4245873525849071
Maxchi,5264,5323,A6,01A1,AG,0.044783847821724204
Maxchi,5220,5275,A6,01B,AG,0.30114246265035294
Maxchi,1657,1717,A6,02A,AG,0.04370825309927347
Maxchi,4924,4950,A6,02B,AG,0.019426073690470384
Maxchi,4523,4567,A6,A2D,AG,0.3117479638894022
Maxchi,3582,3658,A6,AG,BC,0.025306184024859808
Maxchi,402,446,A6,AG,BF,1.5369558215363385e-11
Maxchi,2924,2998,A6,AG,BG,0.031080270228512733
Maxchi,2008,2047,A6,AG,C2U,0.0038108481398419127
Maxchi,3743,3795,A6,01C,B,0.40985046326697283
Maxchi,1759,1838,A6,02A,B,1.2082452931968051e-06
Maxchi,2769,2822,A6,02B,B,0.0158162029037236
Maxchi,3825,3871,A6,A2D,B,0.24560212109555257
Maxchi,2769,2822,A6,AG,B,0.2938316813367493
Maxchi,6496,6545,A6,B,BC,0.0016595318615088219
Maxchi,432,490,A6,B,BF,2.471864153415548e-07
Maxchi,1987,2039,A6,B,BF1,0.03192609407480806
Maxchi,2445,2464,A6,B,C,0.011354088426953233
Maxchi,2942,3003,A6,B,CD,0.030657619119312075
Maxchi,650,702,A6,B,CPZ,0.39991593492886246
Maxchi,2951,2988,A6,B,D,0.13369298547959765
Maxchi,9438,9492,A6,B,DF,1.3258385520948481e-12
Maxchi,1692,1748,A6,B,F1,0.0005081673576348411
Maxchi,3018,3070,A6,B,F2,0.07976946624931412
Maxchi,3422,3474,A6,B,J,0.048286107676681664
Maxchi,3692,3748,A6,B,K,0.1290077176080548
Maxchi,1405,1452,A6,B,L,0.4235553192729382
Maxchi,2987,3034,A6,B,cpx,0.08625948888169727
Maxchi,360,412,A6,02A,B.FR.83.HXBLAI_IIIB_BRU.K03455,0.004229127697816718
Maxchi,260,369,A6,02G,B.FR.83.HXBLAI_IIIB_BRU.K03455,9.732484224413035e-21
Maxchi,400,452,A6,A1D,B.FR.83.HXBLAI_IIIB_BRU.K03455,7.51329020901027e-08
Maxchi,210,402,A6,B.FR.83.HXBLAI_IIIB_BRU.K03455,BF,4.070822045386692e-52
Maxchi,372,422,A6,B.FR.83.HXBLAI_IIIB_BRU.K03455,BF1,7.764036537930667e-09
Maxchi,370,372,A6,B.FR.83.HXBLAI_IIIB_BRU.K03455,BG,1.5374597944280386e-12
Maxchi,427,450,A6,B.FR.83.HXBLAI_IIIB_BRU.K03455,CD,0.04138940400914914
Maxchi,701,740,A6,B.FR.83.HXBLAI_IIIB_BRU.K03455,DF,0.27907513946709495
Maxchi,3411,3452,A6,01C,BC,0.5527308893418839
Maxchi,1698,1763,A6,02A,BC,0.0011174468455994334
Maxchi,2469,2510,A6,02B,BC,0.3231411294182843
Maxchi,868,923,A6,02G,BC,0.13519139141025022
Maxchi,3513,3568,A6,A2D,BC,0.22052145562471215
Maxchi,723,772,A6,A5U,BC,0.732118262296759
Maxchi,431,504,A6,BC,BF,8.286251933374984e-12
Maxchi,1915,1964,A6,BC,BF1,0.005823869118668538
Maxchi,1652,1701,A6,BC,BG,0.11701654474184535
Maxchi,2403,2447,A6,BC,CD,0.1477586915571686
Maxchi,427,489,A6,01A1,BF,1.2673037662560102e-06
Maxchi,427,489,A6,01B,BF,1.2673037662560102e-06
Maxchi,427,489,A6,01C,BF,1.2673037662560102e-06
Maxchi,417,484,A6,02A,BF,8.400066491871667e-11
Maxchi,427,489,A6,02B,BF,1.2673037662560102e-06
Maxchi,416,484,A6,02G,BF,9.30819584951161e-13
Maxchi,430,493,A6,A1D,BF,1.346914614770606e-06
Maxchi,427,489,A6,A2D,BF,1.2673037662560102e-06
Maxchi,210,402,A6,A5U,BF,4.070822045386692e-52
Maxchi,427,489,A6,AD,BF,1.2673037662560102e-06
Maxchi,1473,1527,A6,BF,BF1,0.08018104775921289
Maxchi,416,484,A6,BF,BG,9.30819584951161e-13
Maxchi,1633,1677,A6,BF,C2U,0.0004589944316545945
Maxchi,463,505,A6,BF,CPZ,0.022304777511701682
Maxchi,1971,2022,A6,01C,BF1,0.4903824593603421
Maxchi,1963,2010,A6,02A,BF1,0.46482098940331007
Maxchi,1979,2031,A6,BF1,C2U,0.06067647421012434
Maxchi,2036,2086,A6,01A1,BG,0.2214397326720097
Maxchi,2769,2822,A6,02B,BG,0.05803265502510629
Maxchi,1856,1905,A6,A1D,BG,0.277339031200013
Maxchi,321,376,A6,A5U,BG,0.03151754825852103
Maxchi,1694,1750,A6,BF1,BG,0.04187669984881944
Maxchi,1694,1750,A6,BG,C2U,0.0008091869638335481
Maxchi,3411,3452,A6,01C,C,0.5527308893418839
Maxchi,1901,1967,A6,02A,C,0.00010398057604067584
Maxchi,3236,3280,A6,02B,C,0.1384482513197134
Maxchi,3399,3450,A6,A2D,C,0.041061231413701424
Maxchi,804,844,A6,A5U,C,0.1958283048011314
Maxchi,3415,3457,A6,AD,C,0.14729913862267172
Maxchi,6611,6663,A6,BC,C,0.0017695498527843948
Maxchi,1461,1510,A6,BF,C,0.014346430335148033
Maxchi,1995,2043,A6,BF1,C,0.01080242039602635
Maxchi,1712,1769,A6,BG,C,0.0001351046817297703
Maxchi,2844,2892,A6,C,C2U,0.156337198788842
Maxchi,2465,2510,A6,C,CD,0.15708950386602136
Maxchi,2225,2256,A6,C,D,0.011931370122949501
Maxchi,2465,2510,A6,C,DF,0.15708950386602136
Maxchi,1754,1805,A6,C,F1,0.0658209489492179
Maxchi,2640,2694,A6,C,F2,0.019420929567756446
Maxchi,6116,6166,A6,C,J,0.004331039182363329
Maxchi,2038,2081,A6,C,K,0.009640766130454628
Maxchi,1980,2028,A6,C,L,8.103683396197326e-05
Maxchi,2951,3002,A6,C,cpx,0.0015000362648869144
Maxchi,3411,3452,A6,01C,C2U,0.5527308893418839
Maxchi,3236,3280,A6,02B,C2U,0.1384482513197134
Maxchi,3746,3793,A6,01A1,CD,0.583882420770365
Maxchi,3687,3741,A6,01B,CD,0.4340986326420413
Maxchi,3467,3526,A6,01C,CD,0.24727184298142293
Maxchi,1744,1798,A6,02A,CD,0.0011704628265036218
Maxchi,3341,3396,A6,02B,CD,0.2817411673796254
Maxchi,949,1002,A6,02G,CD,0.0008062657520735325
Maxchi,3608,3657,A6,A2D,CD,0.03644583370478459
Maxchi,844,891,A6,A5U,CD,1.3757183230788339e-06
Maxchi,3558,3614,A6,AD,CD,0.2765851839602721
Maxchi,1630,1678,A6,BF,CD,0.0022633860701086086
Maxchi,1979,2031,A6,BF1,CD,0.06067647421012434
Maxchi,2640,2699,A6,C2U,CD,0.08190099775856652
Maxchi,3056,3120,A6,01A1,D,0.07705736006635774
Maxchi,4016,4068,A6,01B,D,0.03656658204811522
Maxchi,3081,3128,A6,01C,D,0.32240462936319203
Maxchi,2823,2877,A6,02A,D,0.2005148200799194
Maxchi,527,607,A6,02G,D,4.2157156876150035e-15
Maxchi,3475,3527,A6,A1D,D,0.07437734325249158
Maxchi,3858,3911,A6,A2D,D,0.6268705560409231
Maxchi,900,954,A6,A5U,D,0.34322899914329763
Maxchi,3914,3963,A6,AD,D,0.2986882350656738
Maxchi,4013,4062,A6,AG,D,0.00744191166105344
Maxchi,3422,3475,A6,BC,D,0.008704021446591407
Maxchi,402,446,A6,BF,D,1.5369558215363385e-11
Maxchi,1451,1524,A6,BF1,D,0.054800018295517755
Maxchi,1697,1751,A6,BG,D,0.00048125321611616805
Maxchi,2225,2256,A6,C2U,D,0.011931370122949501
Maxchi,3056,3120,A6,CD,D,0.07705736006635774
Maxchi,4013,4062,A6,D,DF,0.00744191166105344
Maxchi,3056,3120,A6,D,F1,0.07705736006635774
Maxchi,3884,3942,A6,D,F2,0.045486691933149595
Maxchi,3644,3682,A6,D,G,0.10807412087693895
Maxchi,3419,3460,A6,D,J,0.13859362580470708
Maxchi,3635,3692,A6,D,K,0.11283323097186151
Maxchi,1693,1738,A6,D,L,0.12117706814784676
Maxchi,2224,2259,A6,D,cpx,0.0025688315270227164
Maxchi,3091,3156,A6,01A1,DF,0.13668964868823613
Maxchi,3191,3250,A6,01C,DF,0.17519358645933514
Maxchi,1780,1831,A6,02A,DF,0.041061231413701424
Maxchi,2667,2717,A6,A2D,DF,0.20314217319501274
Maxchi,2694,2747,A6,AD,DF,0.015257141378038283
Maxchi,6172,6220,A6,BC,DF,0.014346430335148033
Maxchi,1698,1752,A6,BF,DF,0.5126907602619235
Maxchi,2016,2032,A6,BF1,DF,5.800631546639894e-06
Maxchi,1782,1831,A6,BG,DF,0.04087153408900628
Maxchi,2640,2699,A6,C2U,DF,0.09168802220426732
Maxchi,3074,3120,A6,CD,DF,0.07991317509998397
Maxchi,1694,1750,A6,01C,F1,0.1980307214719977
Maxchi,1695,1750,A6,02A,F1,0.08840282093485195
Maxchi,1695,1750,A6,02B,F1,0.08840282093485195
Maxchi,2034,2086,A6,A1D,F1,0.020085916545488743
Maxchi,3065,3126,A6,A2D,F1,0.31696726352315086
Maxchi,367,423,A6,A5U,F1,2.4367256694353897e-08
Maxchi,3076,3081,A6,AG,F1,5.587260371231264e-09
Maxchi,1700,1750,A6,BC,F1,0.15729920705028105
Maxchi,1978,2030,A6,BF,F1,0.3083583905011047
Maxchi,2420,2474,A6,BF1,F1,0.046228626804951226
Maxchi,2213,2242,A6,C2U,F1,0.10519250512004134
Maxchi,1750,1805,A6,CD,F1,0.1980307214719977
Maxchi,1694,1750,A6,DF,F1,0.1980307214719977
Maxchi,1674,1730,A6,F1,F2,0.006570107980073794
Maxchi,367,423,A6,F1,H,2.4367256694353897e-08
Maxchi,1695,1750,A6,F1,J,0.08840282093485195
Maxchi,3171,3226,A6,F1,K,0.28063314482041646
Maxchi,1683,1730,A6,F1,L,0.0019665880454630223
Maxchi,1695,1750,A6,F1,cpx,0.08840282093485195
Maxchi,4234,4245,A6,01A1,F2,1.922360752803785e-05
Maxchi,3101,3137,A6,01C,F2,0.00031961295554889943
Maxchi,1508,1554,A6,02A,F2,0.38125022508323214
Maxchi,2640,2696,A6,02B,F2,0.003951307019098794
Maxchi,529,590,A6,02G,F2,9.784998108216057e-17
Maxchi,1981,2032,A6,A1D,F2,0.21886530315189645
Maxchi,3911,3963,A6,A2D,F2,0.6268705560409231
Maxchi,429,504,A6,A5U,F2,0.19825639744335355
Maxchi,4245,4309,A6,AG,F2,0.016889333866122975
Maxchi,2694,2748,A6,BC,F2,0.019420929567756446
Maxchi,402,446,A6,BF,F2,1.053915062462517e-10
Maxchi,1752,1810,A6,BF1,F2,0.024379118843641447
Maxchi,2640,2694,A6,C2U,F2,0.019420929567756446
Maxchi,2694,2748,A6,CD,F2,0.019420929567756446
Maxchi,3024,3075,A6,DF,F2,0.1411939952934989
Maxchi,3018,3070,A6,F2,G,0.07976946624931412
Maxchi,3018,3070,A6,F2,J,0.07976946624931412
Maxchi,3018,3070,A6,F2,K,0.13553531999559884
Maxchi,2808,2855,A6,F2,cpx,0.32240462936319203
Maxchi,3501,3550,A6,01C,G,0.14054464283059165
Maxchi,2769,2822,A6,02B,G,0.05803265502510629
Maxchi,949,1002,A6,02G,G,3.7126147671322753e-07
Maxchi,2594,2646,A6,A1D,G,0.07927071448172404
Maxchi,3909,3960,A6,AD,G,0.5996679642003074
Maxchi,6282,6338,A6,BC,G,0.03794039600833882
Maxchi,432,492,A6,BF,G,2.554258823776847e-07
Maxchi,1986,2034,A6,BF1,G,0.003464621428074309
Maxchi,2198,2268,A6,BG,G,0.0793192726188875
Maxchi,9505,9525,A6,C2U,G,1.068593750215304e-06
Maxchi,2824,2868,A6,CD,G,0.07888530302601765
Maxchi,692,749,A6,CPZ,G,0.003244867790001474
Maxchi,9459,9502,A6,DF,G,0.07380538345935801
Maxchi,3328,3376,A6,G,J,0.026822356426963734
Maxchi,1254,1306,A6,G,L,0.11005202610240498
Maxchi,3292,3342,A6,G,cpx,0.6373518882339371
Maxchi,633,699,A6,01C,H,0.17516588877586653
Maxchi,360,411,A6,02A,H,0.0013055924087956078
Maxchi,291,341,A6,02G,H,1.0
Maxchi,365,424,A6,A1D,H,9.095027819084897e-08
Maxchi,210,402,A6,BF,H,4.070822045386692e-52
Maxchi,376,429,A6,BF1,H,1.254676742054556e-08
Maxchi,399,477,A6,BG,H,7.9294255655747e-11
Maxchi,250,260,A6,CPZ,H,1.4958258446518184e-05
Maxchi,716,768,A6,H,J,0.06901157315878437
Maxchi,309,359,A6,H,L,1.0
Maxchi,907,950,A6,H,cpx,0.17857637708015645
Maxchi,3422,3474,A6,01A1,J,0.18798575930229441
Maxchi,3411,3452,A6,01C,J,0.5527308893418839
Maxchi,1868,1926,A6,02A,J,0.012540912923383319
Maxchi,3529,3567,A6,02B,J,0.00015927529196482353
Maxchi,2469,2510,A6,A1D,J,0.093514440865016
Maxchi,3695,3742,A6,A2D,J,0.1852002126451614
Maxchi,438,605,A6,BF,J,2.782876742064015e-41
Maxchi,1969,2024,A6,BF1,J,0.4972757434449717
Maxchi,1697,1760,A6,BG,J,0.0001095685264803982
Maxchi,2469,2510,A6,C2U,J,0.4509395746836756
Maxchi,2698,2736,A6,CD,J,0.07595591498468902
Maxchi,692,749,A6,CPZ,J,0.0008614475679593701
Maxchi,3041,3094,A6,DF,J,0.2031741525259789
Maxchi,2965,3017,A6,J,K,0.06602739156095537
Maxchi,2041,2092,A6,J,L,0.003984607249286825
Maxchi,2909,2963,A6,J,cpx,0.21382095536102028
Maxchi,3018,3070,A6,01A1,K,0.13553531999559884
Maxchi,3990,4032,A6,01B,K,0.029737642016301476
Maxchi,3018,3070,A6,02A,K,0.13553531999559884
Maxchi,3636,3692,A6,02B,K,0.1290077176080548
Maxchi,530,614,A6,02G,K,8.02333937992593e-15
Maxchi,3416,3467,A6,A1D,K,0.16443408820930763
Maxchi,3911,3963,A6,A2D,K,0.6268705560409231
Maxchi,838,890,A6,A5U,K,0.002328888147600566
Maxchi,3990,4032,A6,AE,K,0.029737642016301476
Maxchi,2901,2945,A6,AG,K,0.2497965842276424
Maxchi,3409,3474,A6,BC,K,0.26116842275071783
Maxchi,402,446,A6,BF,K,1.5369558215363385e-11
Maxchi,1978,2030,A6,BF1,K,0.22422993186951534
Maxchi,1712,1769,A6,BG,K,0.0003794474831752453
Maxchi,3341,3390,A6,C2U,K,0.44221344987645295
Maxchi,3371,3423,A6,CD,K,0.07356900093484084
Maxchi,3605,3644,A6,DF,K,0.26695787403174875
Maxchi,2036,2088,A6,K,cpx,0.017918163604825035
Maxchi,2028,2077,A6,01C,L,0.0011609916645728764
Maxchi,1670,1722,A6,02A,L,0.023776312753718495
Maxchi,1703,1748,A6,02B,L,0.3213736186242456
Maxchi,1460,1512,A6,A1D,L,0.35556828287297415
Maxchi,304,354,A6,A5U,L,1.0
Maxchi,771,823,A6,AE,L,0.03657785746225965
Maxchi,1694,1750,A6,BF1,L,0.04187669984881944
Maxchi,1975,2028,A6,C2U,L,0.041089594463402844
Maxchi,1984,2031,A6,CD,L,0.277698130159317
Maxchi,2031,2077,A6,DF,L,0.03849823305315097
Maxchi,1424,1474,A6,L,cpx,0.2214397326720097
Maxchi,3175,3228,A6,01A1,cpx,0.007867158044290121
Maxchi,2936,2985,A6,01B,cpx,0.4245873525849071
Maxchi,3412,3456,A6,01C,cpx,0.480088320215478
Maxchi,3007,3074,A6,02A,cpx,0.0010120037553355732
Maxchi,2822,2874,A6,02B,cpx,0.0158162029037236
Maxchi,2160,2226,A6,02G,cpx,0.07626010948329377
Maxchi,2695,2747,A6,A1D,cpx,0.00610756185745081
Maxchi,3697,3747,A6,A2D,cpx,0.2214397326720097
Maxchi,426,590,A6,BF,cpx,3.624620830443607e-53
Maxchi,1984,2033,A6,BG,cpx,0.13648611244726738
Maxchi,2035,2087,AD,01B,A1D,0.002630468508237348
Maxchi,843,896,AD,01B,A5U,0.008704021446591407
Maxchi,445,495,AD,01C,CPZ,0.0006871043843566189
Maxchi,3228,3282,AD,01C,02A,0.5626088006441319
Maxchi,1286,1335,AD,02A,02B,0.38130559027454247
Maxchi,2766,2817,AD,02A,C2U,0.05855643688050875
Maxchi,469,526,AD,02A,CPZ,0.0035970186246078823
Maxchi,3422,3474,AD,01C,02B,0.06683161760140156
Maxchi,493,540,AD,02B,CPZ,0.000200888864318128
Maxchi,536,626,AD,01C,02G,1.3124300264043252e-17
Maxchi,536,626,AD,02A,02G,1.3124300264043252e-17
Maxchi,536,626,AD,02B,02G,1.3124300264043252e-17
Maxchi,536,627,AD,02G,A1D,8.002023591758535e-16
Maxchi,536,627,AD,02G,C2U,8.002023591758535e-16
Maxchi,490,534,AD,02G,CPZ,0.12170116687513019
Maxchi,539,621,AD,01C,A,1.7225774541052452e-16
Maxchi,360,411,AD,02A,A,0.002940932104495999
Maxchi,287,337,AD,02G,A,1.0
Maxchi,400,426,AD,A,A1D,2.3953087215005163e-10
Maxchi,463,494,AD,A,A2,0.14922835263038572
Maxchi,523,590,AD,A,B,8.949833942142337e-09
Maxchi,515,593,AD,A,BC,2.519579381845774e-10
Maxchi,210,402,AD,A,BF,4.070822045386692e-52
Maxchi,375,426,AD,A,BF1,6.586857658927861e-12
Maxchi,369,376,AD,A,BG,0.00035871294143977614
Maxchi,398,445,AD,A,C2U,0.12188769712028555
Maxchi,397,451,AD,A,CD,0.013604032044213064
Maxchi,450,500,AD,A,DF,1.0
Maxchi,535,614,AD,A,J,7.164590102772859e-17
Maxchi,305,355,AD,A,L,1.0
Maxchi,2889,2946,AD,01C,A1D,0.022857176547301888
Maxchi,1158,1207,AD,02A,A1D,0.04334266192136032
Maxchi,3481,3540,AD,02B,A1D,0.304973680496815
Maxchi,488,540,AD,A1D,CPZ,0.016230048574613385
Maxchi,536,626,AD,02G,A2,1.3124300264043252e-17
Maxchi,4924,4998,AD,A2,A2D,0.0795627373788446
Maxchi,484,540,AD,A2,CPZ,0.0012754664244986709
Maxchi,3555,3608,AD,A1D,A2D,0.028542889565106793
Maxchi,4000,4044,AD,A1D,A3,0.5215149627191401
Maxchi,501,533,AD,01C,A5U,0.16543896349191234
Maxchi,286,336,AD,02G,A5U,1.0
Maxchi,895,945,AD,A1D,A5U,3.486720269662246e-05
Maxchi,375,427,AD,A5U,BF1,2.4524456141090814e-11
Maxchi,536,626,AD,02G,A6,1.3124300264043252e-17
Maxchi,5094,5152,AD,A6,AG,0.08706420650697652
Maxchi,484,540,AD,A6,CPZ,0.0012754664244986709
Maxchi,496,507,AD,A6,H,0.00700998715358736
Maxchi,2034,2086,AD,A1D,AE,0.00042522547014526104
Maxchi,5920,5959,AD,01A1,AG,0.04501295920575581
Maxchi,536,626,AD,02G,B,1.3124300264043252e-17
Maxchi,1219,1271,AD,B,BG,0.08252326938191991
Maxchi,2326,2376,AD,B,C,0.22483276734352514
Maxchi,3698,3748,AD,B,CD,0.0656911336441939
Maxchi,493,540,AD,B,CPZ,0.000200888864318128
Maxchi,3024,3068,AD,B,F2,0.08116866206650951
Maxchi,523,590,AD,B,H,8.949833942142337e-09
Maxchi,2921,2978,AD,B,J,0.0744582916608109
Maxchi,2912,2965,AD,B,K,0.380587696137363
Maxchi,1698,1740,AD,B,L,0.10886082384032776
Maxchi,535,614,AD,01C,B.FR.83.HXBLAI_IIIB_BRU.K03455,3.750378508870044e-15
Maxchi,360,412,AD,02A,B.FR.83.HXBLAI_IIIB_BRU.K03455,0.004229127697816718
Maxchi,260,369,AD,02G,B.FR.83.HXBLAI_IIIB_BRU.K03455,9.732484224413035e-21
Maxchi,502,563,AD,A6,B.FR.83.HXBLAI_IIIB_BRU.K03455,0.16420983222041685
Maxchi,505,513,AD,B.FR.83.HXBLAI_IIIB_BRU.K03455,BC,0.040356572798745265
Maxchi,210,402,AD,B.FR.83.HXBLAI_IIIB_BRU.K03455,BF,4.070822045386692e-52
Maxchi,375,426,AD,B.FR.83.HXBLAI_IIIB_BRU.K03455,BF1,6.586857658927861e-12
Maxchi,370,372,AD,B.FR.83.HXBLAI_IIIB_BRU.K03455,BG,1.5374597944280386e-12
Maxchi,432,492,AD,B.FR.83.HXBLAI_IIIB_BRU.K03455,C2U,0.3207769927915025
Maxchi,428,460,AD,B.FR.83.HXBLAI_IIIB_BRU.K03455,CD,0.023202545863181868
Maxchi,928,981,AD,B.FR.83.HXBLAI_IIIB_BRU.K03455,F1,0.002897054424207027
Maxchi,882,929,AD,B.FR.83.HXBLAI_IIIB_BRU.K03455,F2,0.18141629782946067
Maxchi,532,607,AD,B.FR.83.HXBLAI_IIIB_BRU.K03455,J,1.168976943298521e-13
Maxchi,443,445,AD,B.FR.83.HXBLAI_IIIB_BRU.K03455,cpx,7.87343685439857e-09
Maxchi,536,626,AD,02G,BC,1.6196761553576214e-16
Maxchi,484,530,AD,A5U,BC,0.1041006583396692
Maxchi,3327,3376,AD,BC,CD,0.12152137209711454
Maxchi,557,663,AD,02A,BF,3.2186102655664685e-33
Maxchi,442,484,AD,02G,BF,0.07007553859334137
Maxchi,401,453,AD,A1D,BF,8.297490572334454e-12
Maxchi,210,402,AD,A5U,BF,4.070822045386692e-52
Maxchi,560,612,AD,BF,BG,4.4011590586255026e-16
Maxchi,401,451,AD,BF,CPZ,1.0932219338166523e-11
Maxchi,516,534,AD,02G,BF1,0.00024478733822722726
Maxchi,1677,1721,AD,BF1,C2U,0.0001595742508260499
Maxchi,488,540,AD,BF1,CPZ,0.2110936711315774
Maxchi,536,626,AD,02G,BG,1.3124300264043252e-17
Maxchi,369,376,AD,A5U,BG,0.00035871294143977614
Maxchi,1118,1173,AD,BG,C2U,0.013948694079308774
Maxchi,464,526,AD,BG,CPZ,1.7818836449210471e-06
Maxchi,536,626,AD,02G,C,3.6271356322821025e-16
Maxchi,3419,3459,AD,C,CD,0.08324485080523708
Maxchi,483,540,AD,C,CPZ,0.0009733038764887125
Maxchi,1460,1515,AD,C,F1,0.03327097716427711
Maxchi,1925,1980,AD,02B,C2U,0.006641175763115377
Maxchi,488,540,AD,C2U,CPZ,0.07142345772985215
Maxchi,536,626,AD,02G,CD,3.6271356322821025e-16
Maxchi,928,981,AD,BF,CD,0.001437417412803804
Maxchi,446,493,AD,CD,CPZ,0.00036464658722581766
Maxchi,3181,3232,AD,01C,D,0.40162744374405757
Maxchi,536,626,AD,02G,DF,3.6271356322821025e-16
Maxchi,3753,3796,AD,CD,DF,0.13810154666692095
Maxchi,536,626,AD,02G,F1,3.6271356322821025e-16
Maxchi,1594,1663,AD,BC,F1,1.8531213125640518e-05
Maxchi,1424,1474,AD,BF1,F1,0.3723653021980271
Maxchi,1630,1678,AD,CD,F1,0.00942282250930809
Maxchi,481,534,AD,CPZ,F1,0.00034668564608747134
Maxchi,1694,1742,AD,DF,F1,0.00013010637040631028
Maxchi,1975,2026,AD,F1,J,0.06184587209748718
Maxchi,1175,1220,AD,F1,K,0.5227122816752054
Maxchi,884,936,AD,F1,L,0.2110936711315774
Maxchi,3502,3550,AD,CD,F2,0.001193532951148966
Maxchi,3741,3783,AD,DF,F2,0.3804282549570316
Maxchi,2696,2751,AD,F2,L,0.07250921296974257
Maxchi,3737,3800,AD,02B,G,0.007200941558622417
Maxchi,493,540,AD,CPZ,G,0.000200888864318128
Maxchi,524,590,AD,G,H,1.4061661417740728e-08
Maxchi,539,621,AD,01C,H,1.7225774541052452e-16
Maxchi,360,411,AD,02A,H,0.0013055924087956078
Maxchi,947,998,AD,02B,H,0.15891482385675681
Maxchi,291,341,AD,02G,H,1.0
Maxchi,522,607,AD,BC,H,1.3339335388647663e-14
Maxchi,370,380,AD,BG,H,0.0035811640331237355
Maxchi,443,463,AD,CD,H,0.009748109126736945
Maxchi,250,260,AD,CPZ,H,1.4958258446518184e-05
Maxchi,457,507,AD,DF,H,1.0
Maxchi,541,626,AD,H,J,2.17606517361828e-19
Maxchi,309,359,AD,H,L,1.0
Maxchi,441,453,AD,H,cpx,8.721835402928461e-06
Maxchi,536,626,AD,02G,J,3.082383799568042e-17
Maxchi,511,561,AD,A5U,J,1.0
Maxchi,493,540,AD,CPZ,J,0.000200888864318128
Maxchi,3474,3526,AD,DF,J,0.1400491212049832
Maxchi,689,733,AD,J,L,0.3410199067912151
Maxchi,3419,3459,AD,CD,K,0.07559235935517583
Maxchi,533,640,AD,02G,L,1.286195375849636e-28
Maxchi,717,769,AD,A1D,L,0.2812664319801408
Maxchi,304,354,AD,A5U,L,1.0
Maxchi,512,562,AD,BF,L,1.0
Maxchi,566,626,AD,BG,L,0.003243868321222917
Maxchi,533,639,AD,CPZ,L,3.376742959116249e-26
Maxchi,1682,1705,AD,DF,L,1.7384220277529103e-09
Maxchi,560,614,AD,L,cpx,0.24927512864512608
Maxchi,536,626,AD,02G,cpx,1.3124300264043252e-17
Maxchi,1973,2024,AD,A1D,cpx,0.00378638464548462
Maxchi,6554,6599,AE,01A1,01C,5.395815144636125e-06
Maxchi,3927,3988,AE,01A1,02A,0.003676619667113714
Maxchi,5809,5856,AE,01A1,02B,0.2366549366264465
Maxchi,529,612,AE,01A1,02G,1.7852139048086722e-30
Maxchi,4517,4568,AE,01A1,A1D,0.15713638788150552
Maxchi,842,898,AE,01A1,A5U,0.01086663530969997
Maxchi,5857,5906,AE,01A1,AD,0.02404382341398728
Maxchi,1700,1751,AE,01A1,BF1,0.37767314101018723
Maxchi,3726,3793,AE,01A1,C2U,0.006777682948549376
Maxchi,496,547,AE,01A1,CPZ,4.5935916258265494e-07
Maxchi,7270,7318,AE,01A1,01B,0.03463665404991496
Maxchi,6980,7032,AE,01B,01C,0.02063144670128747
Maxchi,1993,2040,AE,01B,02A,0.0067048495217219865
Maxchi,530,614,AE,01B,02G,3.879600368549148e-22
Maxchi,6432,6482,AE,01B,AD,0.0873752803407674
Maxchi,1754,1814,AE,01B,BF1,0.017746586767951565
Maxchi,493,540,AE,01B,CPZ,0.000200888864318128
Maxchi,445,495,AE,01C,CPZ,0.0006871043843566189
Maxchi,3933,3991,AE,01C,02A,0.004865536491409645
Maxchi,3418,3465,AE,02A,02B,0.7517172136660089
Maxchi,469,526,AE,02A,CPZ,0.0035970186246078823
Maxchi,3996,4053,AE,01C,02B,0.17768312697181937
Maxchi,493,540,AE,02B,CPZ,0.000200888864318128
Maxchi,530,614,AE,01C,02G,1.2927618523545466e-21
Maxchi,530,614,AE,02A,02G,1.2927618523545466e-21
Maxchi,530,614,AE,02B,02G,1.2927618523545466e-21
Maxchi,530,614,AE,02G,A1D,2.758700509788813e-19
Maxchi,530,614,AE,02G,C2U,2.758700509788813e-19
Maxchi,490,534,AE,02G,CPZ,0.12170116687513019
Maxchi,538,621,AE,01C,A,1.8902355588488436e-24
Maxchi,360,411,AE,02A,A,0.002940932104495999
Maxchi,287,337,AE,02G,A,1.0
Maxchi,400,426,AE,A,A1D,2.3953087215005163e-10
Maxchi,463,494,AE,A,A2,0.14922835263038572
Maxchi,523,590,AE,A,B,4.7119694139785903e-11
Maxchi,521,606,AE,A,BC,6.122896937974928e-16
Maxchi,210,402,AE,A,BF,4.070822045386692e-52
Maxchi,375,426,AE,A,BF1,6.586857658927861e-12
Maxchi,369,376,AE,A,BG,0.00035871294143977614
Maxchi,398,445,AE,A,C2U,0.12188769712028555
Maxchi,397,451,AE,A,CD,0.013604032044213064
Maxchi,541,626,AE,A,J,9.226974212579018e-27
Maxchi,305,355,AE,A,L,1.0
Maxchi,8652,8701,AE,A1,AG,0.3029563382661796
Maxchi,4498,4536,AE,01C,A1D,0.14132577643184238
Maxchi,3084,3128,AE,02A,A1D,0.3117479638894022
Maxchi,1926,1981,AE,02B,A1D,0.0039256251746502815
Maxchi,488,540,AE,A1D,CPZ,0.016230048574613385
Maxchi,530,614,AE,02G,A2,1.2927618523545466e-21
Maxchi,484,540,AE,A2,CPZ,0.0012754664244986709
Maxchi,2694,2748,AE,A2,cpx,0.07906791031286246
Maxchi,5594,5633,AE,01A1,A2D,0.029038697898577052
Maxchi,5339,5388,AE,01C,A2D,0.13589735327816152
Maxchi,3271,3319,AE,02A,A2D,0.2763029173374804
Maxchi,9437,9499,AE,02B,A2D,3.213430883133787e-06
Maxchi,530,614,AE,02G,A2D,3.1966165449780244e-15
Maxchi,3012,3067,AE,A2D,BF1,0.2817411673796254
Maxchi,3314,3354,AE,A2D,C2U,0.050839920018562405
Maxchi,493,540,AE,A2D,CPZ,0.000200888864318128
Maxchi,893,946,AE,A3,H,0.020695330987880282
Maxchi,519,582,AE,01C,A5U,1.954557875703459e-11
Maxchi,360,411,AE,02A,A5U,0.0035380567419032536
Maxchi,286,336,AE,02G,A5U,1.0
Maxchi,899,954,AE,A5U,AD,0.050873225879901694
Maxchi,375,427,AE,A5U,BF1,2.4524456141090814e-11
Maxchi,843,891,AE,A5U,C2U,9.225548870819634e-06
Maxchi,206,254,AE,A5U,CPZ,0.1485617748918645
Maxchi,484,540,AE,A6,CPZ,0.0012754664244986709
Maxchi,504,562,AE,A6,H,0.00022247329548867682
Maxchi,5600,5607,AE,01C,AD,0.00035871294143977614
Maxchi,536,626,AE,02G,AD,1.3124300264043252e-17
Maxchi,493,540,AE,AD,CPZ,0.000200888864318128
Maxchi,5916,5968,AE,01C,AG,0.28387647457229126
Maxchi,4381,4434,AE,02A,AG,0.07595397960601519
Maxchi,536,626,AE,02G,AG,5.106063945739813e-18
Maxchi,401,453,AE,AG,BF,8.297490572334454e-12
Maxchi,2958,3012,AE,AG,BG,0.14791063478198924
Maxchi,3471,3520,AE,AG,C2U,0.3167711564485574
Maxchi,493,540,AE,AG,CPZ,0.000200888864318128
Maxchi,2775,2825,AE,AG,DF,0.2523414106691046
Maxchi,530,614,AE,02G,B,1.2927618523545466e-21
Maxchi,1960,2010,AE,A1D,B,0.044036086418211905
Maxchi,493,540,AE,B,CPZ,0.000200888864318128
Maxchi,3281,3335,AE,B,D,0.02815646559938446
Maxchi,3041,3093,AE,B,J,0.20262775272138123
Maxchi,3024,3068,AE,B,K,0.17535024307943758
Maxchi,2640,2696,AE,B,L,0.02314419739548354
Maxchi,538,621,AE,01C,B.FR.83.HXBLAI_IIIB_BRU.K03455,3.308156385659436e-23
Maxchi,360,412,AE,02A,B.FR.83.HXBLAI_IIIB_BRU.K03455,0.004229127697816718
Maxchi,260,369,AE,02G,B.FR.83.HXBLAI_IIIB_BRU.K03455,9.732484224413035e-21
Maxchi,495,548,AE,A6,B.FR.83.HXBLAI_IIIB_BRU.K03455,0.24806403089419707
Maxchi,514,591,AE,B.FR.83.HXBLAI_IIIB_BRU.K03455,BC,3.3569510601524145e-12
Maxchi,210,402,AE,B.FR.83.HXBLAI_IIIB_BRU.K03455,BF,4.070822045386692e-52
Maxchi,375,426,AE,B.FR.83.HXBLAI_IIIB_BRU.K03455,BF1,6.586857658927861e-12
Maxchi,370,372,AE,B.FR.83.HXBLAI_IIIB_BRU.K03455,BG,1.5374597944280386e-12
Maxchi,432,492,AE,B.FR.83.HXBLAI_IIIB_BRU.K03455,C2U,0.3207769927915025
Maxchi,428,460,AE,B.FR.83.HXBLAI_IIIB_BRU.K03455,CD,0.023202545863181868
Maxchi,883,930,AE,B.FR.83.HXBLAI_IIIB_BRU.K03455,F2,0.022772725480241524
Maxchi,532,608,AE,B.FR.83.HXBLAI_IIIB_BRU.K03455,J,4.6571685157148145e-20
Maxchi,443,445,AE,B.FR.83.HXBLAI_IIIB_BRU.K03455,cpx,7.87343685439857e-09
Maxchi,3740,3797,AE,01A1,BC,0.40057006869517553
Maxchi,1958,2015,AE,02A,BC,0.00011075234211245662
Maxchi,3277,3324,AE,02B,BC,0.18956629670301534
Maxchi,518,536,AE,02G,BC,0.0004615437876544122
Maxchi,3407,3460,AE,A2D,BC,0.3006318300078994
Maxchi,484,530,AE,A5U,BC,0.1041006583396692
Maxchi,431,505,AE,BC,BF,2.458641488436838e-11
Maxchi,1985,2043,AE,BC,BF1,0.07194581128212517
Maxchi,3149,3198,AE,BC,C2U,0.13233856823614273
Maxchi,3269,3328,AE,BC,CD,0.0333481877784142
Maxchi,446,493,AE,BC,CPZ,0.05133204372249204
Maxchi,401,453,AE,01A1,BF,8.297490572334454e-12
Maxchi,401,453,AE,01B,BF,8.297490572334454e-12
Maxchi,401,453,AE,01C,BF,8.297490572334454e-12
Maxchi,402,440,AE,02A,BF,4.707140590140388e-18
Maxchi,401,453,AE,02B,BF,8.297490572334454e-12
Maxchi,442,484,AE,02G,BF,0.07007553859334137
Maxchi,401,453,AE,A1D,BF,8.297490572334454e-12
Maxchi,401,453,AE,A2D,BF,8.297490572334454e-12
Maxchi,210,402,AE,A5U,BF,4.070822045386692e-52
Maxchi,401,453,AE,AD,BF,8.297490572334454e-12
Maxchi,401,453,AE,BF,BF1,8.297490572334454e-12
Maxchi,402,423,AE,BF,BG,1.674150406939599e-10
Maxchi,884,934,AE,BF,C2U,0.06238885487025272
Maxchi,401,451,AE,BF,CPZ,1.0932219338166523e-11
Maxchi,1644,1695,AE,01C,BF1,0.0017003362717821987
Maxchi,1407,1466,AE,02B,BF1,0.04053353995244688
Maxchi,516,534,AE,02G,BF1,0.00024478733822722726
Maxchi,1753,1805,AE,BF1,C2U,0.18006758853463598
Maxchi,488,540,AE,BF1,CPZ,0.2110936711315774
Maxchi,1617,1669,AE,01A1,BG,3.2953775876821186e-07
Maxchi,1669,1720,AE,01B,BG,5.975751417607901e-05
Maxchi,2789,2834,AE,02B,BG,0.034993752362305675
Maxchi,522,534,AE,02G,BG,2.5658801538431853e-05
Maxchi,369,376,AE,A5U,BG,0.00035871294143977614
Maxchi,464,526,AE,BG,CPZ,1.5181674260343863e-06
Maxchi,530,615,AE,02G,C,9.87793650910069e-20
Maxchi,1466,1524,AE,BF1,C,0.12756279348997393
Maxchi,3314,3354,AE,C,C2U,0.050839920018562405
Maxchi,3269,3328,AE,C,CD,0.0333481877784142
Maxchi,483,540,AE,C,CPZ,0.0009733038764887125
Maxchi,3283,3338,AE,C,D,0.5062932531241968
Maxchi,3126,3189,AE,C,DF,0.12874594759129468
Maxchi,3000,3069,AE,C,F2,0.17595266046892485
Maxchi,3102,3148,AE,C,J,0.09504303735905067
Maxchi,3277,3324,AE,C,K,0.15962274371833635
Maxchi,3227,3280,AE,02B,C2U,0.2997166352313786
Maxchi,854,907,AE,C2U,CPZ,0.006384926790648103
Maxchi,3942,3994,AE,01A1,CD,0.04647831057494168
Maxchi,4421,4467,AE,01B,CD,0.015536870248481494
Maxchi,3231,3278,AE,01C,CD,0.1465915741968483
Maxchi,2824,2877,AE,02A,CD,0.3595149169882603
Maxchi,3328,3376,AE,02B,CD,0.008761931853663491
Maxchi,484,537,AE,02G,CD,0.014243531972557769
Maxchi,3474,3525,AE,A1D,CD,0.42733161265561725
Maxchi,3643,3694,AE,A2D,CD,0.14533668318202367
Maxchi,893,941,AE,A5U,CD,4.60834162465414e-05
Maxchi,3474,3525,AE,AD,CD,0.42733161265561725
Maxchi,376,435,AE,BF,CD,0.10207938441873741
Maxchi,1745,1798,AE,BF1,CD,0.0017398626285627045
Maxchi,2643,2698,AE,BG,CD,0.383642584069085
Maxchi,3269,3328,AE,C2U,CD,0.0333481877784142
Maxchi,446,493,AE,CD,CPZ,0.09057767066750955
Maxchi,1221,1271,AE,BG,D,0.17401771867395327
Maxchi,1135,1195,AE,D,F1,0.027249434790406517
Maxchi,4158,4200,AE,D,F2,0.24254543775597304
Maxchi,3053,3099,AE,D,J,0.4238047575676316
Maxchi,3998,4026,AE,01A1,DF,0.0028472355783172483
Maxchi,4891,4939,AE,01B,DF,0.44910642084673225
Maxchi,3231,3278,AE,01C,DF,0.1465915741968483
Maxchi,2789,2835,AE,02A,DF,0.597117547038811
Maxchi,484,537,AE,02G,DF,0.014243531972557769
Maxchi,2702,2748,AE,A2D,DF,0.009276681159950973
Maxchi,429,479,AE,A5U,DF,1.0
Maxchi,2702,2748,AE,AD,DF,0.009276681159950973
Maxchi,2403,2447,AE,BC,DF,0.004295712021429501
Maxchi,423,509,AE,BF,DF,1.0011595102859698e-14
Maxchi,3035,3080,AE,BF1,DF,0.5254486161705962
Maxchi,3227,3277,AE,C2U,DF,0.6835897065103371
Maxchi,3620,3657,AE,CD,DF,0.33089854602872193
Maxchi,446,493,AE,CPZ,DF,0.1488043510263838
Maxchi,1249,1293,AE,02B,F1,0.07542068999558707
Maxchi,530,615,AE,02G,F1,9.87793650910069e-20
Maxchi,1698,1745,AE,C2U,F1,0.41302244179633285
Maxchi,1696,1748,AE,CD,F1,0.03884667984591007
Maxchi,481,534,AE,CPZ,F1,0.00034668564608747134
Maxchi,2037,2085,AE,F1,J,0.031618366965174026
Maxchi,3225,3280,AE,F1,K,0.06882670497659098
Maxchi,936,988,AE,F1,L,0.24362812107754986
Maxchi,3231,3288,AE,A1D,F2,0.3264945200006967
Maxchi,3407,3467,AE,CD,F2,0.14059775872149888
Maxchi,3095,3148,AE,F2,J,0.15714856017144727
Maxchi,2640,2696,AE,F2,L,0.02791588802767906
Maxchi,3408,3462,AE,A1D,G,0.07470593331213042
Maxchi,493,540,AE,CPZ,G,0.000200888864318128
Maxchi,524,590,AE,G,H,2.348266889475324e-10
Maxchi,538,621,AE,01C,H,1.8902355588488436e-24
Maxchi,360,411,AE,02A,H,0.0013055924087956078
Maxchi,944,997,AE,02B,H,0.47215439243391566
Maxchi,291,341,AE,02G,H,1.0
Maxchi,521,606,AE,BC,H,4.811916401249932e-17
Maxchi,370,380,AE,BG,H,0.0035811640331237355
Maxchi,443,463,AE,CD,H,0.009748109126736945
Maxchi,250,260,AE,CPZ,H,1.4958258446518184e-05
Maxchi,509,590,AE,DF,H,1.1737133640610925e-17
Maxchi,541,627,AE,H,J,2.33663240789861e-27
Maxchi,309,359,AE,H,L,1.0
Maxchi,441,453,AE,H,cpx,8.721835402928461e-06
Maxchi,530,615,AE,02G,J,3.9611202030385095e-21
Maxchi,523,590,AE,A5U,J,2.1857535737319115e-10
Maxchi,3120,3186,AE,C2U,J,0.16572638663859765
Maxchi,493,540,AE,CPZ,J,0.000200888864318128
Maxchi,3424,3468,AE,DF,J,0.1477586915571686
Maxchi,3770,3824,AE,J,K,0.15569719371114568
Maxchi,1927,1985,AE,J,L,0.0008660225778008712
Maxchi,3278,3328,AE,A1D,K,0.0740225429253814
Maxchi,1118,1173,AE,BG,K,0.006994318457999799
Maxchi,2640,2696,AE,K,L,0.22731990119442122
Maxchi,545,626,AE,02G,L,1.0907451616683695e-30
Maxchi,304,354,AE,A5U,L,1.0
Maxchi,527,627,AE,BF,L,1.1795143459035517e-21
Maxchi,1478,1530,AE,CD,L,0.15818524058766825
Maxchi,536,639,AE,CPZ,L,9.38895718408463e-34
Maxchi,3696,3744,AE,01B,cpx,0.31037485597697073
Maxchi,3268,3328,AE,01C,cpx,0.07064482479256712
Maxchi,1659,1720,AE,02A,cpx,1.5157247823164598e-06
Maxchi,521,535,AE,02G,cpx,0.0006955970567137426
Maxchi,1906,1970,AE,A1D,cpx,0.030834562803756776
Maxchi,3738,3793,AE,A2D,cpx,0.5429856445074412
Maxchi,914,962,AE,A5U,cpx,0.029096331741252254
Maxchi,3825,3875,AE,AD,cpx,0.02252979862607441
Maxchi,426,590,AE,BF,cpx,3.624620830443607e-53
Maxchi,1413,1469,AE,BF1,cpx,0.12165498062985836
Maxchi,2033,2082,AE,C2U,cpx,0.12844706308487158
Maxchi,1685,1752,AG,01A1,02A,0.06305916253965893
Maxchi,5809,5856,AG,01A1,02B,0.10546224670751449
Maxchi,529,612,AG,01A1,02G,1.7852139048086722e-30
Maxchi,3410,3445,AG,01A1,C2U,0.02768675082927691
Maxchi,496,547,AG,01A1,CPZ,4.5935916258265494e-07
Maxchi,5893,5952,AG,01B,01C,0.10871575124177031
Maxchi,4377,4426,AG,01B,02A,0.059420708578741356
Maxchi,7411,7473,AG,01B,02B,0.37456572822026557
Maxchi,530,614,AG,01B,02G,3.879600368549148e-22
Maxchi,3471,3520,AG,01B,C2U,0.3167711564485574
Maxchi,493,540,AG,01B,CPZ,0.000200888864318128
Maxchi,445,495,AG,01C,CPZ,0.0006871043843566189
Maxchi,3996,4017,AG,01C,02A,0.006620037571481177
Maxchi,1937,1989,AG,02A,02B,0.619118475847503
Maxchi,1193,1253,AG,02A,C2U,0.2148469474056455
Maxchi,469,526,AG,02A,CPZ,0.0035970186246078823
Maxchi,3996,4053,AG,01C,02B,0.17768312697181937
Maxchi,493,540,AG,02B,CPZ,0.000200888864318128
Maxchi,536,626,AG,01C,02G,5.106063945739813e-18
Maxchi,536,626,AG,02A,02G,5.106063945739813e-18
Maxchi,536,626,AG,02B,02G,5.106063945739813e-18
Maxchi,536,626,AG,02G,A1D,3.443746319429041e-16
Maxchi,536,626,AG,02G,C2U,3.443746319429041e-16
Maxchi,490,534,AG,02G,CPZ,0.12170116687513019
Maxchi,539,622,AG,01C,A,5.949485790854476e-17
Maxchi,360,411,AG,02A,A,0.002940932104495999
Maxchi,287,337,AG,02G,A,1.0
Maxchi,400,426,AG,A,A1D,2.3953087215005163e-10
Maxchi,463,494,AG,A,A2,0.14922835263038572
Maxchi,523,590,AG,A,B,8.949833942142337e-09
Maxchi,521,606,AG,A,BC,6.728595972734019e-17
Maxchi,210,402,AG,A,BF,4.070822045386692e-52
Maxchi,375,426,AG,A,BF1,6.586857658927861e-12
Maxchi,369,376,AG,A,BG,0.00035871294143977614
Maxchi,398,445,AG,A,C2U,0.12188769712028555
Maxchi,450,500,AG,A,DF,1.0
Maxchi,535,614,AG,A,J,2.4752630383548332e-17
Maxchi,305,355,AG,A,L,1.0
Maxchi,1838,1888,AG,02A,A1,0.6344542837665208
Maxchi,3481,3540,AG,02A,A1D,0.1382183333129567
Maxchi,2026,2073,AG,02B,A1D,0.0049921181071381415
Maxchi,1697,1746,AG,A1D,C2U,0.030326253877468217
Maxchi,488,540,AG,A1D,CPZ,0.016230048574613385
Maxchi,4424,4474,AG,01B,A2,0.05931629599971518
Maxchi,536,626,AG,02G,A2,5.106063945739813e-18
Maxchi,4373,4424,AG,A2,AE,0.05931629599971518
Maxchi,484,540,AG,A2,CPZ,0.0012754664244986709
Maxchi,3910,3940,AG,A2,G,0.03075356125927456
Maxchi,3739,3789,AG,01C,A2D,0.5515150900118735
Maxchi,1636,1689,AG,02A,A2D,0.05626291116757029
Maxchi,530,614,AG,02G,A2D,3.1966165449780244e-15
Maxchi,3555,3608,AG,A1D,A2D,0.028542889565106793
Maxchi,845,900,AG,A2D,A5U,9.280186701164918e-05
Maxchi,493,540,AG,A2D,CPZ,0.000200888864318128
Maxchi,3294,3343,AG,A3,G,0.6321723478300958
Maxchi,2766,2822,AG,A3,cpx,0.1738248978343641
Maxchi,501,533,AG,01C,A5U,0.16543896349191234
Maxchi,360,411,AG,02A,A5U,0.0035380567419032536
Maxchi,844,900,AG,02B,A5U,0.0027111944312203165
Maxchi,286,336,AG,02G,A5U,1.0
Maxchi,375,427,AG,A5U,BF1,2.4524456141090814e-11
Maxchi,206,254,AG,A5U,CPZ,0.1485617748918645
Maxchi,536,626,AG,02G,A6,5.106063945739813e-18
Maxchi,484,540,AG,A6,CPZ,0.0012754664244986709
Maxchi,4309,4371,AG,A6,G,0.014639680998220746
Maxchi,496,507,AG,A6,H,0.00700998715358736
Maxchi,2822,2877,AG,A6,cpx,0.1738248978343641
Maxchi,4972,5020,AG,01C,AD,0.10153232676679104
Maxchi,1626,1656,AG,02A,AD,0.03748338806379587
Maxchi,8173,8225,AG,02B,AD,0.013208615399219942
Maxchi,536,626,AG,02G,AD,1.3124300264043252e-17
Maxchi,4001,4047,AG,A1D,AD,0.11971446284288668
Maxchi,1474,1524,AG,AD,BF1,0.4404006981390033
Maxchi,3472,3521,AG,AD,C2U,0.06471750294584096
Maxchi,493,540,AG,AD,CPZ,0.000200888864318128
Maxchi,7195,7247,AG,A2D,AE,2.8808599985341006e-06
Maxchi,2946,2987,AG,AE,cpx,0.12799964519745058
Maxchi,536,626,AG,02G,B,5.106063945739813e-18
Maxchi,1747,1805,AG,B,BG,3.977861090536909e-05
Maxchi,493,540,AG,B,CPZ,0.000200888864318128
Maxchi,893,946,AG,B,H,1.8835187109476362e-05
Maxchi,3024,3068,AG,B,K,0.17535024307943758
Maxchi,1688,1742,AG,B,L,0.017118239704790164
Maxchi,535,614,AG,01C,B.FR.83.HXBLAI_IIIB_BRU.K03455,1.438766993592283e-15
Maxchi,360,412,AG,02A,B.FR.83.HXBLAI_IIIB_BRU.K03455,0.004229127697816718
Maxchi,260,369,AG,02G,B.FR.83.HXBLAI_IIIB_BRU.K03455,9.732484224413035e-21
Maxchi,844,900,AG,A2,B.FR.83.HXBLAI_IIIB_BRU.K03455,0.12663045794761726
Maxchi,505,513,AG,B.FR.83.HXBLAI_IIIB_BRU.K03455,BC,0.040356572798745265
Maxchi,210,402,AG,B.FR.83.HXBLAI_IIIB_BRU.K03455,BF,4.070822045386692e-52
Maxchi,375,426,AG,B.FR.83.HXBLAI_IIIB_BRU.K03455,BF1,6.586857658927861e-12
Maxchi,370,372,AG,B.FR.83.HXBLAI_IIIB_BRU.K03455,BG,1.5374597944280386e-12
Maxchi,432,492,AG,B.FR.83.HXBLAI_IIIB_BRU.K03455,C2U,0.3207769927915025
Maxchi,428,460,AG,B.FR.83.HXBLAI_IIIB_BRU.K03455,CD,0.023202545863181868
Maxchi,933,980,AG,B.FR.83.HXBLAI_IIIB_BRU.K03455,DF,0.010603704973420615
Maxchi,495,534,AG,B.FR.83.HXBLAI_IIIB_BRU.K03455,G,0.1339235587547078
Maxchi,532,608,AG,B.FR.83.HXBLAI_IIIB_BRU.K03455,J,4.612910983653405e-14
Maxchi,443,445,AG,B.FR.83.HXBLAI_IIIB_BRU.K03455,cpx,7.87343685439857e-09
Maxchi,2772,2823,AG,01B,BC,0.1259181203412652
Maxchi,2769,2822,AG,01C,BC,0.08363401433266962
Maxchi,2904,2952,AG,02B,BC,0.0265685463974057
Maxchi,518,536,AG,02G,BC,0.0004615437876544122
Maxchi,484,530,AG,A5U,BC,0.1041006583396692
Maxchi,431,505,AG,BC,BF,2.458641488436838e-11
Maxchi,2751,2813,AG,BC,BF1,0.030895806074405223
Maxchi,2446,2486,AG,BC,C2U,0.07481538764034237
Maxchi,2037,2085,AG,BC,CD,2.354813274973402e-05
Maxchi,446,493,AG,BC,CPZ,0.05133204372249204
Maxchi,401,453,AG,01A1,BF,8.297490572334454e-12
Maxchi,401,453,AG,01B,BF,8.297490572334454e-12
Maxchi,401,453,AG,01C,BF,8.297490572334454e-12
Maxchi,556,653,AG,02A,BF,8.697762015055379e-33
Maxchi,401,453,AG,02B,BF,8.297490572334454e-12
Maxchi,442,484,AG,02G,BF,0.07007553859334137
Maxchi,401,453,AG,A1D,BF,8.297490572334454e-12
Maxchi,401,453,AG,A2D,BF,8.297490572334454e-12
Maxchi,210,402,AG,A5U,BF,4.070822045386692e-52
Maxchi,401,453,AG,AD,BF,8.297490572334454e-12
Maxchi,401,453,AG,BF,BF1,8.297490572334454e-12
Maxchi,559,612,AG,BF,BG,1.7299562226837952e-16
Maxchi,401,453,AG,BF,C2U,8.297490572334454e-12
Maxchi,401,451,AG,BF,CPZ,1.0932219338166523e-11
Maxchi,1667,1731,AG,02B,BF1,1.3209673249517808e-07
Maxchi,516,534,AG,02G,BF1,0.00024478733822722726
Maxchi,2924,2973,AG,A1D,BF1,0.10751135969600549
Maxchi,488,540,AG,BF1,CPZ,0.2110936711315774
Maxchi,2904,2958,AG,01A1,BG,0.14791063478198924
Maxchi,1979,2026,AG,01C,BG,0.02197497025742628
Maxchi,522,534,AG,02G,BG,2.5658801538431853e-05
Maxchi,1118,1173,AG,A1D,BG,0.0022743689598964728
Maxchi,2981,3022,AG,A2D,BG,0.19255679134490858
Maxchi,2973,3022,AG,AD,BG,0.04087153408900628
Maxchi,1118,1173,AG,BG,C2U,0.0022743689598964728
Maxchi,464,526,AG,BG,CPZ,1.5181674260343863e-06
Maxchi,536,627,AG,02G,C,1.5309628784106842e-16
Maxchi,1975,2024,AG,C,C2U,0.3898544510325519
Maxchi,483,540,AG,C,CPZ,0.0009733038764887125
Maxchi,2304,2347,AG,C,J,0.024103417109792004
Maxchi,3471,3522,AG,C,K,0.619118475847503
Maxchi,2698,2760,AG,01C,C2U,0.13102193707687812
Maxchi,2031,2082,AG,02B,C2U,0.21650431823343635
Maxchi,488,540,AG,C2U,CPZ,0.07142345772985215
Maxchi,3399,3451,AG,01C,CD,0.032375708404033726
Maxchi,1693,1746,AG,02A,CD,0.060102805938866195
Maxchi,484,537,AG,02G,CD,0.014243531972557769
Maxchi,928,981,AG,BF,CD,0.001437417412803804
Maxchi,1695,1746,AG,BF1,CD,0.07857520137005994
Maxchi,446,493,AG,CD,CPZ,0.09057767066750955
Maxchi,3306,3359,AG,C2U,D,0.05293976462520563
Maxchi,1118,1134,AG,D,F1,0.02464138851207273
Maxchi,4390,4439,AG,D,F2,0.03010437763651659
Maxchi,2825,2874,AG,01B,DF,0.2523414106691046
Maxchi,2825,2881,AG,01C,DF,0.08055352492680896
Maxchi,1059,1112,AG,02A,DF,0.1456470790829995
Maxchi,4002,4064,AG,02B,DF,0.03218644406112215
Maxchi,484,537,AG,02G,DF,0.014243531972557769
Maxchi,844,894,AG,A5U,DF,6.783900119853268e-08
Maxchi,2446,2486,AG,BC,DF,0.07481538764034237
Maxchi,423,509,AG,BF,DF,1.0011595102859698e-14
Maxchi,1692,1745,AG,BF1,DF,0.011066223732330783
Maxchi,3291,3341,AG,C2U,DF,0.5969894988309088
Maxchi,3696,3744,AG,CD,DF,0.007592011847308769
Maxchi,446,493,AG,CPZ,DF,0.1488043510263838
Maxchi,536,627,AG,02G,F1,1.5309628784106842e-16
Maxchi,481,534,AG,CPZ,F1,0.00034668564608747134
Maxchi,3696,3744,AG,F1,F2,0.38273308888522595
Maxchi,884,934,AG,F1,L,0.001818881801828096
Maxchi,3024,3073,AG,A1D,F2,0.35963688155503715
Maxchi,2747,2811,AG,F2,L,0.017532606465480383
Maxchi,4381,4434,AG,01A1,G,0.03963974964074213
Maxchi,3378,3422,AG,01B,G,0.15873491155640546
Maxchi,3276,3343,AG,01C,G,0.27146869933693935
Maxchi,3242,3293,AG,A2D,G,0.3220089692456914
Maxchi,4306,4365,AG,AD,G,0.07217900758881639
Maxchi,3379,3428,AG,AE,G,0.15011944400533067
Maxchi,493,540,AG,CPZ,G,0.000200888864318128
Maxchi,3742,3796,AG,G,cpx,0.32588172194846426
Maxchi,539,622,AG,01C,H,5.949485790854476e-17
Maxchi,360,411,AG,02A,H,0.0013055924087956078
Maxchi,291,341,AG,02G,H,1.0
Maxchi,894,946,AG,A2D,H,0.01970425018067768
Maxchi,521,606,AG,BC,H,6.728595972734019e-17
Maxchi,370,380,AG,BG,H,0.0035811640331237355
Maxchi,443,463,AG,CD,H,0.009748109126736945
Maxchi,250,260,AG,CPZ,H,1.4958258446518184e-05
Maxchi,541,626,AG,H,J,7.45643864298052e-20
Maxchi,309,359,AG,H,L,1.0
Maxchi,536,627,AG,02G,J,1.2246293358021643e-17
Maxchi,511,561,AG,A5U,J,1.0
Maxchi,3303,3350,AG,C2U,J,0.3525886762122358
Maxchi,493,540,AG,CPZ,J,0.000200888864318128
Maxchi,3882,3929,AG,J,K,0.5254677904123166
Maxchi,719,768,AG,01B,L,0.37700207866685276
Maxchi,533,639,AG,02G,L,3.495201362754083e-29
Maxchi,719,768,AG,A1D,L,0.37700207866685276
Maxchi,304,354,AG,A5U,L,1.0
Maxchi,512,562,AG,BF,L,1.0
Maxchi,560,613,AG,BG,L,6.959099009528052e-21
Maxchi,533,639,AG,CPZ,L,1.0304589692707524e-26
Maxchi,560,613,AG,L,cpx,6.959099009528052e-21
Maxchi,2951,2993,AG,01A1,cpx,0.042711473219367704
Maxchi,2946,2987,AG,01B,cpx,0.12799964519745058
Maxchi,3933,3991,AG,01C,cpx,0.008213539926966497
Maxchi,1663,1721,AG,02A,cpx,0.003559562418277997
Maxchi,2993,3034,AG,02B,cpx,0.042711473219367704
Maxchi,521,535,AG,02G,cpx,0.0006955970567137426
Maxchi,1981,2029,AG,A1D,cpx,0.2673834363554346
Maxchi,3875,3925,AG,A2D,cpx,0.1324663427033211
Maxchi,450,458,AG,A5U,cpx,2.753800770030103e-07
Maxchi,2822,2877,AG,AD,cpx,0.045611460879024915
Maxchi,426,590,AG,BF,cpx,3.624620830443607e-53
Maxchi,1698,1747,AG,BG,cpx,0.061540188826445054
Maxchi,2029,2076,AG,C2U,cpx,0.2673834363554346
Maxchi,2028,2076,AG,DF,cpx,0.2672574931543847
Maxchi,3435,3501,B,01A1,01C,0.09736294875439155
Maxchi,1406,1452,B,01A1,02A,0.716244275120052
Maxchi,3863,3931,B,01A1,02B,0.05430783049994375
Maxchi,841,895,B,01A1,A5U,0.021539452429296814
Maxchi,3863,3931,B,01A1,AD,0.05430783049994375
Maxchi,1693,1743,B,01A1,BF1,0.7286304469707802
Maxchi,3343,3390,B,01A1,C2U,0.6006042071637501
Maxchi,4375,4425,B,01A1,01B,0.6216009068177168
Maxchi,4375,4417,B,01B,01C,0.23391969103376192
Maxchi,3943,3995,B,01B,02B,0.14924017631488318
Maxchi,1961,2008,B,01B,A1D,0.0683636430395903
Maxchi,3012,3067,B,01B,A2D,0.36109133579090225
Maxchi,893,941,B,01B,A5U,4.60834162465414e-05
Maxchi,1618,1672,B,01B,BF1,7.98597766323849e-06
Maxchi,3266,3328,B,01B,C2U,0.005569802146730306
Maxchi,1680,1759,B,01C,02A,5.508479891884822e-06
Maxchi,1210,1254,B,02A,02B,0.6887260603573513
Maxchi,829,884,B,01C,02G,0.0021814318185431757
Maxchi,934,981,B,02A,02G,0.022247809887402013
Maxchi,484,537,B,02B,02G,0.07260450712994107
Maxchi,884,938,B,02G,A1D,0.0021814318185431757
Maxchi,884,938,B,02G,C2U,0.0021814318185431757
Maxchi,360,411,B,02A,A,0.002940932104495999
Maxchi,287,337,B,02G,A,1.0
Maxchi,398,448,B,A,A1D,8.412912576702338e-05
Maxchi,778,834,B,A,A6,0.059022540223998256
Maxchi,606,663,B,A,BC,0.11846476908312205
Maxchi,210,402,B,A,BF,4.070822045386692e-52
Maxchi,375,426,B,A,BF1,6.586857658927861e-12
Maxchi,369,376,B,A,BG,0.00035871294143977614
Maxchi,398,445,B,A,C,0.08524430172230993
Maxchi,398,445,B,A,C2U,0.12188769712028555
Maxchi,398,451,B,A,CD,0.2033265332222192
Maxchi,549,614,B,A,DF,0.00017030775104790927
Maxchi,946,1004,B,A,F2,0.05545839528090226
Maxchi,949,1005,B,A,K,0.00026749776377982487
Maxchi,305,355,B,A,L,1.0
Maxchi,4373,4432,B,01B,A1,0.11614070342914505
Maxchi,3209,3258,B,02B,A1,0.05252458061936083
Maxchi,1926,1985,B,A1,A1D,0.008573589055822752
Maxchi,3236,3280,B,A1,A2D,0.154142573097996
Maxchi,841,894,B,A1,A5U,0.04707888434825061
Maxchi,1338,1404,B,A1,BG,0.1509623197602479
Maxchi,3313,3355,B,A1,C2U,0.19758282667450455
Maxchi,3419,3470,B,02B,A1D,0.6050464701996823
Maxchi,2635,2679,B,A1D,C2U,0.07276531122200532
Maxchi,2929,2970,B,01A1,A2,0.2985815861972602
Maxchi,2957,3012,B,01B,A2,0.1272312525096447
Maxchi,2813,2874,B,02B,A2,0.0030550660373825193
Maxchi,6446,6496,B,A2,BC,0.0006289394206546049
Maxchi,1690,1748,B,A2,BG,2.285894105489244e-05
Maxchi,3178,3228,B,01A1,A2D,0.014540341677377028
Maxchi,3978,4021,B,02B,A2D,0.2540959197338026
Maxchi,3410,3459,B,A1D,A2D,0.14905988924927288
Maxchi,3879,3923,B,A2D,AD,0.2942661043049598
Maxchi,1666,1731,B,A2D,BF1,6.993787510652403e-06
Maxchi,1941,1993,B,A2D,C2U,0.0009968900964395465
Maxchi,4269,4318,B,01A1,A3,0.41308706294394837
Maxchi,2818,2863,B,A3,A6,0.17962235213857886
Maxchi,2957,3012,B,A3,AD,0.1109298529459056
Maxchi,360,411,B,02A,A5U,0.0035380567419032536
Maxchi,844,891,B,02B,A5U,0.0001628130354796409
Maxchi,286,336,B,02G,A5U,1.0
Maxchi,398,448,B,A1D,A5U,8.412912576702338e-05
Maxchi,844,893,B,A5U,AD,4.5018656593608436e-08
Maxchi,375,427,B,A5U,BF1,2.4524456141090814e-11
Maxchi,756,813,B,A5U,C2U,0.09272234664186566
Maxchi,206,254,B,A5U,CPZ,0.1485617748918645
Maxchi,3995,4047,B,01A1,A6,0.051407424034574684
Maxchi,934,981,B,02G,A6,0.022247809887402013
Maxchi,709,763,B,A5U,A6,0.29869755599496717
Maxchi,3798,3863,B,A6,AD,0.005320112307145168
Maxchi,3072,3087,B,A6,AE,0.010849724377451925
Maxchi,1690,1748,B,A6,BG,2.285894105489244e-05
Maxchi,9260,9313,B,A6,C2U,0.22094450699021484
Maxchi,663,721,B,A6,H,0.038195468008596384
Maxchi,2889,2947,B,01C,AD,0.09728014821824636
Maxchi,1158,1206,B,02A,AD,0.05099434077422142
Maxchi,3515,3566,B,A1D,AD,0.2484303764175146
Maxchi,1978,2030,B,AD,BF1,1.3418299404294218e-06
Maxchi,3292,3343,B,AD,C2U,0.20165193110499943
Maxchi,4375,4425,B,01A1,AE,0.6216009068177168
Maxchi,5280,5334,B,01B,AE,0.443598431957837
Maxchi,4375,4417,B,01C,AE,0.23391969103376192
Maxchi,2033,2082,B,02A,AE,0.004399460524372392
Maxchi,3943,3995,B,02B,AE,0.14924017631488318
Maxchi,843,891,B,A5U,AE,9.225548870819634e-06
Maxchi,4010,4061,B,AD,AE,0.430828667606429
Maxchi,3227,3277,B,AE,AG,0.12282264810139186
Maxchi,2901,2957,B,AE,BC,0.21064829339310562
Maxchi,401,453,B,AE,BF,8.297490572334454e-12
Maxchi,1618,1672,B,AE,BF1,7.98597766323849e-06
Maxchi,1339,1406,B,AE,BG,0.056738221375193486
Maxchi,3266,3328,B,AE,C2U,0.014437597321834578
Maxchi,2957,3012,B,AE,CD,0.1272312525096447
Maxchi,2963,3012,B,AE,DF,0.1179228883975527
Maxchi,3500,3563,B,AE,cpx,0.2997091348907429
Maxchi,4365,4415,B,01A1,AG,0.01842212545409897
Maxchi,3227,3281,B,01B,AG,0.12545785464424355
Maxchi,3996,4053,B,01C,AG,0.16433515929868403
Maxchi,1198,1235,B,02A,AG,0.21129954733370696
Maxchi,4928,4975,B,02B,AG,0.8018947198391222
Maxchi,3414,3465,B,A1D,AG,0.07346531133077557
Maxchi,3191,3236,B,A2D,AG,0.10324004912536758
Maxchi,844,894,B,A5U,AG,6.783900119853268e-08
Maxchi,3024,3072,B,AD,AG,0.5509849875850935
Maxchi,2772,2824,B,AG,BC,0.35239182408368175
Maxchi,401,453,B,AG,BF,8.297490572334454e-12
Maxchi,1453,1524,B,AG,BF1,0.005725572054064959
Maxchi,3359,3411,B,AG,C2U,0.05293976462520563
Maxchi,2813,2874,B,AG,CD,0.013300307239505363
Maxchi,2775,2825,B,AG,DF,0.2523414106691046
Maxchi,2813,2874,B,AG,cpx,0.013300307239505363
Maxchi,360,412,B,02A,B.FR.83.HXBLAI_IIIB_BRU.K03455,0.004229127697816718
Maxchi,260,369,B,02G,B.FR.83.HXBLAI_IIIB_BRU.K03455,9.732484224413035e-21
Maxchi,432,488,B,A,B.FR.83.HXBLAI_IIIB_BRU.K03455,1.450468741771242e-06
Maxchi,398,448,B,A1D,B.FR.83.HXBLAI_IIIB_BRU.K03455,0.00016468802233831083
Maxchi,210,402,B,B.FR.83.HXBLAI_IIIB_BRU.K03455,BF,4.070822045386692e-52
Maxchi,375,426,B,B.FR.83.HXBLAI_IIIB_BRU.K03455,BF1,6.586857658927861e-12
Maxchi,370,372,B,B.FR.83.HXBLAI_IIIB_BRU.K03455,BG,1.5374597944280386e-12
Maxchi,432,493,B,B.FR.83.HXBLAI_IIIB_BRU.K03455,C2U,0.34526015978926694
Maxchi,493,545,B,B.FR.83.HXBLAI_IIIB_BRU.K03455,CD,0.009765610974920244
Maxchi,444,493,B,B.FR.83.HXBLAI_IIIB_BRU.K03455,cpx,1.9583547350545534e-13
Maxchi,3730,3783,B,01A1,BC,0.09011639846512456
Maxchi,2901,2957,B,01B,BC,0.21064829339310562
Maxchi,6410,6467,B,01C,BC,1.3753845012158685e-09
Maxchi,1636,1693,B,02A,BC,0.0020291961432206394
Maxchi,2772,2824,B,02B,BC,0.14117651359089256
Maxchi,836,880,B,02G,BC,0.012014272991722863
Maxchi,6446,6500,B,A1D,BC,0.0013899859800795328
Maxchi,2874,2938,B,A2D,BC,0.0018299289373203207
Maxchi,728,791,B,A5U,BC,0.03448983842223465
Maxchi,3746,3800,B,AD,BC,0.310750303270678
Maxchi,431,505,B,BC,BF,2.458641488436838e-11
Maxchi,2035,2086,B,BC,BF1,0.00011520922930039711
Maxchi,1713,1774,B,BC,BG,0.002240550843774122
Maxchi,6540,6593,B,BC,C2U,0.003026293495990556
Maxchi,6603,6637,B,BC,CD,1.0291729024126225e-05
Maxchi,648,701,B,BC,CPZ,0.47670368721110645
Maxchi,374,432,B,01A1,BF,4.4827145239084755e-09
Maxchi,374,432,B,01B,BF,4.4827145239084755e-09
Maxchi,432,490,B,01C,BF,2.471864153415548e-07
Maxchi,417,530,B,02A,BF,3.5162247235062595e-18
Maxchi,374,432,B,02B,BF,4.4827145239084755e-09
Maxchi,413,530,B,02G,BF,1.4454376766819493e-23
Maxchi,432,490,B,A1D,BF,2.471864153415548e-07
Maxchi,374,432,B,A2D,BF,4.4827145239084755e-09
Maxchi,210,402,B,A5U,BF,4.070822045386692e-52
Maxchi,374,432,B,AD,BF,4.4827145239084755e-09
Maxchi,432,490,B,BF,BF1,2.471864153415548e-07
Maxchi,413,530,B,BF,BG,1.4454376766819493e-23
Maxchi,1698,1746,B,BF,C2U,0.21986893044484188
Maxchi,1917,1967,B,01C,BF1,0.001543949965846263
Maxchi,1692,1748,B,02A,BF1,0.00031408456107021905
Maxchi,2032,2082,B,02B,BF1,0.19439462048105158
Maxchi,874,928,B,02G,BF1,0.04041248902695918
Maxchi,2033,2087,B,A1D,BF1,0.0042019798573429456
Maxchi,1984,2033,B,01A1,BG,0.017744780094013278
Maxchi,1669,1720,B,02A,BG,2.0245402662479744e-06
Maxchi,1247,1295,B,02B,BG,0.025674942578765007
Maxchi,844,897,B,02G,BG,4.29390125908857e-05
Maxchi,1690,1748,B,A1D,BG,2.285894105489244e-05
Maxchi,1221,1271,B,A2D,BG,0.2971465303484674
Maxchi,369,376,B,A5U,BG,0.00035871294143977614
Maxchi,1692,1739,B,BF1,BG,0.002667962102950711
Maxchi,1655,1715,B,BG,C2U,4.528847649137139e-06
Maxchi,3277,3324,B,01B,C,0.0692477477085682
Maxchi,1923,1980,B,02B,C,0.0018755433592176944
Maxchi,832,878,B,02G,C,0.03976933199866429
Maxchi,9325,9383,B,A1D,C,0.02266382534344232
Maxchi,3368,3423,B,A2D,C,0.4118235201606377
Maxchi,756,813,B,A5U,C,0.09272234664186566
Maxchi,3229,3277,B,AE,C,0.15962274371833635
Maxchi,2303,2347,B,AG,C,0.19260725744452456
Maxchi,7295,7349,B,BC,C,0.00019200103358364866
Maxchi,1692,1740,B,BF,C,0.03316391405972813
Maxchi,2035,2086,B,BF1,C,0.0002558179614440381
Maxchi,1708,1760,B,BG,C,0.0007954540799108513
Maxchi,6561,6609,B,C,C2U,0.016219968003356563
Maxchi,6490,6542,B,C,DF,0.005871935283990411
Maxchi,1981,2038,B,C,F1,0.011152098048644856
Maxchi,491,536,B,C,H,0.14437182450494912
Maxchi,3698,3748,B,C,K,0.008479772381548591
Maxchi,1985,2033,B,C,L,0.0010723382937990115
Maxchi,2223,2257,B,01C,C2U,0.09718356646459043
Maxchi,1909,1972,B,02B,C2U,5.970805221853574e-05
Maxchi,3739,3790,B,01A1,CD,0.3093814892536835
Maxchi,2957,3012,B,01B,CD,0.1272312525096447
Maxchi,1689,1744,B,02A,CD,0.0011704628265036218
Maxchi,2948,2992,B,02B,CD,0.12601780481938177
Maxchi,1954,2003,B,02G,CD,0.05389372027699651
Maxchi,435,494,B,BF,CD,0.10207938441873741
Maxchi,3149,3204,B,BF1,CD,0.28979565147822584
Maxchi,2951,3000,B,C2U,CD,0.2753489525135333
Maxchi,648,701,B,CD,CPZ,0.27721626231136354
Maxchi,4390,4439,B,01B,D,0.19387643074205885
Maxchi,1158,1206,B,02A,D,0.23645619874610063
Maxchi,3465,3486,B,02B,D,2.1455166215630754e-05
Maxchi,4018,4068,B,A1D,D,0.5649716471517103
Maxchi,3422,3470,B,A2D,D,0.011737802879756912
Maxchi,3466,3487,B,AD,D,0.0010585504726248558
Maxchi,3465,3486,B,AG,D,2.1455166215630754e-05
Maxchi,3419,3471,B,BC,D,0.14924017631488318
Maxchi,401,453,B,BF,D,8.297490572334454e-12
Maxchi,1692,1746,B,BF1,D,0.014632723579783635
Maxchi,3998,4039,B,C2U,D,0.12520525785820225
Maxchi,5692,5743,B,CD,D,0.20219828710583698
Maxchi,4299,4348,B,D,DF,0.08028033864590135
Maxchi,1694,1742,B,D,F1,0.00578316719300193
Maxchi,3419,3460,B,D,J,0.13859362580470708
Maxchi,5105,5140,B,D,K,0.13396120840002
Maxchi,2042,2096,B,D,L,0.000346619351134667
Maxchi,3794,3842,B,D,cpx,0.1485617748918646
Maxchi,3077,3126,B,01A1,DF,0.4428602225095475
Maxchi,2963,3012,B,01B,DF,0.1179228883975527
Maxchi,3197,3239,B,01C,DF,0.24103919390741405
Maxchi,1701,1750,B,02A,DF,0.03757196589750172
Maxchi,3084,3134,B,02B,DF,0.3663582015632837
Maxchi,846,898,B,02G,DF,0.00010673804739367432
Maxchi,2901,2952,B,A1D,DF,0.1912600146462678
Maxchi,3035,3080,B,A2D,DF,0.5254486161705962
Maxchi,3914,3963,B,AD,DF,0.14871814747190334
Maxchi,6636,6688,B,BC,DF,1.953689987651672e-06
Maxchi,423,509,B,BF,DF,1.0011595102859698e-14
Maxchi,3399,3448,B,BF1,DF,0.09099113508979113
Maxchi,2933,2978,B,C2U,DF,0.16376600942358438
Maxchi,3923,3943,B,CD,DF,3.283758649873375e-11
Maxchi,3073,3126,B,01B,F1,0.4132910152965723
Maxchi,1691,1748,B,01C,F1,0.00034693310342090477
Maxchi,2032,2082,B,02B,F1,0.1591718862638199
Maxchi,1923,1981,B,A1D,F1,0.009682978358150077
Maxchi,369,426,B,A5U,F1,5.658725230366511e-11
Maxchi,1957,2004,B,AD,F1,0.0035367112318239425
Maxchi,3092,3149,B,AE,F1,0.36647251570360184
Maxchi,2033,2082,B,AG,F1,0.025841616486564266
Maxchi,1979,2033,B,BC,F1,0.018647441197790483
Maxchi,420,491,B,BF,F1,0.21572134789018904
Maxchi,2953,2958,B,BF1,F1,3.763307607378343e-05
Maxchi,2038,2087,B,CD,F1,1.1130807192937203e-05
Maxchi,1692,1748,B,F1,F2,0.0013291215197791478
Maxchi,1692,1748,B,F1,G,0.0013291215197791478
Maxchi,369,426,B,F1,H,5.658725230366511e-11
Maxchi,1878,1923,B,F1,J,0.0851916964358797
Maxchi,1461,1511,B,F1,K,0.13377903480121403
Maxchi,1695,1746,B,F1,L,0.018239997639759694
Maxchi,3231,3282,B,01A1,F2,0.7174494836999052
Maxchi,3101,3148,B,01B,F2,0.4867340282804564
Maxchi,3232,3282,B,01C,F2,0.3730645919452531
Maxchi,1365,1412,B,02A,F2,0.06893171484270376
Maxchi,3085,3134,B,02B,F2,0.12274386192556501
Maxchi,2945,2998,B,A1D,F2,0.12784131566451268
Maxchi,3053,3101,B,AE,F2,0.156337198788842
Maxchi,3107,3160,B,AG,F2,0.31685194547048773
Maxchi,3399,3450,B,BC,F2,0.05514396177411045
Maxchi,401,453,B,BF,F2,2.4524456141090814e-11
Maxchi,1989,2042,B,BF1,F2,0.11116427437249761
Maxchi,4312,4360,B,CD,F2,0.09631848360678938
Maxchi,3197,3245,B,F2,G,0.629894464708906
Maxchi,3452,3503,B,F2,K,0.27376438122238905
Maxchi,877,930,B,F2,L,0.1482533584105176
Maxchi,3738,3787,B,01A1,G,0.011893534567531302
Maxchi,2904,2958,B,01B,G,0.07702483053828138
Maxchi,9418,9455,B,01C,G,1.6100549641425929e-06
Maxchi,2904,2951,B,02B,G,0.32240462936319203
Maxchi,902,926,B,02G,G,3.650107653567292e-07
Maxchi,2438,2463,B,A1D,G,0.08400089614880765
Maxchi,3743,3793,B,A2D,G,0.16142946236707922
Maxchi,739,787,B,A5U,G,0.024242483768523025
Maxchi,3697,3745,B,AD,G,0.15513156872711012
Maxchi,2904,2958,B,AE,G,0.07702483053828138
Maxchi,3825,3874,B,AG,G,0.30244826471650055
Maxchi,6613,6665,B,BC,G,0.004365898396944582
Maxchi,432,493,B,BF,G,6.354923713721033e-07
Maxchi,1984,2044,B,BF1,G,0.003771388208158294
Maxchi,1968,2018,B,BG,G,0.09785383135920757
Maxchi,9433,9487,B,C2U,G,1.7375552110458438e-05
Maxchi,726,787,B,G,H,0.000533261252922049
Maxchi,360,411,B,02A,H,0.0013055924087956078
Maxchi,291,341,B,02G,H,1.0
Maxchi,372,429,B,A1D,H,5.658725230366511e-11
Maxchi,663,727,B,BC,H,0.07604147583024319
Maxchi,210,402,B,BF,H,4.070822045386692e-52
Maxchi,375,426,B,BF1,H,6.586857658927861e-12
Maxchi,370,380,B,BG,H,0.0035811640331237355
Maxchi,527,534,B,C2U,H,0.0023701088572561342
Maxchi,546,606,B,CD,H,0.0027446599657799118
Maxchi,250,260,B,CPZ,H,1.4958258446518184e-05
Maxchi,693,742,B,DF,H,0.31976706349517575
Maxchi,985,1041,B,H,J,0.12499428039665933
Maxchi,895,950,B,H,K,0.0044770150231296674
Maxchi,309,359,B,H,L,1.0
Maxchi,444,493,B,H,cpx,1.9583547350545534e-13
Maxchi,3024,3073,B,01B,J,0.277339031200013
Maxchi,2918,2979,B,02B,J,0.00598964336614812
Maxchi,886,936,B,02G,J,8.711341739708889e-05
Maxchi,2439,2463,B,A1D,J,0.034645528225470686
Maxchi,2918,2979,B,A2D,J,0.0006365960860947904
Maxchi,787,842,B,A5U,J,0.03517078293662258
Maxchi,2918,2979,B,AG,J,0.006139755006993171
Maxchi,6624,6675,B,BC,J,0.08610050034211586
Maxchi,440,605,B,BF,J,3.9233864925612834e-43
Maxchi,1978,2026,B,BF1,J,0.156337198788842
Maxchi,1671,1751,B,BG,J,1.1790302857893709e-06
Maxchi,3350,3398,B,C2U,J,0.03576773765361929
Maxchi,2972,3026,B,CD,J,0.18063219207559644
Maxchi,3439,3487,B,DF,J,0.24846425738706346
Maxchi,3105,3148,B,J,K,0.03798727863365892
Maxchi,1355,1406,B,J,L,0.4132125666168054
Maxchi,2791,2851,B,J,cpx,0.050006847859337816
Maxchi,3695,3744,B,01A1,K,0.39031382395981074
Maxchi,3024,3068,B,01B,K,0.17535024307943758
Maxchi,3024,3068,B,02B,K,0.17535024307943758
Maxchi,3417,3466,B,A1D,K,0.07234490944100423
Maxchi,3018,3068,B,BC,K,0.07223841568688766
Maxchi,401,453,B,BF,K,8.297490572334454e-12
Maxchi,2715,2765,B,BG,K,0.2971465303484674
Maxchi,3531,3582,B,C2U,K,0.27892254528121196
Maxchi,3896,3947,B,CD,K,0.02436694637675594
Maxchi,2912,2965,B,K,L,0.20375573491088952
Maxchi,2640,2696,B,01B,L,0.02314419739548354
Maxchi,2746,2810,B,02B,L,0.009559000055032374
Maxchi,1985,2042,B,A1D,L,0.08264296101022625
Maxchi,715,766,B,A2D,L,0.13909175112658914
Maxchi,304,354,B,A5U,L,1.0
Maxchi,1283,1334,B,BC,L,0.27892254528121196
Maxchi,883,933,B,BF,L,0.26945640515977404
Maxchi,1436,1479,B,BF1,L,0.22883055965882187
Maxchi,1666,1720,B,BG,L,3.77627898389507e-11
Maxchi,2404,2447,B,CD,L,0.683760169764959
Maxchi,589,644,B,CPZ,L,0.16839497647213397
Maxchi,1530,1582,B,DF,L,0.5798634131124516
Maxchi,2954,2994,B,01A1,cpx,0.11019678349138332
Maxchi,3548,3594,B,01B,cpx,0.5561135890495763
Maxchi,2706,2765,B,A1D,cpx,0.07671840421321464
Maxchi,439,483,B,A5U,cpx,4.761140247069751e-16
Maxchi,2851,2886,B,BC,cpx,0.0026966503058376487
Maxchi,426,590,B,BF,cpx,3.624620830443607e-53
Maxchi,1826,1863,B,BF1,cpx,0.16814993032014136
Maxchi,1681,1733,B,BG,cpx,0.004878843613631064
Maxchi,2598,2655,B,C2U,cpx,0.07420621131808247
Maxchi,2950,2987,B,CD,cpx,0.07654860327265488
Maxchi,536,588,B,CPZ,cpx,0.018672658683924186
Maxchi,828,879,B.FR.83.HXBLAI_IIIB_BRU.K03455,01A1,02B,0.0022035226955378472
Maxchi,893,948,B.FR.83.HXBLAI_IIIB_BRU.K03455,01A1,A1D,0.1689874029423642
Maxchi,829,883,B.FR.83.HXBLAI_IIIB_BRU.K03455,01A1,A5U,0.029628859161257903
Maxchi,879,930,B.FR.83.HXBLAI_IIIB_BRU.K03455,01A1,AD,0.007446279315697472
Maxchi,206,254,B.FR.83.HXBLAI_IIIB_BRU.K03455,01A1,CPZ,0.1485617748918645
Maxchi,919,969,B.FR.83.HXBLAI_IIIB_BRU.K03455,01A1,01B,0.03546773107300325
Maxchi,869,922,B.FR.83.HXBLAI_IIIB_BRU.K03455,01B,A2D,0.11733087132801681
Maxchi,843,891,B.FR.83.HXBLAI_IIIB_BRU.K03455,01B,A5U,9.225548870819634e-06
Maxchi,869,922,B.FR.83.HXBLAI_IIIB_BRU.K03455,01B,AD,0.11733087132801681
Maxchi,206,254,B.FR.83.HXBLAI_IIIB_BRU.K03455,01B,CPZ,0.1485617748918645
Maxchi,206,254,B.FR.83.HXBLAI_IIIB_BRU.K03455,01C,CPZ,0.1485617748918645
Maxchi,206,254,B.FR.83.HXBLAI_IIIB_BRU.K03455,02A,CPZ,0.1485617748918645
Maxchi,206,254,B.FR.83.HXBLAI_IIIB_BRU.K03455,02B,CPZ,0.1485617748918645
Maxchi,370,427,B.FR.83.HXBLAI_IIIB_BRU.K03455,02G,CPZ,2.333358668505006e-09
Maxchi,981,1034,B.FR.83.HXBLAI_IIIB_BRU.K03455,01A1,A,0.21131524810520275
Maxchi,928,989,B.FR.83.HXBLAI_IIIB_BRU.K03455,01B,A,0.13314924464641342
Maxchi,900,954,B.FR.83.HXBLAI_IIIB_BRU.K03455,01C,A,0.03766692222862869
Maxchi,484,533,B.FR.83.HXBLAI_IIIB_BRU.K03455,02A,A,0.06975003135360786
Maxchi,937,985,B.FR.83.HXBLAI_IIIB_BRU.K03455,02B,A,0.05039897015854497
Maxchi,447,492,B.FR.83.HXBLAI_IIIB_BRU.K03455,02G,A,3.8583450844425915e-07
Maxchi,918,971,B.FR.83.HXBLAI_IIIB_BRU.K03455,A,A1,0.12250459254722196
Maxchi,723,773,B.FR.83.HXBLAI_IIIB_BRU.K03455,A,A1D,0.017878701644976323
Maxchi,696,751,B.FR.83.HXBLAI_IIIB_BRU.K03455,A,A2,0.2299061422345213
Maxchi,943,989,B.FR.83.HXBLAI_IIIB_BRU.K03455,A,A3,0.07322069865600879
Maxchi,3416,3478,B.FR.83.HXBLAI_IIIB_BRU.K03455,A,A5U,0.07144629982300997
Maxchi,778,834,B.FR.83.HXBLAI_IIIB_BRU.K03455,A,A6,0.059022540223998256
Maxchi,943,993,B.FR.83.HXBLAI_IIIB_BRU.K03455,A,AD,0.14891467317876161
Maxchi,981,1034,B.FR.83.HXBLAI_IIIB_BRU.K03455,A,AE,0.31685194547048773
Maxchi,928,946,B.FR.83.HXBLAI_IIIB_BRU.K03455,A,AG,3.929377819634531e-08
Maxchi,650,701,B.FR.83.HXBLAI_IIIB_BRU.K03455,A,BC,0.37122934346037195
Maxchi,398,445,B.FR.83.HXBLAI_IIIB_BRU.K03455,A,BF,0.15449891130990462
Maxchi,455,513,B.FR.83.HXBLAI_IIIB_BRU.K03455,A,BG,6.477480302968201e-12
Maxchi,701,742,B.FR.83.HXBLAI_IIIB_BRU.K03455,A,C,0.42212337854735715
Maxchi,686,757,B.FR.83.HXBLAI_IIIB_BRU.K03455,A,C2U,0.092584625020443
Maxchi,372,434,B.FR.83.HXBLAI_IIIB_BRU.K03455,A,CPZ,0.0017856575085278485
Maxchi,989,1046,B.FR.83.HXBLAI_IIIB_BRU.K03455,A,D,0.18866893361274495
Maxchi,726,787,B.FR.83.HXBLAI_IIIB_BRU.K03455,A,G,0.10400831567582512
Maxchi,904,963,B.FR.83.HXBLAI_IIIB_BRU.K03455,A,J,0.11662103469415129
Maxchi,927,980,B.FR.83.HXBLAI_IIIB_BRU.K03455,A,K,0.0004952999283194321
Maxchi,617,691,B.FR.83.HXBLAI_IIIB_BRU.K03455,A,L,0.031122715664366016
Maxchi,749,809,B.FR.83.HXBLAI_IIIB_BRU.K03455,A,cpx,0.14723340955957193
Maxchi,869,919,B.FR.83.HXBLAI_IIIB_BRU.K03455,01A1,A1,0.16474505217593566
Maxchi,869,922,B.FR.83.HXBLAI_IIIB_BRU.K03455,01B,A1,0.11733087132801681
Maxchi,918,971,B.FR.83.HXBLAI_IIIB_BRU.K03455,02B,A1,0.0467635106509548
Maxchi,914,968,B.FR.83.HXBLAI_IIIB_BRU.K03455,A1,A1D,0.048380088501432404
Maxchi,920,963,B.FR.83.HXBLAI_IIIB_BRU.K03455,A1,A2,0.0010342909719042036
Maxchi,894,948,B.FR.83.HXBLAI_IIIB_BRU.K03455,A1,A2D,0.0006009936526518484
Maxchi,918,971,B.FR.83.HXBLAI_IIIB_BRU.K03455,A1,A3,0.12250459254722196
Maxchi,842,885,B.FR.83.HXBLAI_IIIB_BRU.K03455,A1,A5U,5.006135765568274e-07
Maxchi,971,1023,B.FR.83.HXBLAI_IIIB_BRU.K03455,A1,AD,0.0467635106509548
Maxchi,869,922,B.FR.83.HXBLAI_IIIB_BRU.K03455,A1,AE,0.11733087132801681
Maxchi,943,993,B.FR.83.HXBLAI_IIIB_BRU.K03455,A1,AG,0.26945640515977404
Maxchi,501,534,B.FR.83.HXBLAI_IIIB_BRU.K03455,A1,B,0.045520447508782494
Maxchi,371,432,B.FR.83.HXBLAI_IIIB_BRU.K03455,A1,C,0.16546319217951636
Maxchi,206,254,B.FR.83.HXBLAI_IIIB_BRU.K03455,A1,CPZ,0.1485617748918645
Maxchi,971,1024,B.FR.83.HXBLAI_IIIB_BRU.K03455,A1,D,0.12250459254722196
Maxchi,895,944,B.FR.83.HXBLAI_IIIB_BRU.K03455,A1,H,0.11752486809663953
Maxchi,874,928,B.FR.83.HXBLAI_IIIB_BRU.K03455,A1,K,0.062437366255472235
Maxchi,278,401,B.FR.83.HXBLAI_IIIB_BRU.K03455,A1,L,1.2714468903428339e-25
Maxchi,206,254,B.FR.83.HXBLAI_IIIB_BRU.K03455,A1D,CPZ,0.1485617748918645
Maxchi,881,929,B.FR.83.HXBLAI_IIIB_BRU.K03455,01A1,A2,0.02511316257212444
Maxchi,869,922,B.FR.83.HXBLAI_IIIB_BRU.K03455,01B,A2,0.11733087132801681
Maxchi,895,945,B.FR.83.HXBLAI_IIIB_BRU.K03455,01C,A2,0.0001520742514117052
Maxchi,308,360,B.FR.83.HXBLAI_IIIB_BRU.K03455,02A,A2,9.24409203163046e-05
Maxchi,844,897,B.FR.83.HXBLAI_IIIB_BRU.K03455,A2,A3,4.9528444478317187e-05
Maxchi,773,822,B.FR.83.HXBLAI_IIIB_BRU.K03455,A2,A5U,0.28629168118153203
Maxchi,698,762,B.FR.83.HXBLAI_IIIB_BRU.K03455,A2,A6,0.19260979341379975
Maxchi,842,899,B.FR.83.HXBLAI_IIIB_BRU.K03455,A2,AD,0.0012846500093669489
Maxchi,896,948,B.FR.83.HXBLAI_IIIB_BRU.K03455,A2,AE,0.09194982610802073
Maxchi,534,596,B.FR.83.HXBLAI_IIIB_BRU.K03455,A2,B,0.04079194073137289
Maxchi,651,703,B.FR.83.HXBLAI_IIIB_BRU.K03455,A2,BC,0.16649905711891205
Maxchi,322,376,B.FR.83.HXBLAI_IIIB_BRU.K03455,A2,BG,0.008144846665155654
Maxchi,584,617,B.FR.83.HXBLAI_IIIB_BRU.K03455,A2,C2U,0.022914171535340942
Maxchi,595,656,B.FR.83.HXBLAI_IIIB_BRU.K03455,A2,CD,0.16557256797482572
Maxchi,206,254,B.FR.83.HXBLAI_IIIB_BRU.K03455,A2,CPZ,0.1485617748918645
Maxchi,636,687,B.FR.83.HXBLAI_IIIB_BRU.K03455,A2,DF,0.08126806104171094
Maxchi,310,366,B.FR.83.HXBLAI_IIIB_BRU.K03455,A2,F1,2.869032258385737e-07
Maxchi,7195,7250,B.FR.83.HXBLAI_IIIB_BRU.K03455,A2,G,0.0033683158265152766
Maxchi,463,505,B.FR.83.HXBLAI_IIIB_BRU.K03455,A2,J,0.0014576566881213504
Maxchi,900,950,B.FR.83.HXBLAI_IIIB_BRU.K03455,A2,K,0.007212578345957236
Maxchi,278,366,B.FR.83.HXBLAI_IIIB_BRU.K03455,A2,L,6.884369951137808e-14
Maxchi,443,493,B.FR.83.HXBLAI_IIIB_BRU.K03455,A2,cpx,4.4862686789978496e-10
Maxchi,873,927,B.FR.83.HXBLAI_IIIB_BRU.K03455,A1D,A2D,0.03688259664356394
Maxchi,844,893,B.FR.83.HXBLAI_IIIB_BRU.K03455,A2D,A5U,9.938231598434423e-08
Maxchi,206,254,B.FR.83.HXBLAI_IIIB_BRU.K03455,A2D,CPZ,0.1485617748918645
Maxchi,985,1034,B.FR.83.HXBLAI_IIIB_BRU.K03455,01A1,A3,0.6180443653523235
Maxchi,831,881,B.FR.83.HXBLAI_IIIB_BRU.K03455,01B,A3,0.00028808937972166215
Maxchi,843,900,B.FR.83.HXBLAI_IIIB_BRU.K03455,02B,A3,0.038686891874133385
Maxchi,911,961,B.FR.83.HXBLAI_IIIB_BRU.K03455,A1D,A3,0.47404563694775204
Maxchi,842,885,B.FR.83.HXBLAI_IIIB_BRU.K03455,A3,A5U,1.0660710952231446e-06
Maxchi,882,929,B.FR.83.HXBLAI_IIIB_BRU.K03455,A3,AD,0.17504747900827516
Maxchi,922,974,B.FR.83.HXBLAI_IIIB_BRU.K03455,A3,AE,0.007702071971950538
Maxchi,928,981,B.FR.83.HXBLAI_IIIB_BRU.K03455,A3,AG,6.378488843657019e-05
Maxchi,501,534,B.FR.83.HXBLAI_IIIB_BRU.K03455,A3,B,0.045520447508782494
Maxchi,371,432,B.FR.83.HXBLAI_IIIB_BRU.K03455,A3,C,0.16546319217951636
Maxchi,206,254,B.FR.83.HXBLAI_IIIB_BRU.K03455,A3,CPZ,0.1485617748918645
Maxchi,895,946,B.FR.83.HXBLAI_IIIB_BRU.K03455,A3,D,0.02067953323974179
Maxchi,310,369,B.FR.83.HXBLAI_IIIB_BRU.K03455,A3,F1,2.5465283975220625e-06
Maxchi,278,401,B.FR.83.HXBLAI_IIIB_BRU.K03455,A3,L,1.2714468903428339e-25
Maxchi,758,815,B.FR.83.HXBLAI_IIIB_BRU.K03455,01C,A5U,0.14277741056413987
Maxchi,484,533,B.FR.83.HXBLAI_IIIB_BRU.K03455,02A,A5U,0.28780370526057747
Maxchi,455,504,B.FR.83.HXBLAI_IIIB_BRU.K03455,02G,A5U,0.05336892980989012
Maxchi,650,701,B.FR.83.HXBLAI_IIIB_BRU.K03455,A1D,A5U,0.5475026536917083
Maxchi,844,892,B.FR.83.HXBLAI_IIIB_BRU.K03455,A5U,AD,9.1351480712357e-09
Maxchi,653,696,B.FR.83.HXBLAI_IIIB_BRU.K03455,A5U,BF1,0.14334313532223625
Maxchi,372,415,B.FR.83.HXBLAI_IIIB_BRU.K03455,A5U,CPZ,0.00012841413593269902
Maxchi,899,954,B.FR.83.HXBLAI_IIIB_BRU.K03455,01C,A6,0.09584531109154724
Maxchi,941,992,B.FR.83.HXBLAI_IIIB_BRU.K03455,A2D,A6,0.009869643780558128
Maxchi,772,821,B.FR.83.HXBLAI_IIIB_BRU.K03455,A5U,A6,0.6805409005427874
Maxchi,908,951,B.FR.83.HXBLAI_IIIB_BRU.K03455,A6,AG,0.0013377712230464845
Maxchi,729,769,B.FR.83.HXBLAI_IIIB_BRU.K03455,A6,B,0.30191963839912983
Maxchi,650,701,B.FR.83.HXBLAI_IIIB_BRU.K03455,A6,BC,0.11005202610240498
Maxchi,206,254,B.FR.83.HXBLAI_IIIB_BRU.K03455,A6,CPZ,0.1485617748918645
Maxchi,310,366,B.FR.83.HXBLAI_IIIB_BRU.K03455,A6,F1,1.3509273158364887e-05
Maxchi,686,738,B.FR.83.HXBLAI_IIIB_BRU.K03455,A6,G,0.47687850374060836
Maxchi,723,774,B.FR.83.HXBLAI_IIIB_BRU.K03455,A6,H,0.16144780085700183
Maxchi,874,928,B.FR.83.HXBLAI_IIIB_BRU.K03455,A6,K,0.09860632514702547
Maxchi,278,401,B.FR.83.HXBLAI_IIIB_BRU.K03455,A6,L,1.2714468903428339e-25
Maxchi,423,451,B.FR.83.HXBLAI_IIIB_BRU.K03455,A6,cpx,8.626557405399352e-18
Maxchi,926,981,B.FR.83.HXBLAI_IIIB_BRU.K03455,02B,AD,0.18488888638210138
Maxchi,921,981,B.FR.83.HXBLAI_IIIB_BRU.K03455,A1D,AD,0.01951748118217779
Maxchi,206,254,B.FR.83.HXBLAI_IIIB_BRU.K03455,AD,CPZ,0.1485617748918645
Maxchi,919,969,B.FR.83.HXBLAI_IIIB_BRU.K03455,01A1,AE,0.03546773107300325
Maxchi,989,1049,B.FR.83.HXBLAI_IIIB_BRU.K03455,01B,AE,0.13314924464641342
Maxchi,869,922,B.FR.83.HXBLAI_IIIB_BRU.K03455,02B,AE,0.11733087132801681
Maxchi,869,921,B.FR.83.HXBLAI_IIIB_BRU.K03455,A1D,AE,0.06490259194494909
Maxchi,843,891,B.FR.83.HXBLAI_IIIB_BRU.K03455,A5U,AE,9.225548870819634e-06
Maxchi,869,922,B.FR.83.HXBLAI_IIIB_BRU.K03455,AD,AE,0.11733087132801681
Maxchi,869,922,B.FR.83.HXBLAI_IIIB_BRU.K03455,AE,AG,0.11733087132801681
Maxchi,206,254,B.FR.83.HXBLAI_IIIB_BRU.K03455,AE,CPZ,0.1485617748918645
Maxchi,426,509,B.FR.83.HXBLAI_IIIB_BRU.K03455,AE,DF,4.243478346332493e-11
Maxchi,948,1002,B.FR.83.HXBLAI_IIIB_BRU.K03455,01A1,AG,0.0009285683324756201
Maxchi,869,922,B.FR.83.HXBLAI_IIIB_BRU.K03455,01B,AG,0.11733087132801681
Maxchi,947,1002,B.FR.83.HXBLAI_IIIB_BRU.K03455,02B,AG,0.0022652129176400524
Maxchi,923,980,B.FR.83.HXBLAI_IIIB_BRU.K03455,A1D,AG,2.914657825578904e-05
Maxchi,935,984,B.FR.83.HXBLAI_IIIB_BRU.K03455,A2D,AG,0.05777474412710395
Maxchi,844,891,B.FR.83.HXBLAI_IIIB_BRU.K03455,A5U,AG,2.1069045779389964e-08
Maxchi,881,942,B.FR.83.HXBLAI_IIIB_BRU.K03455,AD,AG,0.08633040508824791
Maxchi,206,254,B.FR.83.HXBLAI_IIIB_BRU.K03455,AG,CPZ,0.1485617748918645
Maxchi,457,520,B.FR.83.HXBLAI_IIIB_BRU.K03455,01A1,B,1.7829576137424324e-14
Maxchi,524,590,B.FR.83.HXBLAI_IIIB_BRU.K03455,01B,B,4.3879957757117093e-10
Maxchi,549,606,B.FR.83.HXBLAI_IIIB_BRU.K03455,01C,B,0.01328582865310574
Maxchi,501,534,B.FR.83.HXBLAI_IIIB_BRU.K03455,02B,B,0.045520447508782494
Maxchi,501,534,B.FR.83.HXBLAI_IIIB_BRU.K03455,A2D,B,0.045520447508782494
Maxchi,501,534,B.FR.83.HXBLAI_IIIB_BRU.K03455,AD,B,0.045520447508782494
Maxchi,523,590,B.FR.83.HXBLAI_IIIB_BRU.K03455,AE,B,9.5275333558118e-10
Maxchi,949,1002,B.FR.83.HXBLAI_IIIB_BRU.K03455,AG,B,9.739661047895444e-05
Maxchi,698,749,B.FR.83.HXBLAI_IIIB_BRU.K03455,B,BC,0.651027810844026
Maxchi,432,493,B.FR.83.HXBLAI_IIIB_BRU.K03455,B,C,0.18248207753494966
Maxchi,206,254,B.FR.83.HXBLAI_IIIB_BRU.K03455,B,CPZ,0.1485617748918645
Maxchi,1696,1747,B.FR.83.HXBLAI_IIIB_BRU.K03455,B,D,0.042311348634384786
Maxchi,697,738,B.FR.83.HXBLAI_IIIB_BRU.K03455,B,DF,0.1377844529474459
Maxchi,310,369,B.FR.83.HXBLAI_IIIB_BRU.K03455,B,F1,2.5465283975220625e-06
Maxchi,458,517,B.FR.83.HXBLAI_IIIB_BRU.K03455,B,F2,5.087597185093782e-16
Maxchi,726,787,B.FR.83.HXBLAI_IIIB_BRU.K03455,B,G,0.10400831567582512
Maxchi,655,724,B.FR.83.HXBLAI_IIIB_BRU.K03455,B,H,0.15349178979068195
Maxchi,606,677,B.FR.83.HXBLAI_IIIB_BRU.K03455,B,J,0.1536523389412814
Maxchi,501,534,B.FR.83.HXBLAI_IIIB_BRU.K03455,B,K,0.045520447508782494
Maxchi,278,401,B.FR.83.HXBLAI_IIIB_BRU.K03455,B,L,1.2714468903428339e-25
Maxchi,346,403,B.FR.83.HXBLAI_IIIB_BRU.K03455,A1D,BC,1.0255427890076165e-07
Maxchi,810,864,B.FR.83.HXBLAI_IIIB_BRU.K03455,A5U,BC,0.23173562514652768
Maxchi,388,423,B.FR.83.HXBLAI_IIIB_BRU.K03455,BC,C2U,0.0541013797882144
Maxchi,206,254,B.FR.83.HXBLAI_IIIB_BRU.K03455,BC,CPZ,0.1485617748918645
Maxchi,184,234,B.FR.83.HXBLAI_IIIB_BRU.K03455,02G,BF,5.310992619972493e-18
Maxchi,427,450,B.FR.83.HXBLAI_IIIB_BRU.K03455,A5U,BF,0.10040160141329434
Maxchi,427,463,B.FR.83.HXBLAI_IIIB_BRU.K03455,BF,CPZ,0.011236759377330973
Maxchi,323,368,B.FR.83.HXBLAI_IIIB_BRU.K03455,BF1,C2U,5.408481312576009e-19
Maxchi,206,254,B.FR.83.HXBLAI_IIIB_BRU.K03455,BF1,CPZ,0.1485617748918645
Maxchi,402,447,B.FR.83.HXBLAI_IIIB_BRU.K03455,02A,BG,0.0003339249622170849
Maxchi,484,537,B.FR.83.HXBLAI_IIIB_BRU.K03455,A5U,BG,0.25703808868506967
Maxchi,206,254,B.FR.83.HXBLAI_IIIB_BRU.K03455,BG,CPZ,0.1485617748918645
Maxchi,881,929,B.FR.83.HXBLAI_IIIB_BRU.K03455,01A1,C,0.01842212545409897
Maxchi,371,432,B.FR.83.HXBLAI_IIIB_BRU.K03455,01B,C,0.16546319217951636
Maxchi,432,492,B.FR.83.HXBLAI_IIIB_BRU.K03455,01C,C,0.16546319217951636
Maxchi,371,432,B.FR.83.HXBLAI_IIIB_BRU.K03455,02B,C,0.16546319217951636
Maxchi,371,432,B.FR.83.HXBLAI_IIIB_BRU.K03455,A2D,C,0.16546319217951636
Maxchi,598,650,B.FR.83.HXBLAI_IIIB_BRU.K03455,A5U,C,0.37122934346037195
Maxchi,371,432,B.FR.83.HXBLAI_IIIB_BRU.K03455,AD,C,0.16546319217951636
Maxchi,371,432,B.FR.83.HXBLAI_IIIB_BRU.K03455,AE,C,0.16546319217951636
Maxchi,371,432,B.FR.83.HXBLAI_IIIB_BRU.K03455,AG,C,0.16546319217951636
Maxchi,486,534,B.FR.83.HXBLAI_IIIB_BRU.K03455,BC,C,0.03801417946488718
Maxchi,373,413,B.FR.83.HXBLAI_IIIB_BRU.K03455,BG,C,7.458656425989947e-06
Maxchi,699,763,B.FR.83.HXBLAI_IIIB_BRU.K03455,C,C2U,0.027229652270979666
Maxchi,206,254,B.FR.83.HXBLAI_IIIB_BRU.K03455,C,CPZ,0.1485617748918645
Maxchi,371,432,B.FR.83.HXBLAI_IIIB_BRU.K03455,C,D,0.16546319217951636
Maxchi,534,581,B.FR.83.HXBLAI_IIIB_BRU.K03455,C,DF,0.03801417946488718
Maxchi,356,366,B.FR.83.HXBLAI_IIIB_BRU.K03455,C,F1,0.0035811640331237355
Maxchi,371,432,B.FR.83.HXBLAI_IIIB_BRU.K03455,C,F2,0.16546319217951636
Maxchi,432,493,B.FR.83.HXBLAI_IIIB_BRU.K03455,C,G,0.18248207753494966
Maxchi,432,492,B.FR.83.HXBLAI_IIIB_BRU.K03455,C,J,0.16546319217951636
Maxchi,371,432,B.FR.83.HXBLAI_IIIB_BRU.K03455,C,K,0.16546319217951636
Maxchi,206,254,B.FR.83.HXBLAI_IIIB_BRU.K03455,C2U,CPZ,0.1485617748918645
Maxchi,598,650,B.FR.83.HXBLAI_IIIB_BRU.K03455,A5U,CD,0.550276053515244
Maxchi,206,254,B.FR.83.HXBLAI_IIIB_BRU.K03455,CD,CPZ,0.1485617748918645
Maxchi,869,919,B.FR.83.HXBLAI_IIIB_BRU.K03455,01A1,D,0.16474505217593566
Maxchi,987,1040,B.FR.83.HXBLAI_IIIB_BRU.K03455,02B,D,0.13639690072572297
Maxchi,832,887,B.FR.83.HXBLAI_IIIB_BRU.K03455,A5U,D,0.000444279044711087
Maxchi,931,978,B.FR.83.HXBLAI_IIIB_BRU.K03455,AD,D,0.2722991191796981
Maxchi,869,922,B.FR.83.HXBLAI_IIIB_BRU.K03455,AE,D,0.11733087132801681
Maxchi,905,951,B.FR.83.HXBLAI_IIIB_BRU.K03455,AG,D,0.04133733127966768
Maxchi,206,254,B.FR.83.HXBLAI_IIIB_BRU.K03455,CPZ,D,0.1485617748918645
Maxchi,310,369,B.FR.83.HXBLAI_IIIB_BRU.K03455,D,F1,2.5465283975220625e-06
Maxchi,943,998,B.FR.83.HXBLAI_IIIB_BRU.K03455,D,K,0.06168341738795507
Maxchi,278,401,B.FR.83.HXBLAI_IIIB_BRU.K03455,D,L,1.2714468903428339e-25
Maxchi,426,508,B.FR.83.HXBLAI_IIIB_BRU.K03455,01B,DF,2.0232145361695025e-11
Maxchi,308,360,B.FR.83.HXBLAI_IIIB_BRU.K03455,02A,DF,0.0006531204711817441
Maxchi,606,660,B.FR.83.HXBLAI_IIIB_BRU.K03455,A5U,DF,0.46258299294200933
Maxchi,941,993,B.FR.83.HXBLAI_IIIB_BRU.K03455,AD,DF,0.018559239873527856
Maxchi,606,660,B.FR.83.HXBLAI_IIIB_BRU.K03455,BC,DF,0.46258299294200933
Maxchi,584,617,B.FR.83.HXBLAI_IIIB_BRU.K03455,C2U,DF,0.022914171535340942
Maxchi,846,896,B.FR.83.HXBLAI_IIIB_BRU.K03455,CD,DF,0.002699335265523723
Maxchi,206,254,B.FR.83.HXBLAI_IIIB_BRU.K03455,CPZ,DF,0.1485617748918645
Maxchi,883,933,B.FR.83.HXBLAI_IIIB_BRU.K03455,01B,F1,0.21199028624167995
Maxchi,310,369,B.FR.83.HXBLAI_IIIB_BRU.K03455,01C,F1,2.5465283975220625e-06
Maxchi,486,542,B.FR.83.HXBLAI_IIIB_BRU.K03455,02A,F1,0.011905838570647389
Maxchi,325,428,B.FR.83.HXBLAI_IIIB_BRU.K03455,A1D,F1,1.4652177827040022e-21
Maxchi,948,1001,B.FR.83.HXBLAI_IIIB_BRU.K03455,A2D,F1,0.1505410315367393
Maxchi,651,703,B.FR.83.HXBLAI_IIIB_BRU.K03455,A5U,F1,0.260932382699122
Maxchi,883,930,B.FR.83.HXBLAI_IIIB_BRU.K03455,AE,F1,0.030826761719096932
Maxchi,310,369,B.FR.83.HXBLAI_IIIB_BRU.K03455,BC,F1,2.5465283975220625e-06
Maxchi,849,902,B.FR.83.HXBLAI_IIIB_BRU.K03455,BF1,F1,3.6974055564686494e-05
Maxchi,311,365,B.FR.83.HXBLAI_IIIB_BRU.K03455,C2U,F1,9.403669400002256e-18
Maxchi,310,368,B.FR.83.HXBLAI_IIIB_BRU.K03455,CD,F1,1.6981085280061568e-15
Maxchi,206,255,B.FR.83.HXBLAI_IIIB_BRU.K03455,CPZ,F1,0.06807634672122492
Maxchi,310,369,B.FR.83.HXBLAI_IIIB_BRU.K03455,DF,F1,1.7379085287075087e-07
Maxchi,310,369,B.FR.83.HXBLAI_IIIB_BRU.K03455,F1,F2,2.5465283975220625e-06
Maxchi,310,369,B.FR.83.HXBLAI_IIIB_BRU.K03455,F1,G,2.5465283975220625e-06
Maxchi,747,811,B.FR.83.HXBLAI_IIIB_BRU.K03455,F1,H,0.1507627750266412
Maxchi,310,369,B.FR.83.HXBLAI_IIIB_BRU.K03455,F1,J,2.5465283975220625e-06
Maxchi,947,998,B.FR.83.HXBLAI_IIIB_BRU.K03455,F1,K,0.1411939952934989
Maxchi,274,356,B.FR.83.HXBLAI_IIIB_BRU.K03455,F1,L,9.187552231444609e-14
Maxchi,311,357,B.FR.83.HXBLAI_IIIB_BRU.K03455,F1,cpx,0.001578637472612841
Maxchi,948,1002,B.FR.83.HXBLAI_IIIB_BRU.K03455,A2D,F2,0.011059055154507457
Maxchi,371,432,B.FR.83.HXBLAI_IIIB_BRU.K03455,C2U,F2,0.3053791721312138
Maxchi,206,254,B.FR.83.HXBLAI_IIIB_BRU.K03455,CPZ,F2,0.1485617748918645
Maxchi,426,513,B.FR.83.HXBLAI_IIIB_BRU.K03455,DF,F2,1.0578427954192914e-22
Maxchi,930,982,B.FR.83.HXBLAI_IIIB_BRU.K03455,F2,H,0.0015358623310297878
Maxchi,636,691,B.FR.83.HXBLAI_IIIB_BRU.K03455,F2,J,0.1283048161765771
Maxchi,946,998,B.FR.83.HXBLAI_IIIB_BRU.K03455,F2,K,0.000522325457091672
Maxchi,278,401,B.FR.83.HXBLAI_IIIB_BRU.K03455,F2,L,1.2714468903428339e-25
Maxchi,869,921,B.FR.83.HXBLAI_IIIB_BRU.K03455,01B,G,0.06490259194494909
Maxchi,873,928,B.FR.83.HXBLAI_IIIB_BRU.K03455,A2D,G,0.019698304951725348
Maxchi,753,815,B.FR.83.HXBLAI_IIIB_BRU.K03455,A5U,G,0.16470354163861264
Maxchi,874,928,B.FR.83.HXBLAI_IIIB_BRU.K03455,AD,G,0.2962698714842834
Maxchi,869,922,B.FR.83.HXBLAI_IIIB_BRU.K03455,AE,G,0.11733087132801681
Maxchi,650,701,B.FR.83.HXBLAI_IIIB_BRU.K03455,BC,G,0.37122934346037195
Maxchi,493,545,B.FR.83.HXBLAI_IIIB_BRU.K03455,CD,G,0.01420053199195625
Maxchi,206,254,B.FR.83.HXBLAI_IIIB_BRU.K03455,CPZ,G,0.1485617748918645
Maxchi,726,787,B.FR.83.HXBLAI_IIIB_BRU.K03455,G,H,0.10400831567582512
Maxchi,598,650,B.FR.83.HXBLAI_IIIB_BRU.K03455,G,J,0.12770732156278156
Maxchi,849,902,B.FR.83.HXBLAI_IIIB_BRU.K03455,G,K,0.0003821431981025054
Maxchi,278,401,B.FR.83.HXBLAI_IIIB_BRU.K03455,G,L,1.2714468903428339e-25
Maxchi,883,933,B.FR.83.HXBLAI_IIIB_BRU.K03455,01B,H,0.37567603063301414
Maxchi,844,900,B.FR.83.HXBLAI_IIIB_BRU.K03455,01C,H,0.03746321417250128
Maxchi,895,947,B.FR.83.HXBLAI_IIIB_BRU.K03455,02B,H,0.15891482385675681
Maxchi,537,590,B.FR.83.HXBLAI_IIIB_BRU.K03455,02G,H,0.04063261488979945
Maxchi,928,981,B.FR.83.HXBLAI_IIIB_BRU.K03455,AD,H,0.005071486330529511
Maxchi,749,799,B.FR.83.HXBLAI_IIIB_BRU.K03455,BC,H,0.651027810844026
Maxchi,546,607,B.FR.83.HXBLAI_IIIB_BRU.K03455,BG,H,0.010455428717446168
Maxchi,792,840,B.FR.83.HXBLAI_IIIB_BRU.K03455,CD,H,0.12155617024437142
Maxchi,427,463,B.FR.83.HXBLAI_IIIB_BRU.K03455,CPZ,H,0.011236759377330973
Maxchi,740,778,B.FR.83.HXBLAI_IIIB_BRU.K03455,DF,H,0.27907513946709495
Maxchi,928,981,B.FR.83.HXBLAI_IIIB_BRU.K03455,H,K,0.0022990080395955286
Maxchi,744,794,B.FR.83.HXBLAI_IIIB_BRU.K03455,H,L,0.2214397326720097
Maxchi,757,813,B.FR.83.HXBLAI_IIIB_BRU.K03455,H,cpx,0.13667344265420003
Maxchi,444,508,B.FR.83.HXBLAI_IIIB_BRU.K03455,01C,J,2.48566767614664e-10
Maxchi,787,842,B.FR.83.HXBLAI_IIIB_BRU.K03455,A5U,J,0.03517078293662258
Maxchi,598,650,B.FR.83.HXBLAI_IIIB_BRU.K03455,BC,J,0.37122934346037195
Maxchi,206,254,B.FR.83.HXBLAI_IIIB_BRU.K03455,CPZ,J,0.1485617748918645
Maxchi,606,660,B.FR.83.HXBLAI_IIIB_BRU.K03455,DF,J,0.46258299294200933
Maxchi,278,401,B.FR.83.HXBLAI_IIIB_BRU.K03455,J,L,1.2714468903428339e-25
Maxchi,874,928,B.FR.83.HXBLAI_IIIB_BRU.K03455,01A1,K,0.062437366255472235
Maxchi,849,902,B.FR.83.HXBLAI_IIIB_BRU.K03455,01B,K,0.0003821431981025054
Maxchi,928,981,B.FR.83.HXBLAI_IIIB_BRU.K03455,02B,K,0.0003997817844526836
Maxchi,849,902,B.FR.83.HXBLAI_IIIB_BRU.K03455,A1D,K,4.089612249241543e-05
Maxchi,935,984,B.FR.83.HXBLAI_IIIB_BRU.K03455,A2D,K,0.05777474412710395
Maxchi,778,846,B.FR.83.HXBLAI_IIIB_BRU.K03455,A5U,K,6.3299196439590085e-06
Maxchi,849,902,B.FR.83.HXBLAI_IIIB_BRU.K03455,AD,K,0.0003821431981025054
Maxchi,849,902,B.FR.83.HXBLAI_IIIB_BRU.K03455,AE,K,0.0003821431981025054
Maxchi,849,902,B.FR.83.HXBLAI_IIIB_BRU.K03455,AG,K,0.0003821431981025054
Maxchi,206,254,B.FR.83.HXBLAI_IIIB_BRU.K03455,CPZ,K,0.1485617748918645
Maxchi,278,401,B.FR.83.HXBLAI_IIIB_BRU.K03455,K,L,1.2714468903428339e-25
Maxchi,278,401,B.FR.83.HXBLAI_IIIB_BRU.K03455,01A1,L,1.2714468903428339e-25
Maxchi,278,401,B.FR.83.HXBLAI_IIIB_BRU.K03455,01B,L,1.2714468903428339e-25
Maxchi,278,401,B.FR.83.HXBLAI_IIIB_BRU.K03455,01C,L,1.2714468903428339e-25
Maxchi,278,401,B.FR.83.HXBLAI_IIIB_BRU.K03455,02B,L,1.2714468903428339e-25
Maxchi,427,484,B.FR.83.HXBLAI_IIIB_BRU.K03455,02G,L,0.0013167007232691192
Maxchi,278,401,B.FR.83.HXBLAI_IIIB_BRU.K03455,A2D,L,1.2714468903428339e-25
Maxchi,617,691,B.FR.83.HXBLAI_IIIB_BRU.K03455,A5U,L,0.031122715664366016
Maxchi,278,401,B.FR.83.HXBLAI_IIIB_BRU.K03455,AD,L,1.2714468903428339e-25
Maxchi,278,401,B.FR.83.HXBLAI_IIIB_BRU.K03455,AE,L,1.2714468903428339e-25
Maxchi,278,401,B.FR.83.HXBLAI_IIIB_BRU.K03455,AG,L,1.2714468903428339e-25
Maxchi,278,401,B.FR.83.HXBLAI_IIIB_BRU.K03455,BC,L,1.2714468903428339e-25
Maxchi,278,370,B.FR.83.HXBLAI_IIIB_BRU.K03455,C2U,L,5.5635945105522635e-15
Maxchi,278,375,B.FR.83.HXBLAI_IIIB_BRU.K03455,CD,L,9.655821386323015e-17
Maxchi,278,398,B.FR.83.HXBLAI_IIIB_BRU.K03455,DF,L,1.4728445663307033e-24
Maxchi,278,393,B.FR.83.HXBLAI_IIIB_BRU.K03455,L,cpx,8.337941244161663e-23
Maxchi,634,696,B.FR.83.HXBLAI_IIIB_BRU.K03455,A5U,cpx,0.01264659021539446
Maxchi,443,490,B.FR.83.HXBLAI_IIIB_BRU.K03455,BC,cpx,2.0048960802803017e-13
Maxchi,432,493,B.FR.83.HXBLAI_IIIB_BRU.K03455,C2U,cpx,0.34526015978926694
Maxchi,206,254,B.FR.83.HXBLAI_IIIB_BRU.K03455,CPZ,cpx,0.1485617748918645
Maxchi,2975,3026,BC,01A1,01C,0.5286512539280465
Maxchi,1984,2033,BC,01A1,02A,0.04656586449464588
Maxchi,3234,3280,BC,01A1,02B,0.03634268547073928
Maxchi,2446,2485,BC,01A1,A1D,0.17062245102350043
Maxchi,3469,3521,BC,01A1,AD,0.4190975359244382
Maxchi,1979,2028,BC,01A1,C2U,0.11089900914340091
Maxchi,445,496,BC,01A1,CPZ,1.2451363589301242e-06
Maxchi,3863,3912,BC,01A1,01B,0.23228310693700255
Maxchi,3231,3278,BC,01B,01C,0.27711868242786614
Maxchi,1925,1985,BC,01B,02A,0.0005320055051392492
Maxchi,3277,3324,BC,01B,02B,0.09375138420588558
Maxchi,1751,1805,BC,01B,A1D,0.18749897025026258
Maxchi,3407,3460,BC,01B,A2D,0.3006318300078994
Maxchi,3469,3521,BC,01B,AD,0.24571903245585786
Maxchi,446,493,BC,01B,CPZ,0.00036464658722581766
Maxchi,582,631,BC,01C,CPZ,0.21073594293006678
Maxchi,1594,1663,BC,01C,02A,7.45892146970612e-05
Maxchi,935,985,BC,02A,02B,0.03424487433457228
Maxchi,1697,1764,BC,02A,C2U,0.00017937950233039963
Maxchi,2469,2510,BC,01C,02B,0.3231411294182843
Maxchi,446,493,BC,02B,CPZ,0.00036464658722581766
Maxchi,778,832,BC,01C,02G,0.310750303270678
Maxchi,923,978,BC,02A,02G,0.0006336862415473124
Maxchi,836,880,BC,02G,A1D,0.012014272991722863
Maxchi,844,898,BC,02G,C2U,0.006285730308197051
Maxchi,483,532,BC,02G,CPZ,0.17524424540000225
Maxchi,360,411,BC,02A,A,0.002940932104495999
Maxchi,287,337,BC,02G,A,1.0
Maxchi,403,460,BC,A,A1D,2.5804128626189907e-08
Maxchi,210,402,BC,A,BF,4.070822045386692e-52
Maxchi,375,426,BC,A,BF1,6.586857658927861e-12
Maxchi,369,376,BC,A,BG,0.00035871294143977614
Maxchi,398,445,BC,A,C,0.05395357536879761
Maxchi,398,445,BC,A,C2U,0.043473395201482114
Maxchi,742,787,BC,A,G,0.07861493081751794
Maxchi,305,355,BC,A,L,1.0
Maxchi,993,1051,BC,02A,A1,0.011990060330946874
Maxchi,1698,1761,BC,A1,A1D,0.03752335174828076
Maxchi,3602,3647,BC,A1,A2,0.11282751743979866
Maxchi,3730,3783,BC,A1,A2D,0.30039880005027886
Maxchi,1698,1764,BC,A1,BG,0.01090677337634574
Maxchi,3499,3550,BC,A1,G,0.4008362846975292
Maxchi,2744,2790,BC,A1,K,0.6088361362429566
Maxchi,2032,2082,BC,01C,A1D,6.661307815689024e-06
Maxchi,1663,1732,BC,02A,A1D,7.45892146970612e-05
Maxchi,2032,2082,BC,02B,A1D,0.0026989101513068383
Maxchi,2446,2486,BC,A1D,C2U,0.029509182987468643
Maxchi,692,750,BC,A1D,CPZ,5.997851677745506e-05
Maxchi,2200,2249,BC,A1D,A2,0.19387643074205885
Maxchi,810,864,BC,A2,A5U,0.23173562514652768
Maxchi,3500,3558,BC,A2,AG,0.048335188894910786
Maxchi,3410,3445,BC,01A1,A2D,0.02768675082927691
Maxchi,983,1034,BC,02A,A2D,0.010556660425736154
Maxchi,2469,2510,BC,02B,A2D,0.3231411294182843
Maxchi,2033,2082,BC,A1D,A2D,8.974084664048102e-05
Maxchi,3587,3636,BC,A2D,AD,0.31068671698373707
Maxchi,1993,2043,BC,A2D,BF1,0.07420527991644331
Maxchi,2264,2309,BC,A2D,C2U,0.013775669688938322
Maxchi,446,493,BC,A2D,CPZ,0.00036464658722581766
Maxchi,935,985,BC,02A,A3,0.03424487433457228
Maxchi,2041,2097,BC,A1D,A3,0.16282130328300687
Maxchi,1652,1701,BC,A3,BG,0.0011407058168698447
Maxchi,837,888,BC,01C,A5U,0.10280642369245498
Maxchi,360,411,BC,02A,A5U,0.0035380567419032536
Maxchi,286,336,BC,02G,A5U,1.0
Maxchi,346,403,BC,A1D,A5U,2.5804128626189907e-08
Maxchi,375,427,BC,A5U,BF1,2.4524456141090814e-11
Maxchi,206,254,BC,A5U,CPZ,0.1485617748918645
Maxchi,2957,3012,BC,01A1,A6,0.0766430967910984
Maxchi,2790,2846,BC,01B,A6,0.11990139020869386
Maxchi,2254,2305,BC,A1D,A6,0.005692796767899297
Maxchi,3544,3588,BC,A6,AD,0.034993752362305675
Maxchi,2790,2846,BC,A6,AE,0.120812982450032
Maxchi,3414,3458,BC,01C,AD,0.09029833935330227
Maxchi,1699,1755,BC,02A,AD,0.05985124097851186
Maxchi,3413,3464,BC,02B,AD,0.27892254528121196
Maxchi,1696,1742,BC,A1D,AD,0.041664592288701945
Maxchi,1254,1304,BC,AD,BF1,0.2971465303484674
Maxchi,2166,2221,BC,AD,C2U,0.06967762856282556
Maxchi,446,493,BC,AD,CPZ,0.00036464658722581766
Maxchi,4416,4467,BC,01B,AE,0.29104614061659795
Maxchi,3231,3278,BC,01C,AE,0.1465915741968483
Maxchi,1698,1761,BC,A1D,AE,0.03752335174828076
Maxchi,3469,3521,BC,AD,AE,0.24571903245585786
Maxchi,2772,2823,BC,AE,AG,0.1259181203412652
Maxchi,1698,1752,BC,AE,BG,0.06251472579065506
Maxchi,2031,2082,BC,AE,cpx,0.09147892885679805
Maxchi,2772,2823,BC,01A1,AG,0.1259181203412652
Maxchi,2033,2082,BC,02A,AG,0.0015245562361271003
Maxchi,2033,2082,BC,A1D,AG,0.00042877278952902436
Maxchi,2772,2823,BC,A2D,AG,0.1259181203412652
Maxchi,2772,2823,BC,AD,AG,0.1259181203412652
Maxchi,1710,1768,BC,AG,BG,0.1469467285177698
Maxchi,2029,2076,BC,AG,cpx,0.09375138420588558
Maxchi,360,412,BC,02A,B.FR.83.HXBLAI_IIIB_BRU.K03455,0.004229127697816718
Maxchi,260,369,BC,02G,B.FR.83.HXBLAI_IIIB_BRU.K03455,9.732484224413035e-21
Maxchi,210,402,BC,B.FR.83.HXBLAI_IIIB_BRU.K03455,BF,4.070822045386692e-52
Maxchi,375,426,BC,B.FR.83.HXBLAI_IIIB_BRU.K03455,BF1,6.586857658927861e-12
Maxchi,370,372,BC,B.FR.83.HXBLAI_IIIB_BRU.K03455,BG,1.5374597944280386e-12
Maxchi,427,450,BC,B.FR.83.HXBLAI_IIIB_BRU.K03455,CD,0.04138940400914914
Maxchi,431,505,BC,01A1,BF,2.458641488436838e-11
Maxchi,431,505,BC,01B,BF,2.458641488436838e-11
Maxchi,431,505,BC,01C,BF,2.458641488436838e-11
Maxchi,431,505,BC,02B,BF,2.458641488436838e-11
Maxchi,421,582,BC,02G,BF,4.4316490285210087e-44
Maxchi,425,486,BC,A1D,BF,9.914508517974908e-10
Maxchi,431,505,BC,A2D,BF,2.458641488436838e-11
Maxchi,210,402,BC,A5U,BF,4.070822045386692e-52
Maxchi,431,505,BC,AD,BF,2.458641488436838e-11
Maxchi,425,486,BC,BF,BF1,9.914508517974908e-10
Maxchi,533,582,BC,BF,CPZ,0.005110260660855879
Maxchi,2035,2086,BC,BF1,C2U,0.00011520922930039711
Maxchi,1241,1295,BC,01A1,BG,0.06196961991403888
Maxchi,1698,1752,BC,01B,BG,0.06251472579065506
Maxchi,1661,1719,BC,01C,BG,1.0362846386088876e-07
Maxchi,1662,1718,BC,02A,BG,7.757074865507233e-07
Maxchi,1654,1703,BC,02B,BG,0.001583388064882417
Maxchi,844,897,BC,02G,BG,4.29390125908857e-05
Maxchi,369,376,BC,A5U,BG,0.00035871294143977614
Maxchi,1710,1768,BC,AD,BG,0.020295167106534107
Maxchi,1696,1747,BC,BF1,BG,0.19415898563311698
Maxchi,1713,1774,BC,BG,C2U,0.002240550843774122
Maxchi,2212,2242,BC,01C,C2U,0.10519250512004134
Maxchi,2172,2225,BC,02B,C2U,0.01091733666351027
Maxchi,1128,1178,BC,C2U,CPZ,0.620809833120146
Maxchi,1639,1693,BC,02A,CD,0.0004630414495816688
Maxchi,844,898,BC,02G,CD,0.0008926917604355978
Maxchi,810,864,BC,A5U,CD,0.23173562514652768
Maxchi,1652,1711,BC,BG,CD,4.051569298535268e-05
Maxchi,369,426,BC,A5U,F1,5.658725230366511e-11
Maxchi,1923,1983,BC,CD,F1,0.002043622262885753
Maxchi,1700,1750,BC,F1,F2,0.03007340144033964
Maxchi,3069,3101,BC,F2,J,0.030939447912269984
Maxchi,1976,2025,BC,F2,L,0.007031242032344345
Maxchi,2469,2510,BC,A2D,G,0.3231411294182843
Maxchi,765,814,BC,A5U,G,0.2433450091487593
Maxchi,3474,3531,BC,AG,G,0.06848042871643918
Maxchi,663,727,BC,G,H,0.07604147583024319
Maxchi,360,411,BC,02A,H,0.0013055924087956078
Maxchi,291,341,BC,02G,H,1.0
Maxchi,429,491,BC,A1D,H,3.0075007973415094e-07
Maxchi,810,864,BC,A5U,H,0.23173562514652768
Maxchi,370,380,BC,BG,H,0.0035811640331237355
Maxchi,534,595,BC,CD,H,0.004417724010588448
Maxchi,250,260,BC,CPZ,H,1.4958258446518184e-05
Maxchi,309,359,BC,H,L,1.0
Maxchi,769,822,BC,A5U,J,0.13247795291057932
Maxchi,3605,3651,BC,J,K,0.16018353993448448
Maxchi,1979,2028,BC,J,L,0.02352092398952193
Maxchi,1695,1739,BC,K,L,0.26122844735224837
Maxchi,304,354,BC,A5U,L,1.0
Maxchi,849,898,BC,BF,L,1.1889733893502543e-07
Maxchi,1986,2040,BC,CD,L,1.5399410805243487e-05
Maxchi,2033,2082,BC,DF,L,0.0017768356860799993
Maxchi,3188,3234,BC,01A1,cpx,0.28249777875948967
Maxchi,2031,2082,BC,01B,cpx,0.09147892885679805
Maxchi,1972,2027,BC,AD,cpx,0.06316794358389845
Maxchi,1652,1702,BC,BG,cpx,0.0873752803407674
Maxchi,401,453,BF,01A1,01C,8.297490572334454e-12
Maxchi,401,453,BF,01A1,02B,8.297490572334454e-12
Maxchi,401,453,BF,01A1,AD,8.297490572334454e-12
Maxchi,401,453,BF,01A1,BF1,8.297490572334454e-12
Maxchi,401,453,BF,01A1,C2U,8.297490572334454e-12
Maxchi,401,453,BF,01A1,01B,8.297490572334454e-12
Maxchi,401,453,BF,01B,01C,8.297490572334454e-12
Maxchi,401,453,BF,01B,02B,8.297490572334454e-12
Maxchi,401,453,BF,01B,A2D,8.297490572334454e-12
Maxchi,401,453,BF,01B,AD,8.297490572334454e-12
Maxchi,401,453,BF,01B,BF1,8.297490572334454e-12
Maxchi,897,945,BF,01C,02A,8.732086856392487e-05
Maxchi,729,769,BF,02A,CPZ,0.13375502656192592
Maxchi,401,453,BF,01C,02B,8.297490572334454e-12
Maxchi,885,936,BF,02A,02G,0.08659431828161376
Maxchi,881,938,BF,02G,A1D,0.008719920387418008
Maxchi,530,594,BF,02G,C2U,0.07604147583024319
Maxchi,1210,1260,BF,02A,A1D,0.33824207048456983
Maxchi,401,453,BF,01A1,A2D,8.297490572334454e-12
Maxchi,401,453,BF,01C,A2D,8.297490572334454e-12
Maxchi,401,453,BF,02B,A2D,8.297490572334454e-12
Maxchi,401,453,BF,A2D,AD,8.297490572334454e-12
Maxchi,401,453,BF,A2D,BF1,8.297490572334454e-12
Maxchi,401,453,BF,A2D,C2U,8.297490572334454e-12
Maxchi,184,234,BF,02G,A5U,5.310992619972493e-18
Maxchi,401,453,BF,01C,AD,8.297490572334454e-12
Maxchi,401,453,BF,02B,AD,8.297490572334454e-12
Maxchi,401,453,BF,AD,BF1,8.297490572334454e-12
Maxchi,401,453,BF,AD,C2U,8.297490572334454e-12
Maxchi,747,799,BF,B.FR.83.HXBLAI_IIIB_BRU.K03455,H,0.0016293358610390215
Maxchi,944,993,BF,02A,BC,0.02419649211735856
Maxchi,940,1001,BF,BC,BG,5.430283556723524e-06
Maxchi,1652,1700,BF,BC,C2U,0.004200317081829784
Maxchi,428,451,BF,01C,BF1,0.06577555183717883
Maxchi,888,938,BF,02A,BF1,1.0
Maxchi,428,451,BF,02B,BF1,0.06577555183717883
Maxchi,1676,1747,BF,02G,BF1,0.013790766799536162
Maxchi,790,857,BF,A1D,BF1,0.025096397240205515
Maxchi,1700,1750,BF,01A1,BG,0.5102118982466067
Maxchi,839,891,BF,02A,BG,0.012379857715756622
Maxchi,944,997,BF,02G,BG,9.494727299928568e-08
Maxchi,1675,1748,BF,BF1,BG,0.013801444695442509
Maxchi,1475,1517,BF,BG,C2U,0.18213412045650695
Maxchi,687,747,BF,BG,CPZ,0.024212234837285525
Maxchi,432,493,BF,01C,C2U,0.0021685222783525155
Maxchi,432,493,BF,02B,C2U,0.0021685222783525155
Maxchi,1130,1179,BF,C2U,CPZ,0.16952303094226395
Maxchi,1699,1747,BF,C2U,DF,0.4385780260809997
Maxchi,5805,5861,BF,BF1,F1,3.772540808857949e-06
Maxchi,944,992,BF,02A,G,0.0009242731123326384
Maxchi,946,998,BF,DF,L,0.0017271580348144006
Maxchi,890,944,BF1,01A1,02G,0.00028464422829652233
Maxchi,1474,1524,BF1,01A1,AD,0.3723653021980271
Maxchi,1700,1751,BF1,01A1,01B,0.37767314101018723
Maxchi,2936,2973,BF1,01B,A1D,0.002878549214760699
Maxchi,1474,1524,BF1,01B,AD,0.3723653021980271
Maxchi,1695,1742,BF1,01C,02A,0.25048676190055036
Maxchi,1210,1260,BF1,02A,02B,0.025449946311827634
Maxchi,1972,2008,BF1,02A,C2U,0.0002677645090187798
Maxchi,2032,2086,BF1,01C,02B,0.0001537645327291539
Maxchi,1174,1223,BF1,01C,02G,0.07234490944100423
Maxchi,1701,1750,BF1,02A,02G,0.016987902660121963
Maxchi,935,986,BF1,02G,A1D,0.002892019098001377
Maxchi,1620,1671,BF1,02G,C2U,3.195005840015232e-05
Maxchi,529,534,BF1,02A,A,3.965645083768183e-09
Maxchi,297,357,BF1,02G,A,5.888668049571945e-11
Maxchi,463,529,BF1,A,A1D,0.002531359487679542
Maxchi,401,452,BF1,A,A5U,1.109577667356889e-09
Maxchi,210,322,BF1,A,BF,5.687178694306068e-22
Maxchi,531,534,BF1,A,BG,3.290825046542594e-08
Maxchi,306,357,BF1,A,L,3.7812515423148807e-13
Maxchi,1474,1524,BF1,A1,A1D,0.11004143475794922
Maxchi,1504,1562,BF1,A1,A2,0.22208022072726538
Maxchi,3233,3280,BF1,A1,A2D,0.47748898285606367
Maxchi,1712,1768,BF1,A1,cpx,0.00025661400190296217
Maxchi,1847,1907,BF1,01C,A1D,0.28283107734755386
Maxchi,1963,2016,BF1,02A,A1D,0.001142470207485872
Maxchi,2824,2878,BF1,02B,A1D,0.06901852688328965
Maxchi,2213,2242,BF1,A1D,C2U,0.07104886553957726
Maxchi,1971,2024,BF1,A2,AG,0.14584124474209786
Maxchi,1986,2034,BF1,A2,G,0.003464621428074309
Maxchi,1969,2020,BF1,A2,cpx,0.033910475051281676
Maxchi,1474,1524,BF1,A2D,AD,0.3723653021980271
Maxchi,1407,1466,BF1,01C,A3,0.0683780184609829
Maxchi,953,1005,BF1,02A,A3,0.25598547704772884
Maxchi,2940,2971,BF1,A1D,A3,0.030310268137924454
Maxchi,1424,1474,BF1,A3,AD,0.3723653021980271
Maxchi,454,505,BF1,02A,A5U,0.00037797158999623216
Maxchi,297,358,BF1,02G,A5U,1.0329064439968482e-09
Maxchi,1672,1725,BF1,01A1,A6,2.4861082854576042e-05
Maxchi,1618,1672,BF1,01B,A6,7.98597766323849e-06
Maxchi,1939,1987,BF1,02B,A6,0.008657839411159367
Maxchi,892,940,BF1,02G,A6,0.3028903864254452
Maxchi,1978,2027,BF1,A1D,A6,0.1360970044403716
Maxchi,1979,2036,BF1,A6,AD,0.17125520623970855
Maxchi,3219,3264,BF1,A6,AE,0.5991735369740994
Maxchi,2037,2086,BF1,A6,AG,0.08472846427661122
Maxchi,1972,2020,BF1,A6,cpx,0.2999233662559351
Maxchi,2038,2091,BF1,01C,AD,0.005613808401208696
Maxchi,1210,1260,BF1,02A,AD,0.002117896423976366
Maxchi,2901,2952,BF1,02B,AD,0.08641828538302025
Maxchi,1672,1725,BF1,A1D,AD,0.0001768319531408398
Maxchi,1200,1235,BF1,02A,AE,0.16737282617637872
Maxchi,2936,2973,BF1,A1D,AE,0.002878549214760699
Maxchi,1424,1474,BF1,AD,AE,0.3723653021980271
Maxchi,1453,1524,BF1,AE,AG,0.005725572054064959
Maxchi,1466,1524,BF1,01A1,AG,0.12756279348997393
Maxchi,1466,1524,BF1,01B,AG,0.12756279348997393
Maxchi,1453,1524,BF1,01C,AG,0.005725572054064959
Maxchi,1197,1236,BF1,02A,AG,0.21166522026921478
Maxchi,1666,1731,BF1,A2D,AG,6.993787510652403e-06
Maxchi,2666,2730,BF1,AG,BG,0.3018244677627967
Maxchi,1712,1768,BF1,AG,cpx,0.00025661400190296217
Maxchi,297,357,BF1,02G,B.FR.83.HXBLAI_IIIB_BRU.K03455,5.888668049571945e-11
Maxchi,210,322,BF1,B.FR.83.HXBLAI_IIIB_BRU.K03455,BF,5.687178694306068e-22
Maxchi,306,357,BF1,B.FR.83.HXBLAI_IIIB_BRU.K03455,L,2.7687692787251826e-12
Maxchi,847,895,BF1,02G,BC,0.2672574931543847
Maxchi,210,322,BF1,A5U,BF,5.687178694306068e-22
Maxchi,8672,8731,BF1,02A,BG,0.006933578925775765
Maxchi,1714,1757,BF1,02G,BG,0.3096249801500471
Maxchi,1059,1109,BF1,AD,BG,0.006119353605734685
Maxchi,2294,2341,BF1,C,CD,0.4000558211954882
Maxchi,2050,2089,BF1,01C,C2U,0.00019075318616838347
Maxchi,1691,1745,BF1,02B,C2U,0.4711672265581407
Maxchi,1969,2007,BF1,C2U,G,0.0018858913828250124
Maxchi,1833,1884,BF1,G,J,0.007359653156710455
Maxchi,296,357,BF1,02G,H,3.5407233215662635e-11
Maxchi,250,260,BF1,CPZ,H,1.4958258446518184e-05
Maxchi,309,364,BF1,H,L,6.818016867326662e-16
Maxchi,306,358,BF1,A5U,L,1.0422420655472435e-12
Maxchi,1466,1524,BF1,01B,cpx,0.04053353995244688
Maxchi,949,1002,BF1,02G,cpx,0.2160124862167251
Maxchi,1648,1712,BF1,A2D,cpx,9.887536691642525e-05
Maxchi,1717,1762,BF1,BG,cpx,0.009229202907031367
Maxchi,1617,1669,BG,01A1,01C,4.115550219857202e-07
Maxchi,2772,2817,BG,01A1,02A,0.3018031853269463
Maxchi,2817,2861,BG,01A1,02B,0.3299804534820003
Maxchi,2816,2860,BG,01A1,A1D,0.05047391578019246
Maxchi,895,949,BG,01A1,A5U,0.011994456834325802
Maxchi,2840,2904,BG,01A1,AD,0.06887839374691355
Maxchi,2597,2646,BG,01A1,BF1,0.23701573761647557
Maxchi,1247,1295,BG,01A1,C2U,0.09235796116131977
Maxchi,1617,1669,BG,01A1,01B,3.2953775876821186e-07
Maxchi,1618,1669,BG,01B,01C,1.3539900131707163e-06
Maxchi,1158,1207,BG,01B,02A,0.4131236877318951
Maxchi,2789,2832,BG,01B,02B,0.01729777158304015
Maxchi,1307,1359,BG,01B,A1D,0.25598547704772884
Maxchi,2954,2982,BG,01B,A2D,0.023998261504165584
Maxchi,2904,2954,BG,01B,AD,0.061473357533362784
Maxchi,1210,1260,BG,01B,BF1,0.18289854956366638
Maxchi,857,910,BG,01C,CPZ,0.1477979613089056
Maxchi,2958,2997,BG,02A,02B,0.01176754947190275
Maxchi,798,855,BG,02A,CPZ,0.0003248827166907591
Maxchi,1988,2037,BG,02A,02G,0.027838888152293562
Maxchi,947,998,BG,02G,C2U,9.58842304937555e-11
Maxchi,844,897,BG,02G,CPZ,4.29390125908857e-05
Maxchi,653,654,BG,02A,A,3.4767934908033977e-07
Maxchi,300,364,BG,02G,A,4.114853457072699e-11
Maxchi,209,320,BG,A,BF,8.481612341623837e-22
Maxchi,307,360,BG,A,L,4.267346237206764e-14
Maxchi,3228,3278,BG,01B,A1,0.2971465303484674
Maxchi,1443,1502,BG,A1,AG,0.143355974241925
Maxchi,1979,2031,BG,A1,J,0.13937247393525581
Maxchi,1649,1701,BG,01C,A1D,0.0021308245063658866
Maxchi,1168,1211,BG,02B,A1D,0.09687997468504903
Maxchi,1890,1937,BG,A1D,C2U,0.22605180167510247
Maxchi,769,819,BG,A1D,CPZ,0.22525290636064965
Maxchi,1513,1559,BG,01A1,A2,0.29531352355352936
Maxchi,1967,2017,BG,01B,A2,0.09623847491147909
Maxchi,1705,1754,BG,01C,A2,0.036149353764200316
Maxchi,1689,1753,BG,02A,A2,0.0012902799195403146
Maxchi,1905,1964,BG,A2,AE,0.03721415334008206
Maxchi,1690,1748,BG,A2,F1,6.011283901783746e-07
Maxchi,1513,1565,BG,A2,F2,0.06531277926757939
Maxchi,1712,1769,BG,A2,J,0.01437872566554667
Maxchi,1747,1805,BG,A2,K,1.0188368747400945e-07
Maxchi,2981,3022,BG,01A1,A2D,0.19255679134490858
Maxchi,1968,2018,BG,01C,A2D,0.0385456092211937
Maxchi,2788,2826,BG,02B,A2D,0.3108579577789821
Maxchi,1171,1221,BG,A1D,A2D,0.384088249473852
Maxchi,2954,2982,BG,A2D,AD,0.023998261504165584
Maxchi,2588,2637,BG,A2D,BF1,0.40298694834941906
Maxchi,1062,1121,BG,A2D,C2U,0.08541579369214428
Maxchi,1967,2010,BG,01C,A3,0.004422169204629568
Maxchi,1237,1286,BG,02B,A3,0.25234141066910454
Maxchi,1221,1271,BG,A1D,A3,0.4028436382206022
Maxchi,2826,2863,BG,A2D,A3,0.13520098662376762
Maxchi,1048,1097,BG,A3,BF1,0.03101276991878656
Maxchi,1062,1118,BG,A3,C2U,0.07032535949422974
Maxchi,814,863,BG,02A,A5U,0.5367831097205105
Maxchi,300,364,BG,02G,A5U,8.354226805126372e-11
Maxchi,614,661,BG,A5U,BF1,0.6453054207398246
Maxchi,206,254,BG,A5U,CPZ,0.1485617748918645
Maxchi,3072,3088,BG,01B,A6,0.0021715444362551723
Maxchi,2826,2873,BG,01C,A6,0.03218688692981282
Maxchi,1698,1765,BG,02A,A6,0.0020302515987462993
Maxchi,947,997,BG,02G,A6,1.7710826889767994e-11
Maxchi,2959,3003,BG,A2D,A6,0.09970201301562862
Maxchi,2912,2974,BG,A6,AD,0.3443427302625205
Maxchi,3072,3087,BG,A6,AE,0.010849724377451925
Maxchi,1968,2018,BG,01C,AD,0.0385456092211937
Maxchi,2766,2815,BG,02A,AD,0.13871915652636482
Maxchi,1237,1286,BG,02B,AD,0.001121017781219306
Maxchi,1210,1237,BG,A1D,AD,0.02008699865573848
Maxchi,1618,1669,BG,01C,AE,1.3539900131707163e-06
Maxchi,1158,1207,BG,02A,AE,0.4131236877318951
Maxchi,1307,1359,BG,A1D,AE,0.25598547704772884
Maxchi,2954,2982,BG,A2D,AE,0.023998261504165584
Maxchi,2904,2954,BG,AD,AE,0.061473357533362784
Maxchi,1210,1260,BG,AE,BF1,0.18289854956366638
Maxchi,2936,2985,BG,AE,cpx,0.7468519977400863
Maxchi,2904,2958,BG,01B,AG,0.14791063478198924
Maxchi,1082,1138,BG,02A,AG,0.02016912704452045
Maxchi,1271,1318,BG,02B,AG,0.14158442710395336
Maxchi,844,894,BG,A5U,AG,6.783900119853268e-08
Maxchi,1350,1402,BG,01B,B,0.014350298643533117
Maxchi,2637,2694,BG,B,CD,0.03478850875923326
Maxchi,1988,2042,BG,B,D,0.000346619351134667
Maxchi,2637,2694,BG,B,DF,0.03478850875923326
Maxchi,1708,1760,BG,B,F1,0.006538902046013574
Maxchi,2033,2082,BG,B,F2,0.017744780094013278
Maxchi,300,364,BG,02G,B.FR.83.HXBLAI_IIIB_BRU.K03455,1.666783649673907e-10
Maxchi,209,320,BG,B.FR.83.HXBLAI_IIIB_BRU.K03455,BF,8.481612341623837e-22
Maxchi,545,597,BG,B.FR.83.HXBLAI_IIIB_BRU.K03455,BF1,0.10128202859409098
Maxchi,307,360,BG,B.FR.83.HXBLAI_IIIB_BRU.K03455,L,3.5300254217613714e-13
Maxchi,1210,1260,BG,A1D,BF,0.26945640515977404
Maxchi,209,320,BG,A5U,BF,8.481612341623837e-22
Maxchi,1618,1672,BG,01C,BF1,5.867112895472551e-05
Maxchi,1059,1112,BG,02B,BF1,0.007637523309159833
Maxchi,1890,1937,BG,BF1,C2U,0.22605180167510247
Maxchi,1062,1118,BG,02B,C,0.0012770273406537212
Maxchi,486,534,BG,BF,C,0.05960627929205458
Maxchi,1900,1959,BG,BF1,C,9.390875888095292e-05
Maxchi,1927,1973,BG,C,CD,0.059084075093047396
Maxchi,1692,1746,BG,C,DF,0.0008890490306585473
Maxchi,2643,2698,BG,01B,CD,0.383642584069085
Maxchi,1695,1743,BG,01C,CD,0.1313022673943449
Maxchi,1171,1233,BG,02B,CD,0.12147969947549596
Maxchi,1233,1295,BG,A2D,CD,0.0386573499698797
Maxchi,1511,1562,BG,BF,CD,0.011362699797520644
Maxchi,1233,1295,BG,01B,D,0.0386573499698797
Maxchi,1233,1295,BG,01C,D,0.0386573499698797
Maxchi,1233,1295,BG,A1D,D,0.0386573499698797
Maxchi,1251,1301,BG,A2D,D,0.19509801516994874
Maxchi,1461,1510,BG,CD,D,0.06446548007781994
Maxchi,944,998,BG,D,F1,0.19092422647674331
Maxchi,1993,2038,BG,D,J,0.001548694078895146
Maxchi,1168,1217,BG,D,K,0.14311696578005778
Maxchi,1633,1677,BG,01C,DF,0.0022006096775774647
Maxchi,1975,2026,BG,CD,DF,0.05720211833646251
Maxchi,1500,1554,BG,01C,F1,0.3043201471350179
Maxchi,935,984,BG,02B,F1,0.1624799237034235
Maxchi,1202,1255,BG,F1,F2,0.1949244525136538
Maxchi,1663,1725,BG,F1,J,0.00047391781709527157
Maxchi,941,986,BG,F1,K,0.0948442411360582
Maxchi,1665,1721,BG,F1,L,4.6168117683383446e-10
Maxchi,2692,2747,BG,02B,F2,0.07583178857388571
Maxchi,1168,1214,BG,A2D,F2,0.4675127932401062
Maxchi,1452,1505,BG,F2,J,0.4903931825421469
Maxchi,300,365,BG,02G,H,2.0046037225622393e-12
Maxchi,537,589,BG,A5U,H,0.25703808868506967
Maxchi,632,701,BG,BF1,H,0.012764572744432913
Maxchi,250,260,BG,CPZ,H,1.4958258446518184e-05
Maxchi,312,370,BG,H,L,2.0270292768338855e-17
Maxchi,1712,1769,BG,01C,J,0.01437872566554667
Maxchi,1661,1725,BG,02A,J,5.008521046021726e-06
Maxchi,1994,2040,BG,J,K,0.03064007701069946
Maxchi,2162,2223,BG,J,L,0.07148148220777062
Maxchi,2625,2670,BG,01C,K,0.24190958665107992
Maxchi,1168,1217,BG,A2D,K,0.14311696578005778
Maxchi,1134,1201,BG,BF1,K,0.10120373064442224
Maxchi,1680,1709,BG,DF,K,1.4029218147123309e-06
Maxchi,2027,2076,BG,01C,L,0.000915053654965342
Maxchi,306,359,BG,A5U,L,1.2507334613651497e-13
Maxchi,1926,1974,BG,01A1,cpx,0.23523163236605005
Maxchi,2936,2985,BG,01B,cpx,0.7468519977400863
Maxchi,2826,2873,BG,01C,cpx,0.005543098443011976
Maxchi,1696,1742,BG,A2D,cpx,0.02021678758037111
Maxchi,2879,2946,C,01A1,01C,0.006083787310572922
Maxchi,1210,1254,C,01A1,02A,0.5497732285424661
Maxchi,3175,3228,C,01A1,02B,0.42545704793807404
Maxchi,1926,1981,C,01A1,A1D,0.0011306171914879971
Maxchi,842,886,C,01A1,A5U,8.313016047546997e-07
Maxchi,3469,3521,C,01A1,AD,0.12727620195466283
Maxchi,3567,3621,C,01A1,01B,0.10034824646229054
Maxchi,3788,3796,C,01B,01C,0.0011420751306212285
Maxchi,1200,1235,C,01B,02A,0.16737282617637872
Maxchi,3230,3278,C,01B,02B,0.21986893044484188
Maxchi,3233,3280,C,01B,A1D,0.5689642679640169
Maxchi,3403,3459,C,01B,A2D,0.3127150935776833
Maxchi,843,891,C,01B,A5U,9.225548870819634e-06
Maxchi,3277,3324,C,01B,AD,0.0692477477085682
Maxchi,582,631,C,01C,CPZ,0.21073594293006678
Maxchi,1695,1742,C,01C,02A,0.25048676190055036
Maxchi,2844,2868,C,02A,02B,0.12256370179937652
Maxchi,1979,2031,C,02A,C2U,0.03214042608077431
Maxchi,1932,1982,C,01C,02G,0.05531876730485287
Maxchi,1620,1671,C,02A,02G,7.913646941642447e-05
Maxchi,949,1002,C,02G,A1D,0.009490628277298144
Maxchi,365,422,C,02A,A,1.0094367283983612e-05
Maxchi,287,337,C,02G,A,1.0
Maxchi,605,664,C,A,A5U,0.09534881660891474
Maxchi,210,346,C,A,BF,1.4131046467685476e-30
Maxchi,371,412,C,A,BF1,0.00643426820831549
Maxchi,400,421,C,A,BG,2.426078053437443e-11
Maxchi,633,696,C,A,CD,0.06875788519421212
Maxchi,357,403,C,A,F1,0.018169715174413233
Maxchi,484,533,C,A,G,0.07344080201127641
Maxchi,302,350,C,A,L,0.05573951919905654
Maxchi,3510,3563,C,A1,A2,0.14348916517938146
Maxchi,3470,3532,C,A1,A2D,0.1505502561616973
Maxchi,841,891,C,A1,A5U,0.000128571740086233
Maxchi,1424,1474,C,A1,BF1,0.30332822503138307
Maxchi,3399,3443,C,A1,D,0.04957777238348782
Maxchi,3348,3402,C,A1,DF,0.062437366255472235
Maxchi,3422,3464,C,A1,G,0.4919666149438403
Maxchi,2074,2111,C,01C,A1D,0.05466393589167511
Maxchi,812,865,C,A1D,CPZ,0.43014426421319174
Maxchi,2259,2311,C,A1D,A2,0.24936964678950607
Maxchi,4374,4424,C,A2,A5U,0.031226171123135225
Maxchi,3452,3481,C,A2,AG,0.017488585210511297
Maxchi,3412,3462,C,01A1,A2D,0.1096723710800245
Maxchi,983,1034,C,02A,A2D,0.010556660425736154
Maxchi,1709,1769,C,A1D,A2D,0.02407827908642338
Maxchi,3412,3462,C,A2D,AD,0.1096723710800245
Maxchi,2484,2521,C,01C,A3,0.29760919574772704
Maxchi,982,1036,C,02A,A3,0.0002571772357926514
Maxchi,3245,3293,C,02B,A3,0.07363827012030258
Maxchi,1697,1760,C,A1D,A3,0.04092110516871907
Maxchi,3460,3511,C,A3,A6,0.07091921385867461
Maxchi,3420,3471,C,A3,AD,0.1619950866312151
Maxchi,360,411,C,02A,A5U,0.0019899813247000256
Maxchi,844,891,C,02B,A5U,0.0001628130354796409
Maxchi,286,336,C,02G,A5U,1.0
Maxchi,844,892,C,A5U,AD,9.1351480712357e-09
Maxchi,349,418,C,A5U,BF1,6.120100120576574e-08
Maxchi,530,594,C,A5U,C2U,0.07604147583024319
Maxchi,206,254,C,A5U,CPZ,0.1485617748918645
Maxchi,3548,3558,C,01A1,A6,0.017011004572118068
Maxchi,3548,3594,C,01B,A6,0.47062351767089194
Maxchi,882,930,C,02G,A6,0.25637166994932187
Maxchi,2451,2457,C,A1D,A6,3.28042682364237e-05
Maxchi,3466,3526,C,A6,AE,0.07267191623902482
Maxchi,3490,3557,C,A6,AG,0.016290871174318145
Maxchi,2458,2497,C,01C,AD,0.004017075925047401
Maxchi,1075,1134,C,02A,AD,0.3448448222821323
Maxchi,1925,1980,C,02B,AD,0.00014152378145907514
Maxchi,1742,1745,C,A1D,AD,4.4463659546212463e-07
Maxchi,1594,1663,C,AD,BF1,0.0004210446451110425
Maxchi,3471,3521,C,AD,C2U,0.05364958457664632
Maxchi,3567,3621,C,01A1,AE,0.10034824646229054
Maxchi,4156,4216,C,01B,AE,0.1472334095595719
Maxchi,3733,3748,C,01C,AE,0.02710342689045793
Maxchi,1081,1128,C,02A,AE,0.24939662552220368
Maxchi,3230,3278,C,02B,AE,0.21986893044484188
Maxchi,3182,3234,C,A1D,AE,0.011598046324945151
Maxchi,3403,3459,C,A2D,AE,0.3127150935776833
Maxchi,843,891,C,A5U,AE,9.225548870819634e-06
Maxchi,3277,3324,C,AD,AE,0.15962274371833635
Maxchi,3443,3482,C,AE,AG,0.11775280499680946
Maxchi,3545,3588,C,AE,BC,0.24107225524141618
Maxchi,401,453,C,AE,BF,8.297490572334454e-12
Maxchi,2463,2514,C,AE,BG,0.06687442543164354
Maxchi,1980,2026,C,AE,cpx,0.23735098491646786
Maxchi,3548,3594,C,01A1,AG,0.21815241859688964
Maxchi,3482,3520,C,01B,AG,0.11775280499680946
Maxchi,3360,3409,C,01C,AG,0.1580865602850551
Maxchi,1197,1236,C,02A,AG,0.21166522026921478
Maxchi,1981,2036,C,02B,AG,0.008297457098027712
Maxchi,1697,1746,C,A1D,AG,0.030326253877468217
Maxchi,3500,3547,C,A2D,AG,0.3199615102991443
Maxchi,844,891,C,A5U,AG,2.1069045779389964e-08
Maxchi,3460,3501,C,AD,AG,0.08851664982430203
Maxchi,3745,3800,C,AG,BC,0.24879028070532894
Maxchi,401,453,C,AG,BF,8.297490572334454e-12
Maxchi,1453,1524,C,AG,BF1,0.005725572054064959
Maxchi,1062,1118,C,AG,BG,0.0022743689598964728
Maxchi,3324,3372,C,AG,CD,0.11261740728402539
Maxchi,2039,2080,C,AG,DF,0.3253767020206775
Maxchi,1924,1973,C,AG,cpx,0.2657092249040195
Maxchi,2974,3016,C,B,CD,0.24605638043104905
Maxchi,3024,3068,C,B,D,0.061761330391905345
Maxchi,3104,3155,C,B,F2,0.009737134235693024
Maxchi,6481,6530,C,B,J,5.586203103116464e-07
Maxchi,357,405,C,02A,B.FR.83.HXBLAI_IIIB_BRU.K03455,0.21986893044484188
Maxchi,260,345,C,02G,B.FR.83.HXBLAI_IIIB_BRU.K03455,5.708274462330111e-13
Maxchi,486,534,C,A2,B.FR.83.HXBLAI_IIIB_BRU.K03455,0.03801417946488718
Maxchi,432,493,C,A6,B.FR.83.HXBLAI_IIIB_BRU.K03455,0.18248207753494966
Maxchi,210,346,C,B.FR.83.HXBLAI_IIIB_BRU.K03455,BF,1.4131046467685476e-30
Maxchi,357,426,C,B.FR.83.HXBLAI_IIIB_BRU.K03455,BF1,0.127118806330766
Maxchi,302,349,C,B.FR.83.HXBLAI_IIIB_BRU.K03455,L,0.06655278590437556
Maxchi,432,493,C,B.FR.83.HXBLAI_IIIB_BRU.K03455,cpx,0.18248207753494966
Maxchi,2871,2918,C,01A1,BC,0.45016566214219444
Maxchi,2710,2757,C,01B,BC,0.17092517503481247
Maxchi,6448,6498,C,01C,BC,3.908276963825495e-07
Maxchi,1926,1984,C,02A,BC,0.004780169576988403
Maxchi,3534,3588,C,02B,BC,0.26389566790751917
Maxchi,890,944,C,02G,BC,0.0427437014454235
Maxchi,2787,2845,C,A1D,BC,0.1534959855539649
Maxchi,3781,3822,C,A2D,BC,0.21738603275289967
Maxchi,841,890,C,A5U,BC,7.016685242307787e-10
Maxchi,3733,3783,C,AD,BC,0.24975469668276817
Maxchi,425,486,C,BC,BF,9.914508517974908e-10
Maxchi,2469,2510,C,BC,BF1,0.15704601556933742
Maxchi,1932,1980,C,BC,BG,0.014854897700035653
Maxchi,3781,3822,C,BC,C2U,0.13735268080833474
Maxchi,7294,7348,C,BC,CD,0.0002548992831764878
Maxchi,664,725,C,BC,CPZ,0.00019617887132350578
Maxchi,432,493,C,01A1,BF,0.011339814227162912
Maxchi,432,493,C,01B,BF,0.011339814227162912
Maxchi,432,493,C,01C,BF,0.011339814227162912
Maxchi,1594,1663,C,02A,BF,0.0011371782409078878
Maxchi,432,493,C,02B,BF,0.011339814227162912
Maxchi,432,493,C,A2D,BF,0.011339814227162912
Maxchi,210,346,C,A5U,BF,1.4131046467685476e-30
Maxchi,432,493,C,AD,BF,0.011339814227162912
Maxchi,1980,2028,C,BF,BF1,0.00882876095281863
Maxchi,1975,2025,C,BF,C2U,0.7127948779904185
Maxchi,2029,2078,C,01C,BF1,0.004471614157309256
Maxchi,1925,1981,C,02A,BF1,0.00012202795857505913
Maxchi,1696,1747,C,02B,BF1,0.014984021007258189
Maxchi,2588,2642,C,A1D,BF1,0.58666379894263
Maxchi,3024,3068,C,BF1,C2U,0.04274510842627222
Maxchi,765,815,C,BF1,CPZ,0.4712552621202193
Maxchi,2463,2514,C,01B,BG,0.06687442543164354
Maxchi,1617,1669,C,01C,BG,5.622554503205564e-06
Maxchi,1694,1753,C,02A,BG,0.011522943841176869
Maxchi,944,998,C,02G,BG,2.256161158652101e-07
Maxchi,1866,1922,C,A1D,BG,0.3129506755229111
Maxchi,389,456,C,A5U,BG,0.018547821134691493
Maxchi,1062,1118,C,AD,BG,0.013948694079308774
Maxchi,1937,1991,C,BG,C2U,0.00981011782712173
Maxchi,698,747,C,BG,CPZ,0.2630105719268535
Maxchi,811,864,C,C2U,CPZ,0.2684184852362023
Maxchi,5899,5951,C,01C,CD,5.847630315737871e-06
Maxchi,1918,1967,C,02A,CD,0.014512330568803035
Maxchi,945,1001,C,02G,CD,0.023924035858098557
Maxchi,7251,7302,C,C2U,CD,9.189703981728878e-06
Maxchi,1314,1367,C,CD,CPZ,0.04823509880698702
Maxchi,3229,3277,C,01B,D,0.0692477477085682
Maxchi,1920,1981,C,02B,D,1.7023484855346546e-06
Maxchi,1927,1984,C,A1D,D,8.01444351022227e-05
Maxchi,3472,3522,C,A2D,D,0.2971465303484674
Maxchi,832,887,C,A5U,D,0.000444279044711087
Maxchi,3419,3471,C,AD,D,0.11899701087671369
Maxchi,3324,3372,C,AG,D,0.39035725727299864
Maxchi,2979,3034,C,BC,D,0.14010931359319376
Maxchi,401,453,C,BF,D,8.297490572334454e-12
Maxchi,1639,1691,C,BF1,D,0.0002908234982443102
Maxchi,1171,1233,C,BG,D,0.19833708371006276
Maxchi,2038,2086,C,C2U,D,0.040763790871230485
Maxchi,4899,4963,C,CD,D,0.26765325509407384
Maxchi,2825,2869,C,D,DF,0.3348386846771339
Maxchi,1747,1805,C,D,F1,0.06952388055228774
Maxchi,3344,3396,C,D,F2,0.17325507695919581
Maxchi,370,431,C,D,H,0.20201498598412454
Maxchi,3419,3460,C,D,J,0.13859362580470708
Maxchi,3639,3686,C,D,K,0.1511017663329229
Maxchi,2702,2748,C,01C,DF,0.03197195617764869
Maxchi,2035,2078,C,02B,DF,0.1305093525292899
Maxchi,846,898,C,02G,DF,0.0004213447300049514
Maxchi,2204,2257,C,AD,DF,0.48046076155245754
Maxchi,6639,6686,C,BC,DF,0.043214061805890665
Maxchi,1697,1739,C,BF,DF,0.007372858085564851
Maxchi,2016,2039,C,BF1,DF,0.00017853795240965398
Maxchi,2966,3018,C,C2U,DF,0.08954782175961902
Maxchi,1642,1691,C,01B,F1,0.0073568409853007844
Maxchi,1975,2025,C,01C,F1,0.020921335337794004
Maxchi,2775,2825,C,02B,F1,0.42166380189151886
Maxchi,986,1037,C,02G,F1,0.002892019098001377
Maxchi,364,418,C,A5U,F1,9.488007878648972e-05
Maxchi,1594,1663,C,AE,F1,0.007657157395287149
Maxchi,1594,1663,C,AG,F1,0.007657157395287149
Maxchi,2901,2951,C,BC,F1,0.31253855962554816
Maxchi,790,827,C,BF,F1,0.4402910101114663
Maxchi,3418,3471,C,BF1,F1,0.2803855084619622
Maxchi,2038,2095,C,BG,F1,2.0206151866708922e-05
Maxchi,2933,2978,C,C2U,F1,0.5014393773804093
Maxchi,2038,2087,C,CD,F1,0.017781529010591993
Maxchi,1745,1809,C,F1,F2,0.003548726926491841
Maxchi,358,370,C,F1,H,0.00700998715358736
Maxchi,3410,3462,C,F1,K,0.18014413055944906
Maxchi,1985,2038,C,F1,L,0.0002825893884810202
Maxchi,1703,1751,C,F1,cpx,0.001087607980883948
Maxchi,3324,3376,C,01A1,F2,0.14117651359089256
Maxchi,3069,3138,C,01B,F2,0.0817083887737657
Maxchi,3307,3345,C,02B,F2,0.014942587636979912
Maxchi,844,892,C,A5U,F2,1.0737029535211279e-07
Maxchi,3000,3069,C,AD,F2,0.17595266046892485
Maxchi,3502,3550,C,AG,F2,0.37953656419893844
Maxchi,3324,3372,C,BC,F2,0.34963624075046906
Maxchi,401,453,C,BF,F2,2.4524456141090814e-11
Maxchi,1984,2032,C,BF1,F2,0.08711302735530482
Maxchi,2634,2696,C,BG,F2,0.15599486192176365
Maxchi,3933,3989,C,C2U,F2,0.003951307019098794
Maxchi,2886,2955,C,DF,F2,0.2600471761707973
Maxchi,2694,2751,C,F2,G,0.010111385631963316
Maxchi,370,431,C,F2,H,0.20201498598412454
Maxchi,3686,3703,C,F2,K,0.01084972437745194
Maxchi,1983,2036,C,F2,cpx,0.10712762335826546
Maxchi,3343,3390,C,01A1,G,0.14158442710395336
Maxchi,882,938,C,02G,G,0.012982972930050131
Maxchi,2227,2290,C,A1D,G,0.06229524210275703
Maxchi,2158,2225,C,A2D,G,0.06747796770985562
Maxchi,765,814,C,A5U,G,0.2433450091487593
Maxchi,2160,2226,C,AD,G,0.07626010948329377
Maxchi,2224,2290,C,AG,G,0.14840844553962645
Maxchi,6748,6795,C,BC,G,0.10330297898994864
Maxchi,432,492,C,BF,G,2.554258823776847e-07
Maxchi,1978,2032,C,BF1,G,0.0008555218975982151
Maxchi,1981,2035,C,BG,G,0.014761755157960582
Maxchi,6627,6675,C,C2U,G,0.44334548244919714
Maxchi,6502,6550,C,CD,G,6.111864296697985e-05
Maxchi,692,749,C,CPZ,G,0.003244867790001474
Maxchi,6417,6467,C,DF,G,0.012824023383932119
Maxchi,9517,9531,C,G,J,2.6476876087531525e-06
Maxchi,2638,2695,C,G,cpx,0.01305860625630802
Maxchi,431,492,C,01C,H,0.20201498598412454
Maxchi,368,427,C,02A,H,1.9573039845759342e-05
Maxchi,934,981,C,02B,H,0.12341300973117424
Maxchi,291,341,C,02G,H,1.0
Maxchi,749,799,C,A1D,H,0.28145768484461847
Maxchi,933,981,C,A2D,H,0.2040081636206679
Maxchi,370,431,C,AD,H,0.20201498598412454
Maxchi,927,981,C,AG,H,9.470028789431718e-07
Maxchi,535,594,C,BC,H,0.07057033703247685
Maxchi,210,346,C,BF,H,1.4131046467685476e-30
Maxchi,373,415,C,BG,H,1.430826127665924e-05
Maxchi,758,813,C,CD,H,0.4868117180673798
Maxchi,250,260,C,CPZ,H,1.4958258446518184e-05
Maxchi,801,846,C,DF,H,0.34939695894700495
Maxchi,431,492,C,H,J,0.20201498598412454
Maxchi,302,349,C,H,L,0.03732580514486576
Maxchi,432,492,C,H,cpx,0.05739662154926236
Maxchi,3234,3280,C,01A1,J,0.6109085037839722
Maxchi,2222,2255,C,02B,J,0.03748626782054112
Maxchi,2230,2275,C,A1D,J,0.0735671195962661
Maxchi,2347,2403,C,A2D,J,0.0011518435337450875
Maxchi,801,845,C,A5U,J,0.12601780481938177
Maxchi,2448,2464,C,AD,J,0.1643963496710969
Maxchi,2909,2963,C,BC,J,0.364636531099798
Maxchi,440,605,C,BF,J,3.9233864925612834e-43
Maxchi,1982,2032,C,BF1,J,0.12282264810139186
Maxchi,1641,1695,C,BG,J,5.312128159411711e-05
Maxchi,6560,6606,C,C2U,J,0.09109579307447024
Maxchi,6422,6461,C,CD,J,0.000419236969540987
Maxchi,6429,6501,C,DF,J,0.0004886570120388887
Maxchi,2219,2257,C,J,cpx,0.010468620583723592
Maxchi,3277,3324,C,01B,K,0.0692477477085682
Maxchi,985,1034,C,02A,K,0.05981042007587985
Maxchi,3317,3366,C,02B,K,0.07509435138072887
Maxchi,848,898,C,A5U,K,0.009154084794146531
Maxchi,3316,3358,C,AD,K,0.24605638043104905
Maxchi,2995,3065,C,BC,K,0.041920282411095904
Maxchi,401,453,C,BF,K,8.297490572334454e-12
Maxchi,1678,1722,C,BF1,K,0.0018195501959980714
Maxchi,2665,2715,C,BG,K,0.15729920705028105
Maxchi,3635,3692,C,CD,K,0.142871738904464
Maxchi,3594,3646,C,DF,K,0.25372532391289937
Maxchi,2825,2868,C,K,L,0.5699544868455065
Maxchi,1695,1741,C,02A,L,0.11971446284288668
Maxchi,2030,2077,C,A1D,L,0.012087093338292108
Maxchi,301,349,C,A5U,L,0.06101133385181145
Maxchi,1487,1540,C,BC,L,0.43063580464290885
Maxchi,2243,2259,C,CD,L,0.027807532379059974
Maxchi,897,946,C,CPZ,L,3.8817269701269475e-08
Maxchi,1984,2033,C,01A1,cpx,0.006151973390804337
Maxchi,1989,2043,C,01B,cpx,0.18109070349033413
Maxchi,1698,1758,C,02A,cpx,0.010477094084644646
Maxchi,899,949,C,02G,cpx,3.859616436928446e-06
Maxchi,2032,2082,C,A1D,cpx,2.996354348122076e-05
Maxchi,2987,3034,C,A2D,cpx,0.6051498762236502
Maxchi,3018,3067,C,AD,cpx,0.1630522036902369
Maxchi,2851,2886,C,BC,cpx,0.0026966503058376487
Maxchi,426,531,C,BF,cpx,7.6555862187356375e-31
Maxchi,2038,2096,C,BF1,cpx,3.6142483120379653e-05
Maxchi,1704,1755,C,BG,cpx,0.02150350222666682
Maxchi,2441,2465,C,CD,cpx,0.052294320590682855
Maxchi,606,657,C,CPZ,cpx,0.21386194032804995
Maxchi,2844,2902,C,DF,cpx,0.005032851140805507
Maxchi,1979,2031,C2U,01A1,A1D,0.0571860307670224
Maxchi,3471,3521,C2U,01A1,AD,0.05364958457664632
Maxchi,3213,3277,C2U,01B,01C,0.06875110446923226
Maxchi,1193,1252,C2U,01B,02A,0.00864679050032639
Maxchi,3280,3326,C2U,01B,A1D,0.14817787189628098
Maxchi,3314,3354,C2U,01B,AD,0.050839920018562405
Maxchi,1695,1765,C2U,01C,02A,0.005183390183246998
Maxchi,1059,1109,C2U,02A,02B,0.015503648488370414
Maxchi,3197,3239,C2U,01C,02B,0.24103919390741405
Maxchi,1984,2032,C2U,01C,02G,0.0011676566472299372
Maxchi,360,411,C2U,02A,A,1.6804513952188598e-14
Maxchi,287,337,C2U,02G,A,1.0
Maxchi,696,744,C2U,A,A1D,0.2962698714842834
Maxchi,647,696,C2U,A,A2,0.09099113508979113
Maxchi,210,370,C2U,A,BF,1.2883024608149305e-39
Maxchi,370,417,C2U,A,BF1,5.5677652076413586e-21
Maxchi,372,409,C2U,A,BG,7.133896384234209e-08
Maxchi,895,940,C2U,A,D,0.343457272756989
Maxchi,366,422,C2U,A,F1,2.0878554695954837e-19
Maxchi,305,355,C2U,A,L,1.0
Maxchi,1979,2031,C2U,A1,A2,0.08954782175961902
Maxchi,841,893,C2U,A1,A5U,0.02110043348861454
Maxchi,1474,1524,C2U,A1,BF1,0.30332822503138307
Maxchi,3348,3402,C2U,A1,DF,0.062437366255472235
Maxchi,3499,3550,C2U,A1,G,0.4008362846975292
Maxchi,3350,3398,C2U,A1,J,0.07363827012030258
Maxchi,946,1002,C2U,02G,A2,0.1460709836029746
Maxchi,3982,4047,C2U,A2,A2D,0.07894007824568756
Maxchi,2959,3003,C2U,A2,A6,0.01796251878001668
Maxchi,3500,3558,C2U,A2,AG,0.048335188894910786
Maxchi,1979,2031,C2U,01B,A3,0.10911422030414132
Maxchi,1961,2019,C2U,01C,A3,0.01875936379572875
Maxchi,2824,2868,C2U,02A,A3,0.18008603904992887
Maxchi,1979,2031,C2U,A3,AE,0.17037264538444577
Maxchi,286,336,C2U,02G,A5U,1.0
Maxchi,402,452,C2U,A1D,A5U,5.14110022667982e-09
Maxchi,370,417,C2U,A5U,BF1,5.5677652076413586e-21
Maxchi,2857,2861,C2U,01A1,A6,5.587260371231264e-09
Maxchi,899,946,C2U,02G,A6,0.00024578200015972016
Maxchi,2653,2709,C2U,A1D,A6,0.12402704976163371
Maxchi,3450,3500,C2U,A2D,A6,0.033894853524689295
Maxchi,3457,3498,C2U,A6,AD,0.16944530717918693
Maxchi,2041,2088,C2U,A6,AE,0.03921903838480038
Maxchi,3292,3343,C2U,01C,AD,0.20165193110499943
Maxchi,1742,1745,C2U,A1D,AD,4.4463659546212463e-07
Maxchi,4365,4412,C2U,01B,AE,0.06845699986899056
Maxchi,3198,3247,C2U,01C,AE,0.3514147803201536
Maxchi,1193,1252,C2U,02A,AE,0.00864679050032639
Maxchi,3278,3328,C2U,A1D,AE,0.0740225429253814
Maxchi,3314,3354,C2U,AD,AE,0.050839920018562405
Maxchi,1171,1221,C2U,AE,BG,0.15729920705028105
Maxchi,2022,2078,C2U,A2D,AG,3.87790225931943e-05
Maxchi,844,891,C2U,A5U,AG,2.1069045779389964e-08
Maxchi,1701,1753,C2U,AG,BF1,0.18006758853463598
Maxchi,1831,1886,C2U,AG,CD,0.006509895859729646
Maxchi,2035,2086,C2U,B,BF1,0.0002558179614440381
Maxchi,1981,2038,C2U,B,F1,0.011152098048644856
Maxchi,3068,3111,C2U,B,F2,0.14097582543237314
Maxchi,2028,2082,C2U,B,L,0.015008372409461204
Maxchi,360,412,C2U,02A,B.FR.83.HXBLAI_IIIB_BRU.K03455,1.575193416062226e-13
Maxchi,260,372,C2U,02G,B.FR.83.HXBLAI_IIIB_BRU.K03455,1.3563332600812201e-21
Maxchi,584,617,C2U,A5U,B.FR.83.HXBLAI_IIIB_BRU.K03455,0.022914171535340942
Maxchi,432,493,C2U,A6,B.FR.83.HXBLAI_IIIB_BRU.K03455,0.34526015978926694
Maxchi,210,370,C2U,B.FR.83.HXBLAI_IIIB_BRU.K03455,BF,1.2883024608149305e-39
Maxchi,370,401,C2U,B.FR.83.HXBLAI_IIIB_BRU.K03455,BG,4.828784943998065e-16
Maxchi,699,763,C2U,B.FR.83.HXBLAI_IIIB_BRU.K03455,CD,0.027229652270979666
Maxchi,210,370,C2U,A5U,BF,1.2883024608149305e-39
Maxchi,2013,2029,C2U,BF,BF1,0.0011015323986397658
Maxchi,1171,1221,C2U,01B,BG,0.15729920705028105
Maxchi,1666,1726,C2U,01C,BG,8.485885352817493e-08
Maxchi,1709,1769,C2U,02A,BG,0.019142784473452763
Maxchi,370,401,C2U,A5U,BG,4.828784943998065e-16
Maxchi,1703,1757,C2U,D,F1,0.635393816299618
Maxchi,2037,2090,C2U,D,F2,0.07629243928476408
Maxchi,1983,2037,C2U,D,K,0.17472517242490118
Maxchi,2220,2261,C2U,BF1,DF,0.07503362963336176
Maxchi,2403,2455,C2U,BC,F1,0.14924017631488318
Maxchi,2242,2270,C2U,F1,F2,0.10519250512004134
Maxchi,1834,1886,C2U,F1,K,0.14175371665502798
Maxchi,3697,3747,C2U,F2,K,0.15729920705028105
Maxchi,2697,2757,C2U,DF,G,0.17132111112270615
Maxchi,362,411,C2U,02A,H,9.64554813810024e-16
Maxchi,291,341,C2U,02G,H,1.0
Maxchi,534,596,C2U,BC,H,0.07580876321105724
Maxchi,250,260,C2U,CPZ,H,1.4958258446518184e-05
Maxchi,309,359,C2U,H,L,1.0
Maxchi,1686,1734,C2U,BF1,K,0.13262225087386603
Maxchi,304,354,C2U,A5U,L,1.0
Maxchi,2040,2088,C2U,BC,L,0.00236217075406031
Maxchi,3233,3280,C2U,01A1,cpx,0.14158442710395336
Maxchi,2489,2539,C2U,CD,cpx,0.043912208768570556
Maxchi,3739,3790,CD,01A1,01C,0.3093814892536835
Maxchi,2824,2875,CD,01A1,02A,0.1943960082591471
Maxchi,3460,3486,CD,01A1,02B,0.0002995538305040136
Maxchi,868,915,CD,01A1,A5U,0.024054131332841695
Maxchi,3422,3475,CD,01A1,AD,0.05853671863312073
Maxchi,1618,1672,CD,01A1,BF1,2.4861082854576042e-05
Maxchi,1984,2033,CD,01A1,C2U,0.01870482777282823
Maxchi,3931,3998,CD,01A1,01B,0.15720532318992372
Maxchi,3942,3994,CD,01B,01C,0.04647831057494168
Maxchi,2844,2900,CD,01B,02A,0.03794039600833882
Maxchi,3328,3376,CD,01B,02B,0.008761931853663491
Maxchi,3475,3527,CD,01B,A1D,0.07437734325249158
Maxchi,3643,3694,CD,01B,A2D,0.14533668318202367
Maxchi,843,896,CD,01B,A5U,0.008704021446591407
Maxchi,3475,3527,CD,01B,AD,0.07437734325249158
Maxchi,3074,3120,CD,01B,BF1,0.15528902105639567
Maxchi,3269,3328,CD,01B,C2U,0.012227290524497923
Maxchi,1692,1746,CD,01C,02A,0.40234765560147334
Maxchi,1059,1112,CD,02A,02B,0.07727303325891101
Maxchi,1856,1891,CD,02A,C2U,0.0685195585826485
Maxchi,3327,3373,CD,01C,02B,0.06600276627491655
Maxchi,840,892,CD,01C,02G,0.2977866676269614
Maxchi,1550,1586,CD,02A,02G,0.14062746783400726
Maxchi,949,1002,CD,02G,C2U,0.0008062657520735325
Maxchi,360,411,CD,02A,A,6.307561160959184e-13
Maxchi,287,337,CD,02G,A,1.0
Maxchi,633,696,CD,A,A5U,0.06875788519421212
Maxchi,209,375,CD,A,BF,4.040122784340276e-42
Maxchi,375,427,CD,A,BF1,2.2060237692714258e-21
Maxchi,374,401,CD,A,BG,2.4221043351875667e-15
Maxchi,647,696,CD,A,C2U,0.09099113508979113
Maxchi,369,428,CD,A,F1,4.0180616231195757e-17
Maxchi,451,505,CD,A,G,0.08862122211794161
Maxchi,305,355,CD,A,L,1.0
Maxchi,3747,3795,CD,A1,A2D,0.2672574931543847
Maxchi,841,898,CD,A1,A5U,0.060951071988996616
Maxchi,3904,3942,CD,A1,AD,0.04076304314427153
Maxchi,1703,1752,CD,A1,BF1,0.6673453711911811
Maxchi,3499,3550,CD,A1,G,0.00184846987381783
Maxchi,2362,2412,CD,01C,A1D,0.5515150900118735
Maxchi,1975,2026,CD,02A,A1D,0.36345759719797244
Maxchi,3475,3527,CD,01A1,A2,0.2830310266689644
Maxchi,3422,3475,CD,01B,A2,0.20375573491088952
Maxchi,2951,2988,CD,A2,A6,0.06016309316054231
Maxchi,3415,3477,CD,A2,AD,0.014437597321834578
Maxchi,3422,3474,CD,A2,AE,0.2228826050355779
Maxchi,3452,3481,CD,A2,AG,0.017488585210511297
Maxchi,1744,1799,CD,A2,BG,0.0001820807750059127
Maxchi,2688,2748,CD,A2,cpx,0.015364999955569853
Maxchi,3422,3475,CD,01A1,A2D,0.05853671863312073
Maxchi,3421,3468,CD,01C,A2D,0.13984079645897296
Maxchi,2825,2877,CD,02A,A2D,0.5520027628423692
Maxchi,3643,3694,CD,A2D,AD,0.14533668318202367
Maxchi,1745,1798,CD,A2D,BF1,0.0017398626285627045
Maxchi,3324,3373,CD,A2D,C2U,0.03643753459747976
Maxchi,3473,3527,CD,01C,A3,0.21038398851740503
Maxchi,3324,3374,CD,02B,A3,0.060060459638177535
Maxchi,3542,3582,CD,A3,AE,0.13750448333575097
Maxchi,844,891,CD,01C,A5U,7.288918199274735e-06
Maxchi,360,411,CD,02A,A5U,0.0035380567419032536
Maxchi,286,336,CD,02G,A5U,1.0
Maxchi,403,428,CD,A1D,A5U,4.700103159795479e-09
Maxchi,843,895,CD,A5U,AD,1.1525819154001086e-05
Maxchi,322,375,CD,A5U,BF1,2.2060237692714258e-21
Maxchi,447,491,CD,A5U,C2U,1.4012834406118966e-07
Maxchi,206,254,CD,A5U,CPZ,0.1485617748918645
Maxchi,3548,3559,CD,A6,AG,0.00700998715358736
Maxchi,1744,1799,CD,A6,BG,0.0001820807750059127
Maxchi,2849,2886,CD,A6,cpx,0.01046862058372361
Maxchi,3459,3498,CD,01C,AD,0.08324485080523708
Maxchi,2813,2879,CD,02A,AD,0.1329492494743685
Maxchi,3373,3419,CD,02B,AD,0.06600276627491655
Maxchi,1691,1743,CD,AD,BF1,8.014475703110868e-05
Maxchi,3326,3393,CD,AD,C2U,0.12388685143659044
Maxchi,3463,3501,CD,AE,AG,0.2624022546643325
Maxchi,1984,2033,CD,AE,cpx,0.162633015078109
Maxchi,3422,3474,CD,01A1,AG,0.06683161760140156
Maxchi,3463,3501,CD,01B,AG,0.2624022546643325
Maxchi,3767,3815,CD,02B,AG,0.156337198788842
Maxchi,3689,3744,CD,A2D,AG,0.0022028059202864794
Maxchi,844,894,CD,A5U,AG,6.783900119853268e-08
Maxchi,3460,3501,CD,AD,AG,0.13364243993646555
Maxchi,2603,2649,CD,AG,BG,0.0666324409222546
Maxchi,1981,2029,CD,AG,cpx,0.2673834363554346
Maxchi,360,412,CD,02A,B.FR.83.HXBLAI_IIIB_BRU.K03455,4.529409063434132e-12
Maxchi,260,369,CD,02G,B.FR.83.HXBLAI_IIIB_BRU.K03455,9.732484224413035e-21
Maxchi,736,781,CD,A1D,B.FR.83.HXBLAI_IIIB_BRU.K03455,0.037067048902967616
Maxchi,209,375,CD,B.FR.83.HXBLAI_IIIB_BRU.K03455,BF,4.040122784340276e-42
Maxchi,375,427,CD,B.FR.83.HXBLAI_IIIB_BRU.K03455,BF1,2.2060237692714258e-21
Maxchi,371,402,CD,B.FR.83.HXBLAI_IIIB_BRU.K03455,BG,3.4074285832657513e-15
Maxchi,744,791,CD,B.FR.83.HXBLAI_IIIB_BRU.K03455,C,0.47748898285606367
Maxchi,2593,2648,CD,A1D,BC,0.36156979899067154
Maxchi,1691,1742,CD,BC,BF,0.00011146071916596046
Maxchi,2033,2086,CD,BC,BF1,0.005834315417314183
Maxchi,2787,2844,CD,BC,C2U,0.07013910352437734
Maxchi,1630,1678,CD,02A,BF,0.0022633860701086086
Maxchi,549,605,CD,02G,BF,0.0016292481054412486
Maxchi,765,815,CD,A1D,BF,0.571254964275587
Maxchi,209,375,CD,A5U,BF,4.040122784340276e-42
Maxchi,875,928,CD,BF,BF1,0.0007164390088414696
Maxchi,736,788,CD,BF,C2U,0.12419239344721592
Maxchi,736,787,CD,BF,CPZ,0.7788817432707938
Maxchi,2037,2086,CD,01C,BF1,0.004088527342141467
Maxchi,2880,2942,CD,A1D,BF1,0.012613215322443761
Maxchi,2220,2261,CD,BF1,C2U,0.06577892382143898
Maxchi,1670,1711,CD,02A,BG,8.233493194319856e-05
Maxchi,947,998,CD,02G,BG,9.58842304937555e-11
Maxchi,1986,2036,CD,A1D,BG,0.14517397969585702
Maxchi,347,374,CD,A5U,BG,2.4221043351875667e-15
Maxchi,1231,1295,CD,AD,BG,0.03886710381241731
Maxchi,2212,2261,CD,BF1,BG,0.012266433751942854
Maxchi,1890,1937,CD,BG,C2U,0.22605180167510247
Maxchi,6490,6541,CD,A1D,C,8.321653384475212e-05
Maxchi,427,505,CD,A5U,C,3.268962611377041e-07
Maxchi,765,815,CD,BF,C,0.1477624222231365
Maxchi,740,789,CD,C2U,CPZ,0.31196114767727595
Maxchi,3178,3228,CD,C2U,DF,0.08427222054541968
Maxchi,2826,2884,CD,A1D,F1,0.03549266193375477
Maxchi,1696,1747,CD,BF,F1,0.0017499356399986277
Maxchi,3026,3079,CD,BF1,F1,0.6015081344405899
Maxchi,2037,2086,CD,C2U,F1,0.10998397942434794
Maxchi,1650,1701,CD,F1,F2,0.0007263108891280211
Maxchi,1639,1691,CD,F1,L,0.037684416373420015
Maxchi,3418,3459,CD,A1D,F2,0.02921911896874633
Maxchi,2886,2943,CD,BC,F2,0.05346970063719381
Maxchi,3694,3748,CD,F2,K,0.12759103520802467
Maxchi,2647,2699,CD,A1D,G,0.24946170169469312
Maxchi,3452,3501,CD,A2D,G,0.20249572841922628
Maxchi,788,840,CD,A5U,G,0.15360467623994148
Maxchi,1986,2034,CD,BF1,G,0.003464621428074309
Maxchi,546,607,CD,G,H,0.0034503787331378747
Maxchi,2698,2736,CD,G,J,0.07595591498468902
Maxchi,360,411,CD,02A,H,7.461732210664418e-15
Maxchi,291,341,CD,02G,H,1.0
Maxchi,834,881,CD,A1D,H,0.31672250521880724
Maxchi,607,655,CD,A5U,H,0.156337198788842
Maxchi,375,427,CD,BF1,H,2.2060237692714258e-21
Maxchi,377,412,CD,BG,H,8.990096929681875e-06
Maxchi,841,894,CD,C2U,H,0.02591935910705066
Maxchi,250,260,CD,CPZ,H,1.4958258446518184e-05
Maxchi,309,359,CD,H,L,1.0
Maxchi,2648,2703,CD,A1D,J,0.38419502872097333
Maxchi,844,891,CD,A5U,J,1.863281188616448e-07
Maxchi,2026,2074,CD,BF1,J,0.016219968003356563
Maxchi,3393,3452,CD,A1D,K,0.021561043676624585
Maxchi,1633,1678,CD,BF1,K,0.0018195501959980714
Maxchi,1693,1747,CD,A1D,L,0.08566550355978567
Maxchi,1477,1530,CD,A2D,L,0.1720339603092742
Maxchi,304,354,CD,A5U,L,1.0
Maxchi,734,786,CD,AD,L,0.20375820350718557
Maxchi,1936,1988,CD,BF,L,0.0015901549251206377
Maxchi,1638,1682,CD,C2U,L,0.0011074060625130284
Maxchi,3324,3376,CD,01A1,cpx,0.0832542338617877
Maxchi,1984,2033,CD,01B,cpx,0.162633015078109
Maxchi,1987,2034,CD,02B,cpx,0.12341300973117424
Maxchi,1972,2027,CD,AD,cpx,0.06316794358389845
Maxchi,2037,2086,CD,BG,cpx,0.002170438349781023
Maxchi,884,934,CPZ,01A1,C2U,0.0010236384859597784
Maxchi,899,950,CPZ,01C,02A,1.3202865652724015e-07
Maxchi,1238,1282,CPZ,02A,C2U,0.2225909658201854
Maxchi,1164,1214,CPZ,02G,C2U,0.3371926216113047
Maxchi,365,411,CPZ,A,A5U,0.00984243926719123
Maxchi,397,451,CPZ,A,H,0.3322692572059551
Maxchi,846,899,CPZ,A1,C2U,0.003938993372840031
Maxchi,1618,1669,CPZ,A1,cpx,1.7395009590843323e-05
Maxchi,1326,1373,CPZ,A1D,C2U,0.10301784392413851
Maxchi,886,929,CPZ,02A,A2,0.009882140607483518
Maxchi,654,706,CPZ,A1D,A2,0.014153853241884815
Maxchi,1699,1708,CPZ,A2,A2D,5.587260371231264e-09
Maxchi,697,743,CPZ,A2,A6,0.2627405078856342
Maxchi,648,701,CPZ,A2,BC,0.47670368721110645
Maxchi,692,749,CPZ,A2,BF1,0.05409267874333341
Maxchi,887,942,CPZ,A2,BG,2.6826448076287134e-05
Maxchi,692,749,CPZ,A2,CD,0.017215771095710188
Maxchi,693,749,CPZ,A2,DF,0.02481043556096295
Maxchi,657,707,CPZ,A2,cpx,0.384088249473852
Maxchi,430,453,CPZ,02G,A5U,0.010983406904692326
Maxchi,1670,1722,CPZ,A2D,A6,0.012741671838540199
Maxchi,648,701,CPZ,A6,BC,0.47670368721110645
Maxchi,949,1002,CPZ,A6,BF1,0.002368230724391216
Maxchi,935,992,CPZ,A6,BG,6.783381253208202e-05
Maxchi,1136,1190,CPZ,A6,C,0.4098886696239391
Maxchi,1128,1178,CPZ,A6,C2U,0.620809833120146
Maxchi,692,749,CPZ,A6,CD,0.017215771095710188
Maxchi,693,749,CPZ,A6,DF,0.02481043556096295
Maxchi,890,938,CPZ,A6,F1,0.0034147911781178208
Maxchi,642,695,CPZ,A6,L,0.009687454183551344
Maxchi,657,707,CPZ,A6,cpx,0.384088249473852
Maxchi,1669,1721,CPZ,AE,cpx,0.000210835160564434
Maxchi,1662,1720,CPZ,AG,cpx,0.0001165476175688618
Maxchi,606,657,CPZ,01C,B,0.24396471712824735
Maxchi,899,950,CPZ,02A,B,1.866763244641792e-07
Maxchi,536,589,CPZ,02G,B,0.0121766519758656
Maxchi,655,705,CPZ,A1D,B,0.03705621856411898
Maxchi,536,589,CPZ,B,BF,0.003798409789306336
Maxchi,947,997,CPZ,B,BF1,0.0012495261854880493
Maxchi,857,910,CPZ,B,BG,0.1436892086159744
Maxchi,648,701,CPZ,B,C,0.47670368721110645
Maxchi,606,657,CPZ,B,C2U,0.3957318391145579
Maxchi,648,701,CPZ,B,DF,0.3119281661974837
Maxchi,874,928,CPZ,B,F1,0.006294025672349623
Maxchi,692,749,CPZ,B,G,0.003244867790001474
Maxchi,606,657,CPZ,B,J,0.2571920350404281
Maxchi,844,900,CPZ,02A,BC,0.00024758980013625444
Maxchi,895,947,CPZ,BC,BF1,0.4250845048062105
Maxchi,902,954,CPZ,BC,BG,0.00016875309025903273
Maxchi,1085,1139,CPZ,BC,CD,0.30465293569134033
Maxchi,837,886,CPZ,02G,BF,0.6622662229323552
Maxchi,698,746,CPZ,A1D,BF,0.14383962880530124
Maxchi,362,409,CPZ,A5U,BF,0.02291885324551091
Maxchi,775,824,CPZ,BF,BF1,0.005406780344522976
Maxchi,875,925,CPZ,01C,BF1,0.00061619042294761
Maxchi,838,890,CPZ,02A,BF1,0.09672928133627431
Maxchi,835,885,CPZ,02G,BF1,0.41692388888478293
Maxchi,812,865,CPZ,A1D,BF1,0.43014426421319174
Maxchi,1304,1347,CPZ,BF1,C2U,0.12266139251012179
Maxchi,786,838,CPZ,BF1,BG,0.15775048107200634
Maxchi,956,1012,CPZ,BG,C2U,2.633413932340852e-10
Maxchi,1236,1282,CPZ,02A,C,0.1811334353159789
Maxchi,806,848,CPZ,02G,C,0.18198069665935085
Maxchi,725,786,CPZ,BF,C,0.10492301867565261
Maxchi,1173,1221,CPZ,C,DF,0.7681845203765383
Maxchi,766,812,CPZ,C,F1,0.4222099001605881
Maxchi,1079,1129,CPZ,C,J,0.3690387815136851
Maxchi,1082,1138,CPZ,01C,C2U,0.12514877696949306
Maxchi,1085,1139,CPZ,01C,CD,0.26403297042351676
Maxchi,896,949,CPZ,02A,CD,1.8835187109476362e-05
Maxchi,791,840,CPZ,02G,CD,0.15455166297356576
Maxchi,788,835,CPZ,A1D,CD,0.10725967527868217
Maxchi,856,906,CPZ,A2D,CD,0.0016222548081131808
Maxchi,1261,1304,CPZ,BF1,CD,0.04239172662073747
Maxchi,928,979,CPZ,BG,CD,0.477816966773831
Maxchi,582,631,CPZ,01C,DF,0.21073594293006678
Maxchi,899,950,CPZ,02A,DF,0.0010699807884825595
Maxchi,654,706,CPZ,A1D,DF,0.018672658683924186
Maxchi,648,701,CPZ,BC,DF,0.47670368721110645
Maxchi,509,537,CPZ,BF,DF,0.12081323063964812
Maxchi,926,982,CPZ,BF1,DF,0.00015655642883761944
Maxchi,927,976,CPZ,BG,DF,0.0003801028116475144
Maxchi,1320,1369,CPZ,C2U,DF,0.0473302084081901
Maxchi,697,748,CPZ,CD,DF,0.6107644895955535
Maxchi,902,954,CPZ,01C,F1,2.2413709200057506e-05
Maxchi,837,887,CPZ,02A,F1,0.006567098870912129
Maxchi,850,900,CPZ,02G,F1,0.22830073357540348
Maxchi,812,865,CPZ,A1D,F1,0.43014426421319174
Maxchi,822,885,CPZ,BF,F1,1.7890555901709058e-05
Maxchi,767,815,CPZ,BG,F1,0.2753440402810871
Maxchi,1261,1304,CPZ,C2U,F1,0.12266139251012179
Maxchi,897,948,CPZ,DF,F1,0.007497202531048567
Maxchi,903,947,CPZ,F1,J,3.9496195164739224e-05
Maxchi,902,954,CPZ,F1,cpx,7.086672692316499e-06
Maxchi,937,989,CPZ,C2U,F2,0.00446812791475835
Maxchi,939,993,CPZ,CD,F2,0.00021146939952593945
Maxchi,930,981,CPZ,F2,cpx,0.0010699807884825595
Maxchi,876,926,CPZ,02A,G,0.03541768967526832
Maxchi,536,589,CPZ,02G,G,0.021126121503995232
Maxchi,940,998,CPZ,BG,G,5.162422142020918e-06
Maxchi,693,749,CPZ,DF,G,0.02481043556096295
Maxchi,692,749,CPZ,G,J,0.0008614475679593701
Maxchi,428,452,CPZ,02G,H,4.97352327155174e-11
Maxchi,1248,1292,CPZ,01A1,J,0.29398847687973517
Maxchi,848,899,CPZ,02A,J,4.419956564519343e-06
Maxchi,900,955,CPZ,BG,J,0.0007538224573734447
Maxchi,1081,1137,CPZ,C2U,J,0.10219186144978408
Maxchi,648,701,CPZ,DF,J,0.3119281661974837
Maxchi,589,644,CPZ,J,L,0.16839497647213397
Maxchi,883,935,CPZ,02G,L,0.0005331579138634584
Maxchi,884,931,CPZ,BF,L,0.005345725358153526
Maxchi,642,695,CPZ,DF,L,0.009687454183551344
Maxchi,905,949,CPZ,02A,cpx,2.291051438404292e-07
Maxchi,604,655,CPZ,A1D,cpx,0.17964038281379904
Maxchi,533,582,CPZ,BC,cpx,0.005110260660855879
Maxchi,885,933,CPZ,BF1,cpx,0.058737774183468885
Maxchi,1082,1138,CPZ,C2U,cpx,0.12514877696949306
Maxchi,1085,1139,CPZ,CD,cpx,0.26403297042351676
Maxchi,612,664,CPZ,DF,cpx,0.01584437166897183
Maxchi,3435,3501,D,01A1,01C,0.09736294875439155
Maxchi,2772,2823,D,01A1,02A,0.05316105126401019
Maxchi,4288,4332,D,01A1,02B,0.2162689684978003
Maxchi,529,612,D,01A1,02G,1.7852139048086722e-30
Maxchi,3443,3480,D,01A1,A1D,0.06508522438306737
Maxchi,866,920,D,01A1,A5U,0.0004575522928167392
Maxchi,5111,5160,D,01A1,AD,0.07985619377351649
Maxchi,2957,3012,D,01A1,BF1,0.08335116579725586
Maxchi,3187,3234,D,01A1,C2U,0.020507718480761914
Maxchi,496,547,D,01A1,CPZ,4.5935916258265494e-07
Maxchi,5111,5160,D,01A1,01B,0.07985619377351649
Maxchi,4375,4417,D,01B,01C,0.23391969103376192
Maxchi,2832,2875,D,01B,02A,0.13823971778517535
Maxchi,530,614,D,01B,02G,3.879600368549148e-22
Maxchi,866,909,D,01B,A5U,3.4836122324045183e-05
Maxchi,9475,9510,D,01B,AD,3.671079145826653e-14
Maxchi,3012,3067,D,01B,BF1,0.1930215186091854
Maxchi,3204,3266,D,01B,C2U,0.005569802146730306
Maxchi,493,540,D,01B,CPZ,0.000200888864318128
Maxchi,445,495,D,01C,CPZ,0.0006871043843566189
Maxchi,1997,2021,D,01C,02A,0.0001382152710673682
Maxchi,1245,1298,D,02A,02B,0.08013200980180185
Maxchi,469,526,D,02A,CPZ,0.0035970186246078823
Maxchi,493,540,D,02B,CPZ,0.000200888864318128
Maxchi,527,607,D,01C,02G,4.2157156876150035e-15
Maxchi,527,607,D,02A,02G,4.2157156876150035e-15
Maxchi,527,607,D,02B,02G,4.2157156876150035e-15
Maxchi,526,607,D,02G,A1D,2.5443546616460127e-15
Maxchi,526,607,D,02G,C2U,2.5443546616460127e-15
Maxchi,490,534,D,02G,CPZ,0.12170116687513019
Maxchi,539,621,D,01C,A,4.891851724327517e-16
Maxchi,360,411,D,02A,A,0.002940932104495999
Maxchi,287,337,D,02G,A,1.0
Maxchi,400,426,D,A,A1D,2.3953087215005163e-10
Maxchi,463,494,D,A,A2,0.14922835263038572
Maxchi,527,598,D,A,B,2.3162340705254958e-12
Maxchi,521,606,D,A,BC,1.0271719487953066e-17
Maxchi,210,402,D,A,BF,4.070822045386692e-52
Maxchi,375,426,D,A,BF1,6.586857658927861e-12
Maxchi,369,376,D,A,BG,0.00035871294143977614
Maxchi,397,451,D,A,CD,0.013604032044213064
Maxchi,450,500,D,A,DF,1.0
Maxchi,541,627,D,A,J,2.3069376641449307e-20
Maxchi,949,1005,D,A,K,0.00026749776377982487
Maxchi,305,355,D,A,L,1.0
Maxchi,2852,2877,D,A1,BC,0.09262185022500882
Maxchi,1511,1561,D,A1,BF1,0.009182882688421467
Maxchi,1059,1109,D,A1,H,0.0008872991932699806
Maxchi,2839,2901,D,A1,L,0.02496868673002082
Maxchi,1926,1985,D,02B,A1D,0.00017577389586548385
Maxchi,1889,1926,D,A1D,C2U,0.06923534624962466
Maxchi,488,540,D,A1D,CPZ,0.016230048574613385
Maxchi,3737,3790,D,01A1,A2,0.35861173566542903
Maxchi,527,607,D,02G,A2,4.2157156876150035e-15
Maxchi,842,892,D,A2,A5U,0.0001469082938319922
Maxchi,3717,3786,D,A2,AD,0.0371920171639741
Maxchi,2772,2826,D,A2,AG,0.06619257972219346
Maxchi,3421,3468,D,A2,BC,0.13984079645897296
Maxchi,484,540,D,A2,CPZ,0.0012754664244986709
Maxchi,3513,3554,D,A2,G,0.1916011067525895
Maxchi,4377,4425,D,01A1,A2D,0.156337198788842
Maxchi,3229,3277,D,01C,A2D,0.6079511091189144
Maxchi,1158,1206,D,02A,A2D,0.5458046357641756
Maxchi,6566,6615,D,02B,A2D,0.00034854559521968964
Maxchi,530,614,D,02G,A2D,3.1966165449780244e-15
Maxchi,3420,3467,D,A1D,A2D,0.05423189028771341
Maxchi,9496,9521,D,A2D,AD,1.4340553575603511e-08
Maxchi,1666,1731,D,A2D,BF1,6.993787510652403e-06
Maxchi,3380,3428,D,A2D,C2U,0.15826413126216063
Maxchi,493,540,D,A2D,CPZ,0.000200888864318128
Maxchi,3182,3231,D,01C,A3,0.754834846452914
Maxchi,3914,3963,D,A3,A6,0.2986882350656738
Maxchi,501,533,D,01C,A5U,0.16543896349191234
Maxchi,360,411,D,02A,A5U,0.0035380567419032536
Maxchi,286,336,D,02G,A5U,1.0
Maxchi,832,887,D,A1D,A5U,0.00014163237083107192
Maxchi,895,945,D,A5U,AD,3.486720269662246e-05
Maxchi,375,427,D,A5U,BF1,2.4524456141090814e-11
Maxchi,832,887,D,A5U,C2U,0.000444279044711087
Maxchi,206,254,D,A5U,CPZ,0.1485617748918645
Maxchi,2824,2877,D,02B,A6,0.20375573491088952
Maxchi,4016,4068,D,A6,AE,0.03656658204811522
Maxchi,484,540,D,A6,CPZ,0.0012754664244986709
Maxchi,496,507,D,A6,H,0.00700998715358736
Maxchi,1158,1207,D,02A,AD,0.04334266192136032
Maxchi,9449,9515,D,02B,AD,1.3928935953652869e-11
Maxchi,536,626,D,02G,AD,1.3124300264043252e-17
Maxchi,1474,1524,D,AD,BF1,0.3723653021980271
Maxchi,1886,1937,D,AD,C2U,0.1670929390984841
Maxchi,493,540,D,AD,CPZ,0.000200888864318128
Maxchi,5111,5160,D,01A1,AE,0.07985619377351649
Maxchi,4375,4417,D,01C,AE,0.23391969103376192
Maxchi,2834,2879,D,02A,AE,0.1390753065422721
Maxchi,530,614,D,02G,AE,1.2927618523545466e-21
Maxchi,3408,3462,D,A1D,AE,0.07470593331213042
Maxchi,895,946,D,A5U,AE,0.006812447066190345
Maxchi,9465,9505,D,AD,AE,2.9201610334357356e-11
Maxchi,2650,2703,D,AE,BC,0.5325536483752777
Maxchi,401,453,D,AE,BF,8.297490572334454e-12
Maxchi,3012,3067,D,AE,BF1,0.2817411673796254
Maxchi,3192,3247,D,AE,C2U,0.1557595956765449
Maxchi,3942,3994,D,AE,CD,0.04647831057494168
Maxchi,493,540,D,AE,CPZ,0.000200888864318128
Maxchi,3942,3995,D,AE,DF,0.006978831692367308
Maxchi,3425,3472,D,AE,cpx,0.051340537246334604
Maxchi,4885,4936,D,01A1,AG,0.016735462679022407
Maxchi,3180,3230,D,01C,AG,0.46649442078308023
Maxchi,1197,1236,D,02A,AG,0.21166522026921478
Maxchi,7255,7302,D,02B,AG,1.4146995121731113e-05
Maxchi,536,626,D,02G,AG,5.106063945739813e-18
Maxchi,3422,3481,D,A1D,AG,0.08292392361982362
Maxchi,844,898,D,A5U,AG,4.6218092454167215e-06
Maxchi,2643,2698,D,AG,BC,0.03247847320422198
Maxchi,401,453,D,AG,BF,8.297490572334454e-12
Maxchi,1453,1524,D,AG,BF1,0.005725572054064959
Maxchi,2822,2877,D,AG,BG,0.1622164090906263
Maxchi,4401,4467,D,AG,CD,0.15340609523073184
Maxchi,493,540,D,AG,CPZ,0.000200888864318128
Maxchi,2891,2944,D,AG,DF,0.380587696137363
Maxchi,2218,2241,D,AG,cpx,0.00872481752195337
Maxchi,527,607,D,02G,B,4.2157156876150035e-15
Maxchi,493,540,D,B,CPZ,0.000200888864318128
Maxchi,527,598,D,B,H,2.3162340705254958e-12
Maxchi,532,607,D,01C,B.FR.83.HXBLAI_IIIB_BRU.K03455,2.730692499433679e-13
Maxchi,360,412,D,02A,B.FR.83.HXBLAI_IIIB_BRU.K03455,0.004229127697816718
Maxchi,260,369,D,02G,B.FR.83.HXBLAI_IIIB_BRU.K03455,9.732484224413035e-21
Maxchi,927,980,D,A2D,B.FR.83.HXBLAI_IIIB_BRU.K03455,2.0234573448728278e-05
Maxchi,442,503,D,A6,B.FR.83.HXBLAI_IIIB_BRU.K03455,0.08056867692148284
Maxchi,505,513,D,B.FR.83.HXBLAI_IIIB_BRU.K03455,BC,0.040356572798745265
Maxchi,210,402,D,B.FR.83.HXBLAI_IIIB_BRU.K03455,BF,4.070822045386692e-52
Maxchi,375,426,D,B.FR.83.HXBLAI_IIIB_BRU.K03455,BF1,6.586857658927861e-12
Maxchi,370,372,D,B.FR.83.HXBLAI_IIIB_BRU.K03455,BG,1.5374597944280386e-12
Maxchi,432,492,D,B.FR.83.HXBLAI_IIIB_BRU.K03455,C2U,0.3207769927915025
Maxchi,428,460,D,B.FR.83.HXBLAI_IIIB_BRU.K03455,CD,0.023202545863181868
Maxchi,450,500,D,B.FR.83.HXBLAI_IIIB_BRU.K03455,DF,1.0
Maxchi,495,534,D,B.FR.83.HXBLAI_IIIB_BRU.K03455,G,0.1339235587547078
Maxchi,541,627,D,B.FR.83.HXBLAI_IIIB_BRU.K03455,J,7.04841819392499e-18
Maxchi,443,445,D,B.FR.83.HXBLAI_IIIB_BRU.K03455,cpx,7.87343685439857e-09
Maxchi,3419,3468,D,01A1,BC,0.10751135969600549
Maxchi,3422,3471,D,01B,BC,0.3548837304000081
Maxchi,2403,2447,D,01C,BC,0.1477586915571686
Maxchi,3513,3553,D,02B,BC,0.17062245102350043
Maxchi,518,536,D,02G,BC,0.0004615437876544122
Maxchi,2403,2447,D,A1D,BC,0.1477586915571686
Maxchi,3734,3786,D,A2D,BC,0.21870866000504766
Maxchi,484,530,D,A5U,BC,0.1041006583396692
Maxchi,2643,2698,D,AD,BC,0.19318413413953564
Maxchi,431,505,D,BC,BF,2.458641488436838e-11
Maxchi,2042,2095,D,BC,BF1,7.358660825758643e-06
Maxchi,1745,1799,D,BC,BG,0.011315867805187617
Maxchi,1979,2033,D,BC,C2U,0.006100007594542082
Maxchi,3324,3372,D,BC,CD,0.2256327810534339
Maxchi,446,493,D,BC,CPZ,0.05133204372249204
Maxchi,401,453,D,01A1,BF,8.297490572334454e-12
Maxchi,401,453,D,01B,BF,8.297490572334454e-12
Maxchi,401,453,D,01C,BF,8.297490572334454e-12
Maxchi,552,653,D,02A,BF,1.9337663296978003e-30
Maxchi,401,453,D,02B,BF,8.297490572334454e-12
Maxchi,442,484,D,02G,BF,0.07007553859334137
Maxchi,401,453,D,A1D,BF,8.297490572334454e-12
Maxchi,401,453,D,A2D,BF,8.297490572334454e-12
Maxchi,210,402,D,A5U,BF,4.070822045386692e-52
Maxchi,401,453,D,AD,BF,8.297490572334454e-12
Maxchi,401,453,D,BF,BF1,8.297490572334454e-12
Maxchi,557,608,D,BF,BG,1.9569375048750277e-15
Maxchi,874,928,D,BF,C2U,0.21038398851740508
Maxchi,401,451,D,BF,CPZ,1.0932219338166523e-11
Maxchi,2038,2086,D,01C,BF1,0.00257380669737816
Maxchi,1451,1524,D,02B,BF1,0.054800018295517755
Maxchi,516,534,D,02G,BF1,0.00024478733822722726
Maxchi,1692,1735,D,A1D,BF1,0.00017248198295169873
Maxchi,1833,1886,D,BF1,C2U,0.006737421847469925
Maxchi,488,540,D,BF1,CPZ,0.2110936711315774
Maxchi,949,1002,D,02A,BG,0.031504543247913616
Maxchi,522,534,D,02G,BG,2.5658801538431853e-05
Maxchi,369,376,D,A5U,BG,0.00035871294143977614
Maxchi,1233,1295,D,AD,BG,0.0386573499698797
Maxchi,2715,2764,D,BF1,BG,0.6245029013659706
Maxchi,2588,2637,D,BG,C2U,0.40298694834941906
Maxchi,464,526,D,BG,CPZ,1.5181674260343863e-06
Maxchi,527,608,D,02G,C,8.260089651313158e-14
Maxchi,483,540,D,C,CPZ,0.0009733038764887125
Maxchi,2825,2868,D,C,L,0.06840509767544992
Maxchi,1923,1984,D,02B,C2U,0.0005055289057423936
Maxchi,488,540,D,C2U,CPZ,0.07142345772985215
Maxchi,3942,3994,D,01A1,CD,0.016029678288038186
Maxchi,3942,3994,D,01B,CD,0.04647831057494168
Maxchi,3985,4045,D,01C,CD,0.01171292893646945
Maxchi,4328,4372,D,02B,CD,0.15142193930082073
Maxchi,484,537,D,02G,CD,0.014243531972557769
Maxchi,4401,4467,D,A1D,CD,0.15340609523073184
Maxchi,4376,4425,D,A2D,CD,0.07552398753331192
Maxchi,4324,4329,D,AD,CD,3.763307607378343e-05
Maxchi,376,435,D,BF,CD,0.10207938441873741
Maxchi,1731,1775,D,BF1,CD,0.028342129532670204
Maxchi,4322,4329,D,C2U,CD,0.0014157350220906568
Maxchi,446,493,D,CD,CPZ,0.09057767066750955
Maxchi,3863,3914,D,01A1,DF,0.6979126562040223
Maxchi,3942,3995,D,01B,DF,0.006978831692367308
Maxchi,3746,3794,D,01C,DF,0.21986893044484188
Maxchi,4062,4113,D,02B,DF,0.61450593886657
Maxchi,484,537,D,02G,DF,0.014243531972557769
Maxchi,3901,3942,D,A1D,DF,0.008311434477228678
Maxchi,4263,4318,D,A2D,DF,0.27223685808723086
Maxchi,893,936,D,A5U,DF,0.061186437788151006
Maxchi,3076,3126,D,AD,DF,0.15729920705028105
Maxchi,3168,3217,D,BC,DF,0.010351914828731738
Maxchi,423,509,D,BF,DF,1.0011595102859698e-14
Maxchi,2026,2074,D,BG,DF,0.00035319671718879073
Maxchi,2826,2869,D,C2U,DF,0.30549026163749876
Maxchi,4318,4371,D,CD,DF,0.3975822058141366
Maxchi,1638,1692,D,CPZ,DF,0.29869755599496717
Maxchi,2963,3012,D,01B,F1,0.19344349849617715
Maxchi,3076,3126,D,02B,F1,0.15729920705028105
Maxchi,517,534,D,02G,F1,0.0004279213170421814
Maxchi,1696,1747,D,A1D,F1,0.4089730525240447
Maxchi,3181,3232,D,A2D,F1,0.21896961893827538
Maxchi,3076,3126,D,AD,F1,0.15729920705028105
Maxchi,2033,2081,D,BC,F1,0.009636670578809377
Maxchi,420,491,D,BF,F1,0.21572134789018904
Maxchi,1731,1775,D,BF1,F1,0.03931731735227841
Maxchi,2038,2087,D,CD,F1,0.017781529010591993
Maxchi,485,534,D,CPZ,F1,0.08836671477814495
Maxchi,1630,1678,D,F1,F2,0.030114551388208934
Maxchi,369,426,D,F1,H,5.658725230366511e-11
Maxchi,1460,1509,D,F1,K,0.20438598709840392
Maxchi,4239,4289,D,01A1,F2,0.26042529467584186
Maxchi,3053,3099,D,01C,F2,0.597117547038811
Maxchi,4870,4928,D,02B,F2,0.03959987269792254
Maxchi,526,590,D,02G,F2,8.314264169741111e-18
Maxchi,3475,3527,D,A1D,F2,0.06602739156095537
Maxchi,4381,4429,D,A2D,F2,0.17588767798452926
Maxchi,844,895,D,A5U,F2,0.014007017212362336
Maxchi,4263,4312,D,AD,F2,0.14054464283059165
Maxchi,3053,3099,D,BC,F2,0.597117547038811
Maxchi,401,453,D,BF,F2,2.4524456141090814e-11
Maxchi,1732,1784,D,BF1,F2,0.0005089413180621724
Maxchi,2886,2934,D,BG,F2,0.0014017807307630274
Maxchi,4978,5025,D,CD,F2,0.007565073086040008
Maxchi,495,545,D,CPZ,F2,2.587946757239265e-07
Maxchi,3041,3093,D,F2,G,0.05039928287148224
Maxchi,4289,4335,D,F2,J,0.11102603155680374
Maxchi,5527,5582,D,F2,K,0.29078330242759176
Maxchi,3737,3790,D,01A1,G,0.030487054627101915
Maxchi,2822,2877,D,02A,G,0.32939333962828027
Maxchi,3693,3743,D,02B,G,0.08172275229865922
Maxchi,511,522,D,02G,G,0.00038703881433975267
Maxchi,3417,3466,D,A1D,G,0.1360970044403716
Maxchi,487,534,D,A5U,G,0.02735335227921929
Maxchi,3737,3790,D,AD,G,0.030487054627101915
Maxchi,3877,3921,D,AG,G,0.5353327866487061
Maxchi,3513,3553,D,BC,G,0.17062245102350043
Maxchi,432,493,D,BF,G,6.354923713721033e-07
Maxchi,1468,1512,D,BF1,G,0.22182046020824778
Maxchi,1478,1526,D,BG,G,0.02436667689324653
Maxchi,3347,3400,D,C2U,G,0.2803855084619622
Maxchi,494,540,D,CPZ,G,0.6388335867651601
Maxchi,4263,4318,D,DF,G,0.4363498331950344
Maxchi,532,608,D,G,H,1.2977089199309883e-11
Maxchi,3752,3809,D,G,J,0.08488731256316734
Maxchi,3807,3862,D,G,K,0.0007358005063043983
Maxchi,3467,3514,D,G,cpx,0.24266321277073494
Maxchi,539,621,D,01C,H,4.891851724327517e-16
Maxchi,360,411,D,02A,H,0.0013055924087956078
Maxchi,985,1041,D,02B,H,0.013228547179717647
Maxchi,291,341,D,02G,H,1.0
Maxchi,929,985,D,A1D,H,0.035948392465804606
Maxchi,980,1033,D,A2D,H,0.0006689549547523676
Maxchi,841,895,D,A5U,H,0.03766692222862869
Maxchi,895,947,D,AG,H,2.0680815384622325e-06
Maxchi,521,606,D,BC,H,1.0271719487953066e-17
Maxchi,210,402,D,BF,H,4.070822045386692e-52
Maxchi,375,426,D,BF1,H,6.586857658927861e-12
Maxchi,370,380,D,BG,H,0.0035811640331237355
Maxchi,431,492,D,C2U,H,0.04504181504776252
Maxchi,443,463,D,CD,H,0.009748109126736945
Maxchi,250,260,D,CPZ,H,1.4958258446518184e-05
Maxchi,457,507,D,DF,H,1.0
Maxchi,541,626,D,H,J,8.261546929260728e-21
Maxchi,895,950,D,H,K,0.0013887511875445137
Maxchi,309,359,D,H,L,1.0
Maxchi,441,453,D,H,cpx,8.721835402928461e-06
Maxchi,3696,3752,D,02B,J,0.2398743480738394
Maxchi,484,537,D,02G,J,0.27303869639054523
Maxchi,2824,2877,D,A1D,J,0.3595149169882603
Maxchi,3184,3233,D,A2D,J,0.07359232589922039
Maxchi,511,561,D,A5U,J,1.0
Maxchi,3830,3883,D,AD,J,0.14604357669820972
Maxchi,3777,3830,D,AG,J,0.14604357669820972
Maxchi,3606,3651,D,BC,J,0.2816110146572135
Maxchi,2040,2085,D,BF,J,0.0006412680963403443
Maxchi,2223,2254,D,BF1,J,0.022119462108462017
Maxchi,3341,3387,D,C2U,J,0.07991317509998397
Maxchi,3421,3468,D,CD,J,0.2756194493973704
Maxchi,457,499,D,CPZ,J,0.0006568773457800324
Maxchi,3075,3100,D,DF,J,0.00167399136862459
Maxchi,1985,2042,D,J,L,3.1371588327199958e-06
Maxchi,1984,2035,D,J,cpx,0.01436440660291553
Maxchi,3740,3791,D,01C,K,0.33373509711129695
Maxchi,530,614,D,02G,K,8.02333937992593e-15
Maxchi,3422,3481,D,A1D,K,0.08292392361982362
Maxchi,843,892,D,A5U,K,2.220492590348565e-07
Maxchi,9449,9514,D,AD,K,7.835018431297021e-10
Maxchi,2966,3018,D,BC,K,0.6752249600507378
Maxchi,401,453,D,BF,K,8.297490572334454e-12
Maxchi,1693,1743,D,BF1,K,0.583106312420996
Maxchi,4888,4942,D,CD,K,0.0677076560566926
Maxchi,493,540,D,CPZ,K,0.000200888864318128
Maxchi,4674,4723,D,DF,K,0.16147997944780534
Maxchi,656,704,D,01C,L,0.156337198788842
Maxchi,563,626,D,02A,L,6.468353104082735e-27
Maxchi,686,739,D,02B,L,0.2031741525259789
Maxchi,533,639,D,02G,L,1.286195375849636e-28
Maxchi,2974,3035,D,A1D,L,0.15718577420849972
Maxchi,686,739,D,A2D,L,0.2031741525259789
Maxchi,304,354,D,A5U,L,1.0
Maxchi,686,739,D,AD,L,0.2031741525259789
Maxchi,2721,2765,D,AE,L,0.3568332553603468
Maxchi,686,739,D,AG,L,0.2031741525259789
Maxchi,1701,1751,D,BC,L,0.0656911336441939
Maxchi,512,562,D,BF,L,1.0
Maxchi,2912,2974,D,BF1,L,0.27944001240070615
Maxchi,561,627,D,BG,L,1.7242857763302e-24
Maxchi,2825,2868,D,C2U,L,0.06840509767544992
Maxchi,3468,3479,D,CD,L,0.00700998715358736
Maxchi,533,639,D,CPZ,L,3.376742959116249e-26
Maxchi,2026,2074,D,DF,L,0.00035319671718879073
Maxchi,561,627,D,L,cpx,1.7242857763302e-24
Maxchi,3418,3468,D,01A1,cpx,0.4404006981390033
Maxchi,3439,3483,D,02B,cpx,0.044412333645260586
Maxchi,521,535,D,02G,cpx,0.0006955970567137426
Maxchi,3182,3236,D,A1D,cpx,0.14171358240652288
Maxchi,450,458,D,A5U,cpx,2.753800770030103e-07
Maxchi,1923,1970,D,BC,cpx,0.21118223310345025
Maxchi,426,590,D,BF,cpx,3.624620830443607e-53
Maxchi,1699,1743,D,BF1,cpx,0.10915407282027141
Maxchi,1675,1720,D,BG,cpx,0.004448352076695822
Maxchi,1895,1935,D,C2U,cpx,0.36350159499448387
Maxchi,3784,3825,D,CD,cpx,0.06524844757654757
Maxchi,464,526,D,CPZ,cpx,2.6071631969666856e-05
Maxchi,3240,3293,DF,01A1,01C,0.12533635687923333
Maxchi,2772,2824,DF,01A1,02A,0.14924017631488318
Maxchi,3416,3472,DF,01A1,02B,0.05652067044496509
Maxchi,3416,3472,DF,01A1,A1D,0.05652067044496509
Maxchi,869,916,DF,01A1,A5U,0.03950208269443903
Maxchi,3825,3874,DF,01A1,AD,0.04744744594680683
Maxchi,2010,2028,DF,01A1,BF1,3.062973599798006e-05
Maxchi,3291,3341,DF,01A1,C2U,0.3124222112426905
Maxchi,445,496,DF,01A1,CPZ,1.2451363589301242e-06
Maxchi,3998,4026,DF,01A1,01B,0.0028472355783172483
Maxchi,3231,3278,DF,01B,01C,0.27711868242786614
Maxchi,2789,2832,DF,01B,02A,0.41473696682988315
Maxchi,2702,2748,DF,01B,02B,0.009276681159950973
Maxchi,3348,3403,DF,01B,A1D,0.027650832916516908
Maxchi,3647,3718,DF,01B,A2D,0.03679414732961233
Maxchi,843,896,DF,01B,A5U,0.008704021446591407
Maxchi,2702,2748,DF,01B,AD,0.009276681159950973
Maxchi,446,493,DF,01B,CPZ,0.00036464658722581766
Maxchi,1636,1691,DF,01C,02A,0.007285269607075878
Maxchi,2775,2825,DF,02A,02B,0.2759362908775553
Maxchi,2760,2822,DF,01C,02B,0.014935327161249148
Maxchi,446,493,DF,02B,CPZ,0.00036464658722581766
Maxchi,843,894,DF,01C,02G,0.13882000849244747
Maxchi,882,942,DF,02A,02G,0.11357053359492886
Maxchi,360,411,DF,02A,A,0.00039478992858104863
Maxchi,287,337,DF,02G,A,1.0
Maxchi,399,451,DF,A,A1D,5.628035002059288e-15
Maxchi,699,753,DF,A,A2,0.11601928465036287
Maxchi,210,399,DF,A,BF,6.284952390542844e-51
Maxchi,376,429,DF,A,BF1,5.636249663706635e-10
Maxchi,484,521,DF,A,C,0.31634229331252506
Maxchi,696,744,DF,A,G,0.5604855644132766
Maxchi,633,696,DF,A,J,0.06875788519421212
Maxchi,305,355,DF,A,L,1.0
Maxchi,3647,3696,DF,A1,A1D,0.06446548007781994
Maxchi,3904,3942,DF,A1,A2D,0.04938747174084617
Maxchi,3402,3445,DF,A1,BC,0.009882140607483518
Maxchi,3695,3741,DF,A1,G,0.3678110300106209
Maxchi,2667,2719,DF,A1,J,0.3083583905011047
Maxchi,1670,1712,DF,A1,L,0.001016626249971291
Maxchi,2901,2949,DF,01C,A1D,0.025674942578765007
Maxchi,2029,2082,DF,02B,A1D,0.07716337102042092
Maxchi,2702,2748,DF,A1D,C2U,0.03197195617764869
Maxchi,3650,3694,DF,01A1,A2,0.4592295584819276
Maxchi,3410,3471,DF,02B,A2,0.2593258419754342
Maxchi,2959,3003,DF,A1D,A2,0.21093600713647104
Maxchi,3535,3582,DF,A2,AD,0.03658273130822084
Maxchi,3696,3742,DF,01A1,A2D,0.37332883635472236
Maxchi,2703,2749,DF,02A,A2D,0.06311975802894246
Maxchi,3486,3538,DF,02B,A2D,0.3317192233660309
Maxchi,2264,2309,DF,A1D,A2D,0.13783401261581457
Maxchi,846,900,DF,A2D,A5U,0.0005995817876649154
Maxchi,3718,3789,DF,A2D,AD,0.1799499187330173
Maxchi,446,493,DF,A2D,CPZ,0.00036464658722581766
Maxchi,3472,3527,DF,02B,A3,0.1571594166890101
Maxchi,1670,1711,DF,A3,BG,0.000489708821851095
Maxchi,799,843,DF,01C,A5U,0.08349509999513142
Maxchi,360,411,DF,02A,A5U,0.0035380567419032536
Maxchi,429,479,DF,02B,A5U,1.0
Maxchi,286,336,DF,02G,A5U,1.0
Maxchi,347,399,DF,A1D,A5U,2.0258287622648592e-13
Maxchi,429,479,DF,A5U,AD,1.0
Maxchi,375,428,DF,A5U,BF1,8.083305417398971e-11
Maxchi,414,507,DF,A5U,C2U,1.848402634776369e-12
Maxchi,206,254,DF,A5U,CPZ,0.1485617748918645
Maxchi,3012,3069,DF,01B,A6,0.46125103996872896
Maxchi,3417,3472,DF,02B,A6,0.05978366262806145
Maxchi,882,942,DF,02G,A6,0.11357053359492886
Maxchi,2695,2747,DF,A1D,A6,0.00610756185745081
Maxchi,743,786,DF,A5U,A6,0.4943119112433335
Maxchi,3035,3080,DF,A6,AE,0.5254486161705962
Maxchi,2696,2751,DF,A6,AG,0.0244554856744685
Maxchi,2812,2871,DF,01C,AD,0.1810622075105251
Maxchi,2775,2814,DF,02A,AD,0.027454603462510847
Maxchi,3607,3657,DF,02B,AD,0.0415651498373117
Maxchi,3472,3527,DF,A1D,AD,0.04139761866128843
Maxchi,1692,1745,DF,AD,BF1,0.011066223732330783
Maxchi,3292,3343,DF,AD,C2U,0.39999766066623754
Maxchi,446,493,DF,AD,CPZ,0.00036464658722581766
Maxchi,2702,2748,DF,02B,AE,0.009276681159950973
Maxchi,3348,3403,DF,A1D,AE,0.027650832916516908
Maxchi,1735,1782,DF,AE,BG,0.21022004327694005
Maxchi,3939,3994,DF,01A1,AG,0.0003925610453560331
Maxchi,2032,2082,DF,A1D,AG,0.15130078180827944
Maxchi,2708,2751,DF,A2D,AG,0.27028697374554317
Maxchi,2708,2751,DF,AD,AG,0.27028697374554317
Maxchi,1670,1712,DF,AG,BG,1.3350161578565075e-05
Maxchi,3612,3630,DF,B,F2,0.001484634619916687
Maxchi,260,369,DF,02G,B.FR.83.HXBLAI_IIIB_BRU.K03455,9.732484224413035e-21
Maxchi,210,399,DF,B.FR.83.HXBLAI_IIIB_BRU.K03455,BF,6.284952390542844e-51
Maxchi,376,429,DF,B.FR.83.HXBLAI_IIIB_BRU.K03455,BF1,2.3678972493316703e-09
Maxchi,362,402,DF,B.FR.83.HXBLAI_IIIB_BRU.K03455,BG,0.011137897527055247
Maxchi,895,950,DF,B.FR.83.HXBLAI_IIIB_BRU.K03455,K,0.0017685623217077353
Maxchi,3403,3456,DF,01A1,BC,0.007607452316563245
Maxchi,3228,3278,DF,01B,BC,0.384088249473852
Maxchi,2469,2510,DF,02B,BC,0.3231411294182843
Maxchi,844,898,DF,02G,BC,0.006285730308197051
Maxchi,2901,2952,DF,A1D,BC,0.1912600146462678
Maxchi,2444,2490,DF,A2D,BC,0.013501285884778814
Maxchi,810,864,DF,A5U,BC,0.23173562514652768
Maxchi,2403,2447,DF,AD,BC,0.05664896325728391
Maxchi,425,486,DF,BC,BF,9.914508517974908e-10
Maxchi,2033,2086,DF,BC,BF1,0.005834315417314183
Maxchi,1713,1774,DF,BC,BG,0.002240550843774122
Maxchi,2787,2844,DF,BC,C2U,0.07013910352437734
Maxchi,6462,6511,DF,BC,CD,0.013136661200384283
Maxchi,423,509,DF,01A1,BF,1.0011595102859698e-14
Maxchi,423,509,DF,01B,BF,1.0011595102859698e-14
Maxchi,423,509,DF,01C,BF,1.0011595102859698e-14
Maxchi,423,509,DF,02A,BF,1.0011595102859698e-14
Maxchi,423,509,DF,02B,BF,1.0011595102859698e-14
Maxchi,412,509,DF,02G,BF,1.4160272699613672e-26
Maxchi,1745,1798,DF,A1D,BF,0.07188936222681834
Maxchi,423,509,DF,A2D,BF,1.0011595102859698e-14
Maxchi,210,399,DF,A5U,BF,6.284952390542844e-51
Maxchi,423,509,DF,AD,BF,1.0011595102859698e-14
Maxchi,1670,1747,DF,BF,BF1,0.013830978481311717
Maxchi,412,509,DF,BF,BG,1.4160272699613672e-26
Maxchi,1735,1798,DF,02B,BF1,0.079174799487434
Maxchi,2015,2037,DF,A1D,BF1,8.950294712006717e-05
Maxchi,2667,2719,DF,01A1,BG,0.08954782175961902
Maxchi,2702,2748,DF,01B,BG,0.009276681159950973
Maxchi,1637,1671,DF,02A,BG,1.8727005781692383e-08
Maxchi,2655,2703,DF,02B,BG,0.07363827012030258
Maxchi,904,949,DF,02G,BG,0.013269054443065146
Maxchi,1745,1799,DF,A1D,BG,0.005930605430338594
Maxchi,362,402,DF,A5U,BG,0.08117658558247334
Maxchi,1231,1295,DF,AD,BG,0.07604147583024319
Maxchi,1712,1768,DF,BF1,BG,1.0615139293585526e-06
Maxchi,1782,1831,DF,BG,C2U,0.04087153408900628
Maxchi,2987,3035,DF,A1D,C,0.07363827012030258
Maxchi,394,442,DF,A5U,C,4.079253767488501e-06
Maxchi,3324,3372,DF,C,CD,0.032994956224797777
Maxchi,2027,2078,DF,C,L,0.0012611493724190403
Maxchi,2796,2849,DF,01C,C2U,0.015545325407283051
Maxchi,2112,2159,DF,02B,C2U,0.31672250521880724
Maxchi,3696,3744,DF,02B,CD,0.007592011847308769
Maxchi,3541,3594,DF,A1D,CD,0.08565275497673003
Maxchi,2026,2076,DF,BF,CD,0.14891467317876161
Maxchi,3376,3418,DF,BF1,CD,0.01720171356576088
Maxchi,1695,1746,DF,BF1,D,0.026415307549537023
Maxchi,5107,5108,DF,D,F2,9.236596617174016e-13
Maxchi,370,429,DF,A5U,F1,8.053566787194418e-13
Maxchi,1461,1510,DF,BF,F1,0.6951138094753725
Maxchi,3361,3419,DF,CD,F1,0.011692565296469896
Maxchi,3315,3368,DF,CD,F2,0.14086260031570655
Maxchi,2959,3003,DF,A1D,G,0.21093600713647104
Maxchi,742,791,DF,G,H,0.31976706349517575
Maxchi,2241,2257,DF,G,L,0.0021715444362551723
Maxchi,360,411,DF,02A,H,0.00012783427749673827
Maxchi,291,341,DF,02G,H,1.0
Maxchi,378,434,DF,BG,H,0.005701460084228884
Maxchi,846,896,DF,C2U,H,8.637667594722761e-05
Maxchi,250,260,DF,CPZ,H,1.4958258446518184e-05
Maxchi,309,359,DF,H,L,1.0
Maxchi,2463,2509,DF,A1D,J,0.03895333731406259
Maxchi,844,891,DF,A5U,J,1.863281188616448e-07
Maxchi,2689,2749,DF,J,cpx,0.159503973250546
Maxchi,837,890,DF,A5U,K,7.629802575280738e-05
Maxchi,2886,2945,DF,CD,K,0.1035853049099962
Maxchi,304,354,DF,A5U,L,1.0
Maxchi,3002,3064,DF,BC,cpx,0.019926690248608256
Maxchi,1510,1560,F1,01A1,01C,0.08172275229865922
Maxchi,2840,2885,F1,01A1,02A,0.4442189216757485
Maxchi,2825,2874,F1,01A1,02B,0.3578708405469476
Maxchi,1694,1750,F1,01A1,A1D,0.07517452816742665
Maxchi,841,895,F1,01A1,A5U,0.02111949692965968
Maxchi,1204,1249,F1,01A1,AD,0.12601780481938177
Maxchi,1672,1725,F1,01A1,BF1,0.00016616796897850363
Maxchi,1510,1560,F1,01A1,01B,0.2214397326720097
Maxchi,2700,2714,F1,01B,01C,0.040365165416718266
Maxchi,2832,2875,F1,01B,02A,0.12266139251012179
Maxchi,1672,1725,F1,01B,A1D,0.0010182735823195976
Maxchi,3083,3132,F1,01B,A2D,0.4359125049338396
Maxchi,844,893,F1,01B,A5U,4.60834162465414e-05
Maxchi,3076,3126,F1,01B,AD,0.0415651498373117
Maxchi,1672,1725,F1,01B,BF1,7.98597766323849e-06
Maxchi,1695,1742,F1,01C,02A,0.25048676190055036
Maxchi,980,1033,F1,02A,02B,0.0013964373626092709
Maxchi,2032,2085,F1,01C,02B,0.002438122248731905
Maxchi,874,925,F1,01C,02G,0.00042360160568746336
Maxchi,1510,1561,F1,02A,02G,0.06570007253851012
Maxchi,653,654,F1,02A,A,3.4767934908033977e-07
Maxchi,296,356,F1,02G,A,7.215056902706705e-17
Maxchi,447,492,F1,A,A5U,1.238440651152149e-09
Maxchi,210,297,F1,A,BF,9.97932151012701e-14
Maxchi,1014,1057,F1,02A,A1,0.30708161556203606
Maxchi,1672,1725,F1,A1,A1D,0.0010182735823195976
Maxchi,3231,3282,F1,A1,A2D,0.477816966773831
Maxchi,841,893,F1,A1,A5U,0.02110043348861454
Maxchi,1692,1739,F1,A1,BC,0.3360807594264579
Maxchi,3190,3240,F1,A2,AG,0.384088249473852
Maxchi,1919,1974,F1,A2,DF,0.013948694079308774
Maxchi,1747,1805,F1,A2,G,0.03778722411294196
Maxchi,1690,1748,F1,A2,J,0.08630615457575361
Maxchi,3171,3222,F1,01A1,A2D,0.06687442543164354
Maxchi,2749,2794,F1,02A,A2D,0.3880006708553778
Maxchi,2825,2874,F1,A1D,A2D,0.277339031200013
Maxchi,3035,3083,F1,A2D,AD,0.3968734598380429
Maxchi,1698,1746,F1,A2D,C2U,0.2743987827027742
Maxchi,947,1004,F1,02A,A3,0.00017554931362921605
Maxchi,1059,1109,F1,02B,A3,0.03931332269258642
Maxchi,1059,1109,F1,A1D,A3,0.03931332269258642
Maxchi,1958,2010,F1,A3,A6,0.030474440389384162
Maxchi,520,533,F1,02A,A5U,2.2058508702365084e-08
Maxchi,296,356,F1,02G,A5U,3.612080957564057e-16
Maxchi,346,396,F1,A1D,A5U,3.966263011362784e-08
Maxchi,427,484,F1,A5U,BF1,0.00550733333131718
Maxchi,310,366,F1,A5U,C2U,1.4420854486069885e-18
Maxchi,206,255,F1,A5U,CPZ,0.06807634672122492
Maxchi,1504,1560,F1,01A1,A6,0.05916066185008008
Maxchi,2046,2102,F1,01B,A6,0.008146011694494014
Maxchi,893,945,F1,02G,A6,0.3584708460664584
Maxchi,3083,3132,F1,A6,AD,0.4428272800055021
Maxchi,2045,2102,F1,A6,AE,0.08837786995497895
Maxchi,1709,1768,F1,A6,BG,0.006542400929487819
Maxchi,1997,2021,F1,01C,AD,0.0006056092449485633
Maxchi,2775,2825,F1,02A,AD,0.02127563816033351
Maxchi,1210,1260,F1,02B,AD,0.025449946311827634
Maxchi,1059,1109,F1,A1D,AD,0.006119353605734685
Maxchi,2813,2865,F1,AD,C2U,0.08954782175961902
Maxchi,1508,1554,F1,01A1,AE,0.2648469160580465
Maxchi,1672,1725,F1,01B,AE,5.7687119967953023e-05
Maxchi,2700,2714,F1,01C,AE,0.040365165416718266
Maxchi,2837,2885,F1,02A,AE,0.16119535456004677
Maxchi,1672,1725,F1,A1D,AE,0.0010182735823195976
Maxchi,3083,3132,F1,A2D,AE,0.4359125049338396
Maxchi,3076,3126,F1,AD,AE,0.0415651498373117
Maxchi,3232,3289,F1,AE,AG,0.30373098314566366
Maxchi,1958,2016,F1,AE,BC,0.00046815523171763764
Maxchi,401,453,F1,AE,BF,8.297490572334454e-12
Maxchi,1618,1672,F1,AE,BF1,7.98597766323849e-06
Maxchi,949,1002,F1,AE,BG,0.026454883450140458
Maxchi,1692,1745,F1,AE,DF,0.07839647642460242
Maxchi,3035,3096,F1,01A1,AG,0.37647346299198126
Maxchi,3232,3289,F1,01B,AG,0.30373098314566366
Maxchi,2073,2111,F1,01C,AG,0.14360586966335673
Maxchi,1197,1236,F1,02A,AG,0.21166522026921478
Maxchi,3500,3551,F1,02B,AG,0.2702365760344074
Maxchi,2912,2965,F1,A1D,AG,0.1373937088256121
Maxchi,3231,3282,F1,A2D,AG,0.477816966773831
Maxchi,844,891,F1,A5U,AG,2.1069045779389964e-08
Maxchi,3076,3126,F1,AD,AG,0.24144640605818507
Maxchi,2775,2825,F1,AG,BC,0.6344542837665208
Maxchi,401,453,F1,AG,BF,8.297490572334454e-12
Maxchi,1667,1731,F1,AG,BF1,1.3209673249517808e-07
Maxchi,948,1003,F1,AG,BG,0.49015248551904433
Maxchi,1679,1720,F1,AG,C2U,0.01141203638600166
Maxchi,1630,1678,F1,AG,CD,0.00942282250930809
Maxchi,1644,1698,F1,AG,DF,0.0093747684594349
Maxchi,2035,2086,F1,B,DF,0.00045970158216361893
Maxchi,294,353,F1,02G,B.FR.83.HXBLAI_IIIB_BRU.K03455,2.6822660012641023e-15
Maxchi,695,740,F1,A,B.FR.83.HXBLAI_IIIB_BRU.K03455,0.18008603904992887
Maxchi,884,934,F1,A1,B.FR.83.HXBLAI_IIIB_BRU.K03455,0.058781721355358516
Maxchi,874,928,F1,AG,B.FR.83.HXBLAI_IIIB_BRU.K03455,0.011384615439108053
Maxchi,210,297,F1,B.FR.83.HXBLAI_IIIB_BRU.K03455,BF,9.97932151012701e-14
Maxchi,357,407,F1,B.FR.83.HXBLAI_IIIB_BRU.K03455,BG,0.000632005743445425
Maxchi,2033,2082,F1,01A1,BC,0.04656586449464588
Maxchi,1925,1985,F1,01B,BC,0.0005320055051392492
Maxchi,1594,1663,F1,01C,BC,1.8531213125640518e-05
Maxchi,1651,1700,F1,02A,BC,0.0006637798566295335
Maxchi,1692,1739,F1,02B,BC,0.3360807594264579
Maxchi,844,898,F1,02G,BC,0.006285730308197051
Maxchi,1750,1805,F1,A1D,BC,0.004959444694561476
Maxchi,1941,1993,F1,A2D,BC,0.024974679293054206
Maxchi,425,486,F1,BC,BF,9.914508517974908e-10
Maxchi,2469,2510,F1,BC,BF1,0.15704601556933742
Maxchi,1663,1731,F1,BC,BG,0.013439437287384783
Maxchi,903,947,F1,BC,CPZ,0.004515139290270742
Maxchi,420,491,F1,01A1,BF,0.21572134789018904
Maxchi,420,491,F1,01B,BF,0.21572134789018904
Maxchi,420,491,F1,01C,BF,0.21572134789018904
Maxchi,891,941,F1,02A,BF,1.0
Maxchi,420,491,F1,02B,BF,0.21572134789018904
Maxchi,790,858,F1,A1D,BF,0.19739573184449527
Maxchi,420,491,F1,A2D,BF,0.21572134789018904
Maxchi,210,297,F1,A5U,BF,9.97932151012701e-14
Maxchi,420,491,F1,AD,BF,0.21572134789018904
Maxchi,1655,1703,F1,BF,BG,0.020478587162876302
Maxchi,1883,1936,F1,BF,C2U,0.04345354248458206
Maxchi,1975,2026,F1,01C,BF1,0.1797588203756941
Maxchi,1509,1558,F1,02B,BF1,0.23225149394644218
Maxchi,2034,2082,F1,02G,BF1,0.2626668563086162
Maxchi,2770,2825,F1,A1D,BF1,0.025004327775879225
Maxchi,3267,3329,F1,BF1,C2U,0.07580876321105724
Maxchi,849,900,F1,BF1,CPZ,0.0032351262020366128
Maxchi,1205,1251,F1,01A1,BG,0.20078328069189394
Maxchi,949,1002,F1,01B,BG,0.026454883450140458
Maxchi,1714,1757,F1,02G,BG,0.3096249801500471
Maxchi,1707,1756,F1,A1D,BG,0.1584005503062216
Maxchi,948,1002,F1,A2D,BG,0.0793886117993169
Maxchi,936,987,F1,AD,BG,0.4282030561707132
Maxchi,6613,6665,F1,BF1,BG,0.03158775390686206
Maxchi,2037,2090,F1,BG,C2U,0.006046945380769092
Maxchi,1942,2008,F1,C,DF,0.03906440576109475
Maxchi,2775,2825,F1,02B,C2U,0.1788321917456035
Maxchi,1692,1745,F1,02A,CD,0.026611370097769253
Maxchi,949,1002,F1,02G,CD,0.0008062657520735325
Maxchi,310,369,F1,A5U,CD,2.1397486971268857e-16
Maxchi,1703,1752,F1,BG,CD,0.1584005503062216
Maxchi,789,837,F1,CD,CPZ,0.42997165902411627
Maxchi,832,887,F1,A5U,D,0.000444279044711087
Maxchi,2026,2076,F1,D,DF,0.3229093572696934
Maxchi,928,982,F1,D,L,0.00034672330880285645
Maxchi,3178,3228,F1,01A1,DF,0.11047224940667515
Maxchi,1735,1798,F1,01B,DF,0.005675262830219666
Maxchi,1645,1694,F1,01C,DF,0.00013010637040631028
Maxchi,1692,1746,F1,02A,DF,0.1542129779461507
Maxchi,874,928,F1,02G,DF,0.21486774567077493
Maxchi,1899,1962,F1,BC,DF,0.079174799487434
Maxchi,3062,3126,F1,BF1,DF,0.14017360771142967
Maxchi,1712,1769,F1,BG,DF,3.6585697831292617e-06
Maxchi,1975,2026,F1,C2U,DF,0.4460203190379881
Maxchi,1666,1723,F1,A1D,F2,0.0003497993200089046
Maxchi,1474,1527,F1,A2D,F2,0.21400594078462523
Maxchi,3053,3087,F1,AD,F2,0.06968932947633692
Maxchi,1475,1526,F1,AE,F2,0.21380772954299349
Maxchi,401,453,F1,BF,F2,2.4524456141090814e-11
Maxchi,3024,3068,F1,BF1,F2,0.09029833935330227
Maxchi,1650,1700,F1,DF,F2,0.0009285334224661557
Maxchi,1659,1722,F1,F2,G,3.713598744849053e-06
Maxchi,369,426,F1,F2,H,5.658725230366511e-11
Maxchi,3041,3103,F1,F2,J,0.04902753525313121
Maxchi,1917,1967,F1,F2,cpx,0.07597534819411386
Maxchi,2032,2085,F1,01A1,G,0.10526715063317665
Maxchi,1703,1751,F1,01C,G,0.0027655956620840196
Maxchi,926,950,F1,02G,G,3.650107653567292e-07
Maxchi,1703,1751,F1,A1D,G,0.0009704262942357523
Maxchi,2016,2044,F1,A2D,G,0.0008304728254605347
Maxchi,1663,1726,F1,AD,G,0.047159673273650136
Maxchi,1703,1750,F1,BC,G,0.00721835294871056
Maxchi,2034,2081,F1,BF1,G,0.05669025753441854
Maxchi,1706,1756,F1,BG,G,3.040862397004335e-05
Maxchi,2213,2242,F1,C2U,G,0.10519250512004134
Maxchi,2190,2243,F1,CD,G,0.2314679393341226
Maxchi,884,933,F1,CPZ,G,0.0027118129056775964
Maxchi,2667,2717,F1,DF,G,0.3708675858370648
Maxchi,369,426,F1,G,H,5.658725230366511e-11
Maxchi,1703,1751,F1,G,J,0.0009704262942357523
Maxchi,2027,2077,F1,G,K,0.15729920705028105
Maxchi,1703,1751,F1,G,cpx,0.0027655956620840196
Maxchi,369,426,F1,01A1,H,5.658725230366511e-11
Maxchi,947,998,F1,01B,H,0.18779705635817218
Maxchi,369,426,F1,01C,H,5.658725230366511e-11
Maxchi,505,544,F1,02A,H,0.07595591498468902
Maxchi,895,946,F1,02B,H,0.24403388172179052
Maxchi,296,357,F1,02G,H,4.793931096983659e-19
Maxchi,363,428,F1,A1D,H,0.002046165070186455
Maxchi,505,544,F1,A5U,H,0.07595591498468902
Maxchi,369,426,F1,AD,H,5.658725230366511e-11
Maxchi,895,947,F1,AE,H,0.008460386310535624
Maxchi,893,946,F1,AG,H,1.8835187109476362e-05
Maxchi,369,426,F1,BC,H,5.658725230366511e-11
Maxchi,210,297,F1,BF,H,9.97932151012701e-14
Maxchi,874,927,F1,BF1,H,0.07363494389298106
Maxchi,505,544,F1,BG,H,0.07595591498468902
Maxchi,310,368,F1,C2U,H,5.075373980752578e-23
Maxchi,370,429,F1,CD,H,2.077398387957066e-19
Maxchi,256,307,F1,CPZ,H,0.03361769673397379
Maxchi,310,370,F1,DF,H,6.885204321570696e-09
Maxchi,369,426,F1,H,J,5.658725230366511e-11
Maxchi,369,426,F1,H,K,5.658725230366511e-11
Maxchi,357,403,F1,H,cpx,0.00030744986442804944
Maxchi,1594,1664,F1,02A,J,0.0008011871870429626
Maxchi,886,936,F1,02G,J,8.711341739708889e-05
Maxchi,1695,1763,F1,A1D,J,0.0036529782336261005
Maxchi,1979,2031,F1,AG,J,0.06067647421012434
Maxchi,1706,1750,F1,BC,J,0.11171819910574653
Maxchi,440,605,F1,BF,J,3.9233864925612834e-43
Maxchi,2040,2085,F1,BF1,J,0.029050008400299032
Maxchi,1890,1927,F1,C2U,J,0.05466393589167511
Maxchi,2243,2295,F1,CD,J,0.2314679393341226
Maxchi,1706,1750,F1,DF,J,0.14249537618000277
Maxchi,1658,1720,F1,J,cpx,9.064076718352427e-07
Maxchi,3285,3338,F1,01A1,K,0.07687990338248975
Maxchi,3225,3280,F1,01B,K,0.06882670497659098
Maxchi,2038,2087,F1,01C,K,0.0023763944500248984
Maxchi,1059,1112,F1,02A,K,0.03492039587384793
Maxchi,1672,1725,F1,A1D,K,0.0010182735823195976
Maxchi,3462,3513,F1,A2D,K,0.18014413055944906
Maxchi,841,890,F1,A5U,K,9.915851812700873e-08
Maxchi,3410,3462,F1,AG,K,0.18014413055944906
Maxchi,2218,2239,F1,BC,K,0.019172484755223134
Maxchi,401,453,F1,BF,K,8.297490572334454e-12
Maxchi,2001,2042,F1,BF1,K,0.046323818283689616
Maxchi,1692,1746,F1,CD,K,0.010270726318247103
Maxchi,3647,3698,F1,DF,K,0.03361769673397379
Maxchi,2696,2751,F1,01A1,L,0.02905413716294064
Maxchi,1446,1500,F1,01C,L,0.3043201471350179
Maxchi,2025,2073,F1,02A,L,0.04087511929813311
Maxchi,894,948,F1,A2D,L,0.0793886117993169
Maxchi,1637,1684,F1,BC,L,0.0006035173949642942
Maxchi,1984,2029,F1,BF,L,0.2042999114209593
Maxchi,3070,3096,F1,BF1,L,0.0011503805172257838
Maxchi,1680,1722,F1,C2U,L,0.1300179520277685
Maxchi,896,948,F1,CPZ,L,0.008455057250497488
Maxchi,1694,1742,F1,DF,L,0.0007527930288541712
Maxchi,948,998,F1,02G,cpx,0.003755953976896714
Maxchi,1703,1751,F1,A1D,cpx,0.002927876990687629
Maxchi,1666,1721,F1,A2D,cpx,2.2120718574679157e-06
Maxchi,311,357,F1,A5U,cpx,0.0012392843297304476
Maxchi,1595,1660,F1,BC,cpx,2.2925686278060735e-06
Maxchi,426,531,F1,BF,cpx,7.6555862187356375e-31
Maxchi,2036,2088,F1,BF1,cpx,0.18233640775900056
Maxchi,1671,1716,F1,BG,cpx,0.00800806230893149
Maxchi,2037,2089,F1,C2U,cpx,0.019685225828924242
Maxchi,2037,2087,F1,CD,cpx,0.04723482229799117
Maxchi,1700,1744,F1,DF,cpx,0.016052008160116583
Maxchi,3508,3550,F2,01A1,01C,0.5441154110298837
Maxchi,2929,2996,F2,01A1,02A,0.25312956641729095
Maxchi,4269,4318,F2,01A1,02B,0.24283023747922508
Maxchi,529,612,F2,01A1,02G,1.7852139048086722e-30
Maxchi,3414,3465,F2,01A1,A1D,0.27892254528121196
Maxchi,841,895,F2,01A1,A5U,0.021539452429296814
Maxchi,4356,4416,F2,01A1,AD,0.14104470383236015
Maxchi,1724,1778,F2,01A1,BF1,0.015217913596387082
Maxchi,3380,3426,F2,01A1,C2U,0.38125022508323214
Maxchi,496,547,F2,01A1,CPZ,4.5935916258265494e-07
Maxchi,5111,5163,F2,01A1,01B,0.10915868384424723
Maxchi,3787,3796,F2,01B,01C,2.8757430705468606e-06
Maxchi,2936,2979,F2,01B,02A,0.07444699088958578
Maxchi,4394,4437,F2,01B,02B,0.14310939695342942
Maxchi,530,614,F2,01B,02G,3.879600368549148e-22
Maxchi,4190,4238,F2,01B,A2D,0.21677270608824867
Maxchi,843,896,F2,01B,A5U,0.008704021446591407
Maxchi,4899,4953,F2,01B,AD,0.18500321573213385
Maxchi,1672,1725,F2,01B,BF1,7.98597766323849e-06
Maxchi,3314,3354,F2,01B,C2U,0.050839920018562405
Maxchi,493,540,F2,01B,CPZ,0.000200888864318128
Maxchi,495,545,F2,01C,CPZ,0.7471398824099553
Maxchi,1371,1417,F2,01C,02A,0.3119924711454469
Maxchi,1059,1112,F2,02A,02B,0.07727303325891101
Maxchi,429,477,F2,02A,CPZ,0.08596246943030068
Maxchi,493,540,F2,02B,CPZ,0.000200888864318128
Maxchi,1700,1747,F2,01C,02G,0.1793592330496915
Maxchi,899,946,F2,02A,02G,0.07969931708366958
Maxchi,526,590,F2,02B,02G,8.314264169741111e-18
Maxchi,528,589,F2,02G,C2U,3.0775518433392137e-16
Maxchi,495,545,F2,02G,CPZ,2.326503142554601e-06
Maxchi,360,411,F2,02A,A,0.002940932104495999
Maxchi,287,337,F2,02G,A,1.0
Maxchi,464,494,F2,A,A2,0.13492355198692388
Maxchi,950,998,F2,A,A2D,0.0005843953093797332
Maxchi,883,941,F2,A,A5U,0.001027724166569904
Maxchi,518,578,F2,A,BC,1.2134331945432146e-17
Maxchi,210,402,F2,A,BF,4.070822045386692e-52
Maxchi,375,426,F2,A,BF1,6.586857658927861e-12
Maxchi,369,376,F2,A,BG,0.00035871294143977614
Maxchi,398,445,F2,A,C,0.08524430172230993
Maxchi,398,445,F2,A,C2U,0.12188769712028555
Maxchi,305,355,F2,A,L,1.0
Maxchi,841,894,F2,A1,A5U,0.04707888434825061
Maxchi,2700,2757,F2,A1,BC,0.21104228110227344
Maxchi,3422,3471,F2,A1,C2U,0.07359232589922039
Maxchi,3541,3594,F2,A1,CD,0.1731435105913946
Maxchi,3698,3750,F2,A1,cpx,0.3853315267895524
Maxchi,488,540,F2,A1D,CPZ,0.016230048574613385
Maxchi,3902,3933,F2,01A1,A2,0.13574360406922473
Maxchi,529,590,F2,02G,A2,9.784998108216057e-17
Maxchi,3173,3187,F2,A2,A2D,0.02400405212482736
Maxchi,476,529,F2,A2,A5U,0.00014664251985057944
Maxchi,3070,3120,F2,A2,A6,0.009973820702205347
Maxchi,2848,2886,F2,A2,BC,0.07595591498468902
Maxchi,3422,3471,F2,A2,CD,0.14054464283059165
Maxchi,491,556,F2,A2,CPZ,8.65200346534809e-09
Maxchi,446,512,F2,A2,H,7.580654189095946e-15
Maxchi,4978,5026,F2,01A1,A2D,0.036713856362704134
Maxchi,530,614,F2,02G,A2D,3.1966165449780244e-15
Maxchi,843,897,F2,A2D,A5U,7.535518253568012e-06
Maxchi,4072,4104,F2,A2D,AD,0.1774942212824971
Maxchi,1696,1746,F2,A2D,BF1,0.6387164694201737
Maxchi,3100,3155,F2,A2D,C2U,0.06649642672572162
Maxchi,493,540,F2,A2D,CPZ,0.000200888864318128
Maxchi,1016,1057,F2,02A,A3,0.018368035234776786
Maxchi,4382,4432,F2,02B,A3,0.006119353605734685
Maxchi,1751,1805,F2,A1D,A3,0.03766692222862869
Maxchi,3998,4030,F2,A3,A6,0.07454079559540029
Maxchi,4199,4257,F2,A3,AD,0.05269593856747833
Maxchi,517,576,F2,01C,A5U,2.2029570408481952e-18
Maxchi,360,411,F2,02A,A5U,0.0035380567419032536
Maxchi,844,891,F2,02B,A5U,0.0001628130354796409
Maxchi,286,336,F2,02G,A5U,1.0
Maxchi,373,400,F2,A1D,A5U,2.3953087215005163e-10
Maxchi,844,893,F2,A5U,AD,4.5018656593608436e-08
Maxchi,375,427,F2,A5U,BF1,2.4524456141090814e-11
Maxchi,843,890,F2,A5U,C2U,0.20269301029128906
Maxchi,206,254,F2,A5U,CPZ,0.1485617748918645
Maxchi,3075,3097,F2,01B,A6,0.00016370360913334987
Maxchi,3942,4001,F2,A6,AD,0.09534881660891474
Maxchi,3102,3148,F2,A6,AE,0.0028484496333562497
Maxchi,1978,2032,F2,A6,BG,0.062437366255472235
Maxchi,491,556,F2,A6,CPZ,8.65200346534809e-09
Maxchi,446,512,F2,A6,H,7.580654189095946e-15
Maxchi,844,896,F2,A6,L,0.0010314959778313874
Maxchi,3099,3146,F2,01C,AD,0.13984079645897296
Maxchi,1158,1207,F2,02A,AD,0.04334266192136032
Maxchi,4382,4432,F2,02B,AD,0.12282264810139186
Maxchi,536,626,F2,02G,AD,1.3124300264043252e-17
Maxchi,3099,3145,F2,A1D,AD,0.04148869879413404
Maxchi,1460,1509,F2,AD,BF1,0.13800891784063768
Maxchi,3386,3440,F2,AD,C2U,0.159003948736483
Maxchi,493,540,F2,AD,CPZ,0.000200888864318128
Maxchi,5111,5163,F2,01A1,AE,0.09437825049316524
Maxchi,5604,5651,F2,01B,AE,0.04477013915849229
Maxchi,4923,4985,F2,01C,AE,0.2149903090613948
Maxchi,2699,2757,F2,02A,AE,0.10957708771275776
Maxchi,4394,4437,F2,02B,AE,0.14310939695342942
Maxchi,530,614,F2,02G,AE,1.2927618523545466e-21
Maxchi,4928,4977,F2,A2D,AE,0.0299835935657306
Maxchi,844,893,F2,A5U,AE,4.60834162465414e-05
Maxchi,4899,4953,F2,AD,AE,0.18500321573213385
Maxchi,5105,5159,F2,AE,AG,0.09296450136410037
Maxchi,2699,2757,F2,AE,BC,0.043868274461661964
Maxchi,401,453,F2,AE,BF,8.297490572334454e-12
Maxchi,1672,1725,F2,AE,BF1,7.98597766323849e-06
Maxchi,1221,1271,F2,AE,BG,0.17401771867395327
Maxchi,3107,3166,F2,AE,C2U,0.054505392411641075
Maxchi,493,540,F2,AE,CPZ,0.000200888864318128
Maxchi,3739,3790,F2,AE,DF,0.40617807171861586
Maxchi,5292,5347,F2,01A1,AG,0.011347062866891465
Maxchi,5105,5159,F2,01B,AG,0.09296450136410037
Maxchi,3237,3284,F2,01C,AG,0.2756194493973704
Maxchi,3501,3550,F2,02A,AG,0.5270643090530526
Maxchi,4946,5007,F2,02B,AG,0.02740864532737204
Maxchi,536,626,F2,02G,AG,5.106063945739813e-18
Maxchi,4391,4445,F2,A2D,AG,0.012187570482234936
Maxchi,844,894,F2,A5U,AG,6.783900119853268e-08
Maxchi,4391,4445,F2,AD,AG,0.012187570482234936
Maxchi,2772,2823,F2,AG,BC,0.1259181203412652
Maxchi,401,453,F2,AG,BF,8.297490572334454e-12
Maxchi,1667,1731,F2,AG,BF1,1.3209673249517808e-07
Maxchi,2748,2811,F2,AG,BG,0.12319122599369146
Maxchi,3501,3550,F2,AG,C2U,0.18658193783185428
Maxchi,3502,3550,F2,AG,CD,0.06785004651805515
Maxchi,493,540,F2,AG,CPZ,0.000200888864318128
Maxchi,3911,3939,F2,AG,DF,0.018544547085169318
Maxchi,3696,3744,F2,AG,cpx,0.46443743841445717
Maxchi,529,590,F2,02G,B,9.784998108216057e-17
Maxchi,516,588,F2,A5U,B,0.020449199979642205
Maxchi,497,547,F2,B,CPZ,1.194412252227804e-07
Maxchi,4960,5019,F2,B,D,0.2629417907712079
Maxchi,602,657,F2,01C,B.FR.83.HXBLAI_IIIB_BRU.K03455,0.03950257985668547
Maxchi,360,412,F2,02A,B.FR.83.HXBLAI_IIIB_BRU.K03455,0.004229127697816718
Maxchi,260,369,F2,02G,B.FR.83.HXBLAI_IIIB_BRU.K03455,9.732484224413035e-21
Maxchi,398,427,F2,A1D,B.FR.83.HXBLAI_IIIB_BRU.K03455,1.071452495646796e-09
Maxchi,445,496,F2,A2,B.FR.83.HXBLAI_IIIB_BRU.K03455,1.7942502695595737e-06
Maxchi,849,898,F2,A5U,B.FR.83.HXBLAI_IIIB_BRU.K03455,1.2709329624825471e-05
Maxchi,496,546,F2,A6,B.FR.83.HXBLAI_IIIB_BRU.K03455,1.7942502695595737e-06
Maxchi,873,927,F2,AG,B.FR.83.HXBLAI_IIIB_BRU.K03455,0.09098478824001402
Maxchi,518,578,F2,B.FR.83.HXBLAI_IIIB_BRU.K03455,BC,1.2134331945432146e-17
Maxchi,210,402,F2,B.FR.83.HXBLAI_IIIB_BRU.K03455,BF,4.070822045386692e-52
Maxchi,375,426,F2,B.FR.83.HXBLAI_IIIB_BRU.K03455,BF1,6.586857658927861e-12
Maxchi,370,372,F2,B.FR.83.HXBLAI_IIIB_BRU.K03455,BG,1.5374597944280386e-12
Maxchi,428,460,F2,B.FR.83.HXBLAI_IIIB_BRU.K03455,CD,0.023202545863181868
Maxchi,944,998,F2,B.FR.83.HXBLAI_IIIB_BRU.K03455,D,0.07475284833845475
Maxchi,457,515,F2,B.FR.83.HXBLAI_IIIB_BRU.K03455,G,3.85761977903999e-14
Maxchi,437,457,F2,B.FR.83.HXBLAI_IIIB_BRU.K03455,cpx,0.008699628077767313
Maxchi,2901,2957,F2,01A1,BC,0.0766430967910984
Maxchi,2699,2757,F2,01B,BC,0.043868274461661964
Maxchi,2710,2757,F2,01C,BC,0.6724027849090846
Maxchi,2033,2086,F2,02A,BC,0.03282172820332975
Maxchi,3413,3464,F2,02B,BC,0.27892254528121196
Maxchi,533,581,F2,02G,BC,0.1485617748918646
Maxchi,3101,3132,F2,A1D,BC,0.030939447912269984
Maxchi,2660,2708,F2,A2D,BC,0.12380975192225617
Maxchi,491,545,F2,A5U,BC,1.0589277605918408e-06
Maxchi,3502,3550,F2,AD,BC,0.12152137209711456
Maxchi,431,505,F2,BC,BF,2.458641488436838e-11
Maxchi,2848,2886,F2,BC,BF1,0.07595591498468902
Maxchi,1952,2013,F2,BC,BG,0.08116691807765948
Maxchi,2943,3000,F2,BC,C2U,0.009008615490798523
Maxchi,493,540,F2,BC,CPZ,0.11038855506820772
Maxchi,401,453,F2,01A1,BF,2.4524456141090814e-11
Maxchi,401,453,F2,01B,BF,2.4524456141090814e-11
Maxchi,401,453,F2,01C,BF,2.4524456141090814e-11
Maxchi,403,429,F2,02A,BF,7.193326741965805e-17
Maxchi,401,453,F2,02B,BF,2.4524456141090814e-11
Maxchi,442,481,F2,02G,BF,0.0396152896366868
Maxchi,401,453,F2,A1D,BF,2.4524456141090814e-11
Maxchi,401,453,F2,A2D,BF,2.4524456141090814e-11
Maxchi,210,402,F2,A5U,BF,4.070822045386692e-52
Maxchi,401,453,F2,AD,BF,2.4524456141090814e-11
Maxchi,401,453,F2,BF,BF1,2.4524456141090814e-11
Maxchi,402,423,F2,BF,BG,6.158982763547042e-10
Maxchi,401,453,F2,BF,C2U,2.4524456141090814e-11
Maxchi,402,451,F2,BF,CPZ,1.8172456161130595e-11
Maxchi,1732,1784,F2,01C,BF1,0.0005089413180621724
Maxchi,1473,1516,F2,02B,BF1,0.11325291261035528
Maxchi,537,589,F2,02G,BF1,0.28222820039857
Maxchi,1695,1753,F2,A1D,BF1,0.05178786036363948
Maxchi,2006,2042,F2,BF1,C2U,0.14062746783400726
Maxchi,488,540,F2,BF1,CPZ,0.2110936711315774
Maxchi,2637,2694,F2,01A1,BG,0.021747765333316207
Maxchi,1214,1260,F2,01B,BG,0.4365769098536174
Maxchi,1985,2033,F2,01C,BG,0.009574343718376215
Maxchi,1214,1260,F2,02A,BG,0.4365769098536174
Maxchi,875,927,F2,02G,BG,0.052029659970796574
Maxchi,2695,2748,F2,A1D,BG,0.047930319537323546
Maxchi,369,376,F2,A5U,BG,0.00035871294143977614
Maxchi,1169,1215,F2,AD,BG,0.21462594929633325
Maxchi,1590,1656,F2,BF1,BG,1.978610616870881e-07
Maxchi,1667,1723,F2,BG,C2U,1.2836926755637435e-07
Maxchi,464,526,F2,BG,CPZ,2.7923267355805e-06
Maxchi,529,590,F2,02G,C,2.9428216590702534e-17
Maxchi,3741,3797,F2,C,CD,0.06925929253608035
Maxchi,496,546,F2,C,CPZ,8.206676831351976e-07
Maxchi,1684,1731,F2,C,L,0.18956629670301534
Maxchi,2694,2748,F2,01C,C2U,0.04953461343562649
Maxchi,3046,3106,F2,02B,C2U,0.18211784398568487
Maxchi,3501,3550,F2,01A1,CD,0.02001713249554554
Maxchi,3327,3373,F2,02B,CD,0.06600276627491655
Maxchi,537,590,F2,02G,CD,0.01899209460220374
Maxchi,848,902,F2,A5U,CD,6.0471192521904205e-05
Maxchi,376,435,F2,BF,CD,0.10207938441873741
Maxchi,2263,2310,F2,BF1,CD,0.07002132465022319
Maxchi,2678,2724,F2,BG,CD,0.04012823902926474
Maxchi,3459,3500,F2,C2U,CD,0.02921911896874633
Maxchi,3036,3085,F2,D,L,0.2603884496309751
Maxchi,3900,3940,F2,01A1,DF,0.12474556126836099
Maxchi,3741,3787,F2,01B,DF,0.29531352355352936
Maxchi,3078,3138,F2,01C,DF,0.27807568662088195
Maxchi,1246,1298,F2,02A,DF,0.03737298834065144
Maxchi,3417,3485,F2,02B,DF,0.219172188523548
Maxchi,537,590,F2,02G,DF,0.01899209460220374
Maxchi,3983,4028,F2,A2D,DF,0.08656800961428775
Maxchi,478,528,F2,A5U,DF,0.0009231887438696761
Maxchi,3107,3161,F2,BC,DF,0.23412686352476664
Maxchi,423,509,F2,BF,DF,1.0011595102859698e-14
Maxchi,3076,3126,F2,BF1,DF,0.5515150900118735
Maxchi,2038,2087,F2,BG,DF,0.2355952519811883
Maxchi,2953,3018,F2,C2U,DF,0.1113008455754395
Maxchi,493,540,F2,CPZ,DF,0.1488043510263838
Maxchi,529,590,F2,02G,F1,9.784998108216057e-17
Maxchi,369,426,F2,A5U,F1,5.658725230366511e-11
Maxchi,491,556,F2,CPZ,F1,5.354501596430278e-08
Maxchi,3176,3222,F2,01C,G,0.6710841841148876
Maxchi,2766,2821,F2,02A,G,0.2604305744647191
Maxchi,537,589,F2,02G,G,0.47021965239487173
Maxchi,2637,2694,F2,A1D,G,0.010111385631963316
Maxchi,488,535,F2,A5U,G,0.023218091239198435
Maxchi,2933,2976,F2,AD,G,0.023907604316660173
Maxchi,3099,3156,F2,AG,G,0.15716914047330144
Maxchi,2923,2990,F2,BC,G,0.1765441117895004
Maxchi,432,493,F2,BF,G,6.354923713721033e-07
Maxchi,1703,1751,F2,BF1,G,0.001355611534893405
Maxchi,1665,1717,F2,BG,G,1.595231734162747e-05
Maxchi,3454,3504,F2,C2U,G,0.2214397326720097
Maxchi,2903,2958,F2,CD,G,0.3732375841260249
Maxchi,494,540,F2,CPZ,G,0.5614225004033915
Maxchi,3343,3397,F2,DF,G,0.37285793639518305
Maxchi,3293,3345,F2,G,K,0.4121581649053866
Maxchi,878,930,F2,G,L,0.11760129499462614
Maxchi,2951,2993,F2,G,cpx,0.3078391911599859
Maxchi,933,981,F2,01C,H,0.017072661093788407
Maxchi,360,411,F2,02A,H,0.0013055924087956078
Maxchi,291,341,F2,02G,H,1.0
Maxchi,947,998,F2,A2D,H,0.02462475232108902
Maxchi,849,899,F2,A5U,H,0.0007643948108712276
Maxchi,528,582,F2,BC,H,3.966960633882516e-13
Maxchi,210,402,F2,BF,H,4.070822045386692e-52
Maxchi,375,426,F2,BF1,H,6.586857658927861e-12
Maxchi,370,380,F2,BG,H,0.0035811640331237355
Maxchi,431,492,F2,C2U,H,0.04504181504776252
Maxchi,444,511,F2,CD,H,0.27780049554626224
Maxchi,250,260,F2,CPZ,H,1.4958258446518184e-05
Maxchi,517,607,F2,DF,H,7.405324861054429e-28
Maxchi,309,359,F2,H,L,1.0
Maxchi,441,453,F2,H,cpx,0.0002340283426053518
Maxchi,2936,2991,F2,02B,J,0.30114246265035294
Maxchi,537,589,F2,02G,J,0.48046076155245754
Maxchi,457,518,F2,A5U,J,1.1071764623613586e-18
Maxchi,3094,3146,F2,AD,J,0.40985046326697283
Maxchi,3082,3120,F2,AG,J,0.09777045330588459
Maxchi,440,605,F2,BF,J,3.9233864925612834e-43
Maxchi,3018,3068,F2,BF1,J,0.03111898868961435
Maxchi,3041,3103,F2,C2U,J,0.04902753525313121
Maxchi,3103,3166,F2,CD,J,0.013341030106234544
Maxchi,457,499,F2,CPZ,J,0.0004583428775566087
Maxchi,3373,3418,F2,DF,J,0.13648086349007002
Maxchi,869,920,F2,J,L,0.42219020459606527
Maxchi,2900,2958,F2,J,cpx,0.09408842376605399
Maxchi,3227,3276,F2,01C,K,0.09099113508979113
Maxchi,5010,5069,F2,02B,K,0.10456024961208384
Maxchi,530,614,F2,02G,K,8.02333937992593e-15
Maxchi,3499,3550,F2,A1D,K,0.011362699797520644
Maxchi,4892,4952,F2,A2D,K,0.11210861054806376
Maxchi,843,892,F2,A5U,K,2.220492590348565e-07
Maxchi,4950,5010,F2,AD,K,0.10456024961208384
Maxchi,4427,4429,F2,AE,K,3.297053268997304e-09
Maxchi,4952,5011,F2,AG,K,0.030302302649803377
Maxchi,3249,3297,F2,BC,K,0.284577605786535
Maxchi,401,453,F2,BF,K,8.297490572334454e-12
Maxchi,2001,2042,F2,BF1,K,0.046323818283689616
Maxchi,1217,1266,F2,BG,K,0.6482432467341108
Maxchi,493,540,F2,CPZ,K,0.000200888864318128
Maxchi,5019,5065,F2,DF,K,0.15528902105639567
Maxchi,688,737,F2,K,L,0.0687918885087871
Maxchi,1974,2024,F2,01C,L,0.7064241454056421
Maxchi,529,590,F2,02G,L,9.784998108216057e-17
Maxchi,2669,2717,F2,A2D,L,0.2672574931543847
Maxchi,304,354,F2,A5U,L,1.0
Maxchi,434,495,F2,BF,L,0.03441988499501387
Maxchi,1698,1745,F2,C2U,L,0.4605258850567593
Maxchi,1638,1693,F2,CD,L,0.0090151580348255
Maxchi,485,534,F2,CPZ,L,0.0027118129056775964
Maxchi,1988,2031,F2,DF,L,0.2875261236430302
Maxchi,530,535,F2,02G,cpx,3.965645083768183e-09
Maxchi,1983,2036,F2,A1D,cpx,0.10712762335826546
Maxchi,2036,2088,F2,A2D,cpx,0.08177240264980368
Maxchi,450,458,F2,A5U,cpx,1.604418013793531e-05
Maxchi,2036,2088,F2,AD,cpx,0.08177240264980368
Maxchi,2036,2088,F2,BC,cpx,0.08177240264980368
Maxchi,426,590,F2,BF,cpx,3.624620830443607e-53
Maxchi,1698,1752,F2,BG,cpx,0.09966090152544091
Maxchi,2036,2088,F2,C2U,cpx,0.08177240264980368
Maxchi,2038,2088,F2,CD,cpx,0.006993790830437918
Maxchi,2717,2768,F2,DF,cpx,0.3305609622511092
Maxchi,3502,3550,G,01A1,01C,0.2962698714842834
Maxchi,3739,3788,G,01A1,02B,0.02404382341398728
Maxchi,529,612,G,01A1,02G,1.7852139048086722e-30
Maxchi,865,914,G,01A1,A5U,3.3130624426229246e-05
Maxchi,3825,3874,G,01A1,AD,0.16790227377309164
Maxchi,1618,1670,G,01A1,BF1,4.141188842657837e-05
Maxchi,3285,3338,G,01A1,C2U,0.14179494018617195
Maxchi,4925,4985,G,01A1,01B,0.0030429782422953184
Maxchi,3735,3748,G,01B,01C,0.018586996776534186
Maxchi,530,614,G,01B,02G,3.879600368549148e-22
Maxchi,3890,3939,G,01B,A2D,0.10751135969600549
Maxchi,3012,3067,G,01B,AD,0.14235269091956193
Maxchi,1466,1524,G,01B,BF1,0.12756279348997393
Maxchi,3314,3354,G,01B,C2U,0.050839920018562405
Maxchi,691,748,G,01C,CPZ,0.0010183790540369496
Maxchi,1698,1764,G,01C,02A,0.0051262925768226055
Maxchi,1987,2034,G,02A,02B,0.41279472871089895
Maxchi,1698,1747,G,02A,C2U,0.044071910276418436
Maxchi,511,522,G,02B,02G,0.00038703881433975267
Maxchi,902,926,G,02G,C2U,1.0312842543705476e-07
Maxchi,360,411,G,02A,A,0.002940932104495999
Maxchi,287,337,G,02G,A,1.0
Maxchi,400,452,G,A,A1D,3.4032965914458207e-06
Maxchi,210,402,G,A,BF,4.070822045386692e-52
Maxchi,375,426,G,A,BF1,6.586857658927861e-12
Maxchi,369,376,G,A,BG,0.00035871294143977614
Maxchi,398,445,G,A,C2U,0.043473395201482114
Maxchi,305,355,G,A,L,1.0
Maxchi,2227,2290,G,01C,A1D,0.06229524210275703
Maxchi,1700,1750,G,02A,A1D,0.02349123561213277
Maxchi,2154,2222,G,02B,A1D,0.031152148341904023
Maxchi,2227,2290,G,A1D,C2U,0.06229524210275703
Maxchi,692,750,G,A1D,CPZ,5.997851677745506e-05
Maxchi,3742,3790,G,01A1,A2,0.07363827012030258
Maxchi,2746,2810,G,02B,A2,0.008044224248024336
Maxchi,691,740,G,A2,H,0.2121319088036629
Maxchi,1214,1254,G,A2,L,0.41426861657366565
Maxchi,1988,2016,G,02A,A2D,0.0008304728254605347
Maxchi,530,614,G,02G,A2D,3.1966165449780244e-15
Maxchi,3822,3875,G,A2D,AD,0.10667116372819521
Maxchi,3343,3390,G,A2D,C2U,0.14158442710395336
Maxchi,3278,3328,G,01B,A3,0.2214397326720097
Maxchi,1957,2012,G,02A,A3,0.07032535949422974
Maxchi,3837,3891,G,A2D,A3,0.03189555898600358
Maxchi,3072,3088,G,A3,A6,0.0021715444362551723
Maxchi,3278,3328,G,A3,AE,0.2214397326720097
Maxchi,2772,2818,G,A3,B,0.17962235213857886
Maxchi,2160,2226,G,A3,C,0.034461560873476155
Maxchi,3294,3339,G,A3,C2U,0.13991863593098705
Maxchi,3324,3374,G,A3,CD,0.060060459638177535
Maxchi,2822,2877,G,A3,D,0.32939333962828027
Maxchi,3486,3537,G,A3,DF,0.2628246358241425
Maxchi,1700,1744,G,A3,F1,0.015149400179727325
Maxchi,3693,3743,G,A3,K,0.31731050786291115
Maxchi,360,411,G,02A,A5U,0.0035380567419032536
Maxchi,844,891,G,02B,A5U,0.0001628130354796409
Maxchi,286,336,G,02G,A5U,1.0
Maxchi,400,452,G,A1D,A5U,3.4032965914458207e-06
Maxchi,375,427,G,A5U,BF1,2.4524456141090814e-11
Maxchi,370,414,G,A5U,C2U,2.5992568802512394e-06
Maxchi,206,254,G,A5U,CPZ,0.1485617748918645
Maxchi,3502,3550,G,01A1,A6,0.2962698714842834
Maxchi,3201,3261,G,01B,A6,0.09199585728017894
Maxchi,1961,2015,G,02A,A6,0.042929335161589054
Maxchi,3858,3911,G,A2D,A6,0.6268705560409231
Maxchi,844,893,G,A5U,A6,0.003911960292735836
Maxchi,3201,3261,G,A6,AE,0.07556056752594141
Maxchi,6319,6351,G,A6,C,0.04595784938592257
Maxchi,1695,1750,G,A6,F1,0.08840282093485195
Maxchi,751,804,G,A6,H,0.09192709254792425
Maxchi,3692,3749,G,A6,K,0.11283323097186151
Maxchi,2904,2954,G,01C,AD,0.2043411718273351
Maxchi,1158,1207,G,02A,AD,0.04334266192136032
Maxchi,536,626,G,02G,AD,1.3124300264043252e-17
Maxchi,3443,3477,G,A1D,AD,0.06968932947633692
Maxchi,2970,3023,G,AD,BF1,0.3512150865283393
Maxchi,3342,3391,G,AD,C2U,0.5628691527705981
Maxchi,4436,4489,G,01A1,AE,0.1407670150544851
Maxchi,5551,5599,G,01B,AE,0.1124673912767502
Maxchi,3735,3748,G,01C,AE,0.018586996776534186
Maxchi,2032,2085,G,02A,AE,0.1799312857533978
Maxchi,3741,3790,G,02B,AE,0.10104166257959152
Maxchi,530,614,G,02G,AE,1.2927618523545466e-21
Maxchi,3890,3939,G,A2D,AE,0.10751135969600549
Maxchi,843,896,G,A5U,AE,0.008704021446591407
Maxchi,3012,3067,G,AD,AE,0.06967762856282556
Maxchi,2446,2486,G,AE,BC,0.06544662251554952
Maxchi,401,453,G,AE,BF,8.297490572334454e-12
Maxchi,1466,1524,G,AE,BF1,0.12756279348997393
Maxchi,1618,1669,G,AE,BG,1.3539900131707163e-06
Maxchi,3314,3354,G,AE,C2U,0.050839920018562405
Maxchi,3422,3471,G,AE,CD,0.23831645247626987
Maxchi,2702,2748,G,AE,DF,0.009276681159950973
Maxchi,3696,3744,G,AE,cpx,0.35024553908386424
Maxchi,2224,2290,G,02A,AG,0.14840844553962645
Maxchi,5085,5156,G,02B,AG,0.15721567601287015
Maxchi,536,626,G,02G,AG,5.106063945739813e-18
Maxchi,1746,1795,G,A1D,AG,0.030326253877468217
Maxchi,844,897,G,A5U,AG,1.511728877269126e-06
Maxchi,401,453,G,AG,BF,8.297490572334454e-12
Maxchi,1979,2051,G,AG,BF1,0.07967535933560677
Maxchi,2198,2268,G,AG,BG,0.0793192726188875
Maxchi,3501,3550,G,AG,C2U,0.18658193783185428
Maxchi,3502,3550,G,AG,CD,0.06785004651805515
Maxchi,2655,2703,G,AG,DF,0.07363827012030258
Maxchi,1695,1740,G,02A,B,0.0020002439618528587
Maxchi,6502,6549,G,B,C,0.012817633109057938
Maxchi,2954,3003,G,B,CD,0.07552398753331192
Maxchi,4326,4380,G,B,D,0.0010959376394274454
Maxchi,3809,3877,G,B,K,0.0018449266432306096
Maxchi,1328,1373,G,B,L,0.3166669570852093
Maxchi,2940,2987,G,B,cpx,0.25048676190055036
Maxchi,484,540,G,01C,B.FR.83.HXBLAI_IIIB_BRU.K03455,0.011928445094236375
Maxchi,360,412,G,02A,B.FR.83.HXBLAI_IIIB_BRU.K03455,0.004229127697816718
Maxchi,260,369,G,02G,B.FR.83.HXBLAI_IIIB_BRU.K03455,9.732484224413035e-21
Maxchi,400,452,G,A1D,B.FR.83.HXBLAI_IIIB_BRU.K03455,7.737398837409788e-06
Maxchi,210,402,G,B.FR.83.HXBLAI_IIIB_BRU.K03455,BF,4.070822045386692e-52
Maxchi,375,426,G,B.FR.83.HXBLAI_IIIB_BRU.K03455,BF1,6.586857658927861e-12
Maxchi,370,372,G,B.FR.83.HXBLAI_IIIB_BRU.K03455,BG,1.5374597944280386e-12
Maxchi,432,493,G,B.FR.83.HXBLAI_IIIB_BRU.K03455,C2U,0.34526015978926694
Maxchi,687,737,G,B.FR.83.HXBLAI_IIIB_BRU.K03455,DF,0.09254611973194901
Maxchi,441,487,G,B.FR.83.HXBLAI_IIIB_BRU.K03455,cpx,2.8217856732803985e-16
Maxchi,3410,3445,G,01A1,BC,0.02768675082927691
Maxchi,3368,3420,G,01B,BC,0.15929011137171645
Maxchi,6121,6170,G,01C,BC,0.07868357654018254
Maxchi,1594,1663,G,02A,BC,1.731026869296688e-06
Maxchi,2469,2510,G,02B,BC,0.3231411294182843
Maxchi,844,898,G,02G,BC,0.006285730308197051
Maxchi,2201,2255,G,A1D,BC,0.3450898275452793
Maxchi,3469,3521,G,AD,BC,0.14924017631488318
Maxchi,431,504,G,BC,BF,8.286251933374984e-12
Maxchi,1955,2000,G,BC,BF1,0.0004676409134462653
Maxchi,1935,1987,G,BC,BG,0.01378407668265681
Maxchi,6419,6468,G,BC,C2U,2.7219028499346007e-06
Maxchi,6217,6273,G,BC,CD,0.019123398221958327
Maxchi,698,748,G,BC,CPZ,0.020711235075748256
Maxchi,432,493,G,01A1,BF,6.354923713721033e-07
Maxchi,432,493,G,01B,BF,6.354923713721033e-07
Maxchi,432,493,G,01C,BF,6.354923713721033e-07
Maxchi,432,493,G,02B,BF,6.354923713721033e-07
Maxchi,416,531,G,02G,BF,3.365819499132263e-24
Maxchi,432,492,G,A1D,BF,2.554258823776847e-07
Maxchi,432,493,G,A2D,BF,6.354923713721033e-07
Maxchi,210,402,G,A5U,BF,4.070822045386692e-52
Maxchi,432,493,G,AD,BF,6.354923713721033e-07
Maxchi,484,545,G,BF,BF1,0.03279126140562014
Maxchi,416,531,G,BF,BG,3.365819499132263e-24
Maxchi,1475,1517,G,BF,C2U,0.18213412045650695
Maxchi,437,505,G,BF,CPZ,2.3480139923617e-08
Maxchi,1750,1805,G,01C,BF1,0.009784511440598028
Maxchi,1703,1750,G,02A,BF1,0.00014374934502218452
Maxchi,1939,1987,G,02B,BF1,0.016219968003356563
Maxchi,875,924,G,02G,BF1,0.1016243048624494
Maxchi,2031,2086,G,A1D,BF1,0.048636204504370374
Maxchi,946,1002,G,BF1,CPZ,0.08748459289834466
Maxchi,1639,1693,G,01A1,BG,0.03766692222862869
Maxchi,1969,2018,G,01C,BG,0.041918712467353896
Maxchi,1969,2018,G,02A,BG,0.12596301008928612
Maxchi,938,997,G,02G,BG,6.085458197109232e-06
Maxchi,2018,2067,G,A1D,BG,0.11137777404925617
Maxchi,3454,3502,G,A2D,BG,0.4385780260809997
Maxchi,369,376,G,A5U,BG,0.00035871294143977614
Maxchi,2198,2268,G,AD,BG,0.0793192726188875
Maxchi,2034,2082,G,BF1,BG,0.3651153453238625
Maxchi,1968,2018,G,BG,C2U,0.09785383135920757
Maxchi,3277,3324,G,01B,C,0.0692477477085682
Maxchi,9332,9385,G,01C,C,0.0356031831464368
Maxchi,1698,1747,G,02A,C,0.0805533041742767
Maxchi,2224,2290,G,02B,C,0.14840844553962645
Maxchi,3277,3324,G,AE,C,0.15962274371833635
Maxchi,3419,3472,G,C,D,0.010774248594410478
Maxchi,1692,1739,G,C,F1,0.008103113770135947
Maxchi,3416,3479,G,C,K,0.005675262830219666
Maxchi,1214,1254,G,C,L,0.41426861657366565
Maxchi,2247,2293,G,01C,C2U,0.24814671734544008
Maxchi,2224,2290,G,02B,C2U,0.14840844553962645
Maxchi,1128,1178,G,C2U,CPZ,0.620809833120146
Maxchi,3501,3550,G,01A1,CD,0.02001713249554554
Maxchi,3423,3471,G,01B,CD,0.10480643695145982
Maxchi,2311,2358,G,01C,CD,0.19349268930247715
Maxchi,1693,1746,G,02A,CD,0.060102805938866195
Maxchi,3327,3373,G,02B,CD,0.06600276627491655
Maxchi,874,925,G,02G,CD,0.03415271576237709
Maxchi,3422,3475,G,AD,CD,0.0040354457705786845
Maxchi,436,495,G,BF,CD,0.09623257401310248
Maxchi,2036,2086,G,BG,CD,0.006223554486728128
Maxchi,9510,9528,G,C2U,CD,3.4281709477601348e-09
Maxchi,1125,1175,G,CD,CPZ,0.4404006981390033
Maxchi,3740,3790,G,01B,D,0.07436768774938042
Maxchi,2889,2930,G,01C,D,0.01598277638367917
Maxchi,3691,3739,G,AE,D,0.09544502344685557
Maxchi,4342,4392,G,CD,D,1.0
Maxchi,2036,2086,G,D,F1,0.08172275229865922
Maxchi,3695,3741,G,01A1,DF,0.4125656435083743
Maxchi,2702,2748,G,01B,DF,0.009276681159950973
Maxchi,9308,9357,G,01C,DF,0.016701645163893237
Maxchi,1691,1746,G,02A,DF,0.09306666481392585
Maxchi,2692,2746,G,02B,DF,0.03038571339690442
Maxchi,898,924,G,02G,DF,3.404455952545979e-06
Maxchi,2696,2751,G,A2D,DF,0.0630592272457806
Maxchi,765,814,G,A5U,DF,0.2433450091487593
Maxchi,2667,2717,G,AD,DF,0.4404006981390033
Maxchi,6366,6417,G,BC,DF,5.355055872839654e-07
Maxchi,1633,1679,G,BF,DF,0.001369167499058063
Maxchi,2016,2032,G,BF1,DF,5.800631546639894e-06
Maxchi,2034,2081,G,BG,DF,0.08565194663666802
Maxchi,9507,9535,G,CD,DF,0.0015852975273215675
Maxchi,1979,2032,G,01B,F1,0.11349053415943366
Maxchi,1634,1684,G,02A,F1,0.04139936222881065
Maxchi,1655,1703,G,02B,F1,0.00721835294871056
Maxchi,369,426,G,A5U,F1,5.658725230366511e-11
Maxchi,1979,2032,G,AE,F1,0.1799312857533978
Maxchi,1703,1751,G,AG,F1,0.0009704262942357523
Maxchi,484,545,G,BF,F1,0.03279126140562014
Maxchi,1659,1726,G,F1,L,0.00010209671725587034
Maxchi,3904,3943,G,01A1,F2,0.2482944986512061
Maxchi,3041,3095,G,01B,F2,0.10052476264815415
Maxchi,2747,2811,G,02B,F2,0.0009576599958724727
Maxchi,3904,3943,G,A2D,F2,0.0041088310542066984
Maxchi,3041,3095,G,AE,F2,0.054474656602740146
Maxchi,3459,3499,G,F2,J,0.03746815707750556
Maxchi,546,607,G,01C,H,0.06475668643107728
Maxchi,360,411,G,02A,H,0.0013055924087956078
Maxchi,291,341,G,02G,H,1.0
Maxchi,365,429,G,A1D,H,2.1521172906079706e-08
Maxchi,822,872,G,A5U,H,1.0686448663695676e-05
Maxchi,946,998,G,AG,H,0.0010661727998564701
Maxchi,210,402,G,BF,H,4.070822045386692e-52
Maxchi,375,426,G,BF1,H,6.586857658927861e-12
Maxchi,370,380,G,BG,H,0.0035811640331237355
Maxchi,250,260,G,CPZ,H,1.4958258446518184e-05
Maxchi,690,740,G,H,J,0.023207561207491192
Maxchi,309,359,G,H,L,1.0
Maxchi,531,533,G,H,cpx,6.564445710999302e-08
Maxchi,3740,3791,G,01A1,J,0.40617807171861586
Maxchi,3646,3697,G,01B,J,0.2813383573968945
Maxchi,9497,9544,G,01C,J,5.765902971745363e-13
Maxchi,1689,1739,G,02A,J,0.27729321566592513
Maxchi,3650,3694,G,02B,J,0.07978690108458877
Maxchi,865,910,G,02G,J,0.0004946090885267369
Maxchi,2253,2306,G,A1D,J,0.15714856017144727
Maxchi,3739,3789,G,A2D,J,0.08272144465968342
Maxchi,844,891,G,A5U,J,1.863281188616448e-07
Maxchi,2978,3035,G,AD,J,0.08036665103353981
Maxchi,3646,3697,G,AE,J,0.2813383573968945
Maxchi,3062,3108,G,AG,J,0.29556066889140786
Maxchi,6398,6449,G,BC,J,0.0014118808855711567
Maxchi,440,605,G,BF,J,3.9233864925612834e-43
Maxchi,2041,2096,G,BG,J,0.005564749380890856
Maxchi,2631,2695,G,C2U,J,0.07604147583024319
Maxchi,9526,9545,G,DF,J,0.005541856384122283
Maxchi,3062,3105,G,J,K,0.03798727863365892
Maxchi,1313,1371,G,J,L,0.0072251945080475995
Maxchi,3365,3415,G,J,cpx,0.46649442078308023
Maxchi,3697,3745,G,01A1,K,0.10104166257959152
Maxchi,3808,3877,G,01B,K,0.0007250364079785383
Maxchi,3697,3745,G,01C,K,0.01369128926792211
Maxchi,1752,1805,G,02A,K,0.030038712500577575
Maxchi,2832,2875,G,02B,K,0.09166321767256745
Maxchi,530,614,G,02G,K,8.02333937992593e-15
Maxchi,1700,1747,G,A1D,K,0.04575375114469483
Maxchi,3904,3943,G,A2D,K,0.0041088310542066984
Maxchi,841,890,G,A5U,K,9.915851812700873e-08
Maxchi,3693,3743,G,AD,K,0.31731050786291115
Maxchi,3697,3745,G,AE,K,0.15513156872711012
Maxchi,3949,4002,G,AG,K,0.025005130290631537
Maxchi,3498,3551,G,BC,K,0.08038106147553736
Maxchi,401,453,G,BF,K,8.297490572334454e-12
Maxchi,1459,1482,G,BF1,K,0.10040160141329434
Maxchi,3477,3533,G,BG,K,0.0750111114554317
Maxchi,3452,3503,G,CD,K,0.039073622412002976
Maxchi,2717,2767,G,DF,K,0.3729061839645349
Maxchi,1701,1753,G,K,L,0.051886501155910536
Maxchi,3682,3704,G,K,cpx,0.001664304166179058
Maxchi,1698,1752,G,01B,L,0.0031972578867077448
Maxchi,1174,1214,G,01C,L,0.29184054514378543
Maxchi,1062,1118,G,02A,L,0.14721521169935406
Maxchi,1698,1747,G,02B,L,0.08314718779411183
Maxchi,1713,1776,G,A2D,L,1.3195791615026123e-06
Maxchi,304,354,G,A5U,L,1.0
Maxchi,1688,1735,G,AD,L,0.03910441092358115
Maxchi,1697,1751,G,AE,L,0.012205582839454202
Maxchi,1698,1747,G,AG,L,0.12210247009329625
Maxchi,1214,1254,G,BC,L,0.41426861657366565
Maxchi,1975,2028,G,C2U,L,0.041089594463402844
Maxchi,1984,2031,G,CD,L,0.277698130159317
Maxchi,657,707,G,CPZ,L,0.26533636714822484
Maxchi,1970,2026,G,L,cpx,0.1925205806242153
Maxchi,3696,3744,G,01B,cpx,0.35024553908386424
Maxchi,1972,2025,G,02A,cpx,0.6068626085516137
Maxchi,2218,2258,G,02B,cpx,0.04274993803789418
Maxchi,949,998,G,02G,cpx,0.0011096104475912842
Maxchi,3534,3588,G,A2D,cpx,0.29869755599496717
Maxchi,537,590,G,A5U,cpx,0.27863891881919967
Maxchi,2710,2757,G,BC,cpx,0.6936221409110168
Maxchi,426,590,G,BF,cpx,3.624620830443607e-53
Maxchi,2667,2716,G,BF1,cpx,0.1993753192590406
Maxchi,3431,3498,G,BG,cpx,0.18162847027233356
Maxchi,2695,2752,G,C2U,cpx,0.037387617585346866
Maxchi,2667,2729,G,CD,cpx,0.12968290097307292
Maxchi,536,589,G,CPZ,cpx,0.021126121503995232
Maxchi,2951,2993,G,DF,cpx,0.1128696854527102
Maxchi,981,1034,H,01A1,A1D,0.034317587098573764
Maxchi,843,899,H,01A1,A5U,0.04335175126086287
Maxchi,932,981,H,01A1,AD,0.3073676085383178
Maxchi,375,426,H,01A1,BF1,6.586857658927861e-12
Maxchi,431,492,H,01A1,C2U,0.04504181504776252
Maxchi,1110,1158,H,01A1,01B,0.09631848360678938
Maxchi,944,997,H,01B,A2D,0.47215439243391566
Maxchi,375,426,H,01B,BF1,6.586857658927861e-12
Maxchi,431,492,H,01B,C2U,0.04504181504776252
Maxchi,630,700,H,A,BF,0.14880511678044558
Maxchi,799,848,H,A,C,0.28145768484461847
Maxchi,630,705,H,A,F1,0.005177762511292654
Maxchi,947,1004,H,A,K,0.03722558362532718
Maxchi,899,954,H,A1,A5U,0.042311100144030694
Maxchi,947,1002,H,A1,F2,0.08660508164856714
Maxchi,927,984,H,A1,K,0.0011419344000948883
Maxchi,929,981,H,02B,A1D,0.0036538967379539902
Maxchi,770,820,H,A1D,C2U,0.16556059298473447
Maxchi,952,998,H,01B,A2,0.129981419288128
Maxchi,844,893,H,A2,A5U,9.938231598434423e-08
Maxchi,839,890,H,A2,A6,0.5274728607040354
Maxchi,631,702,H,A2,B,1.949981209290707e-05
Maxchi,606,657,H,A2,C,0.007606093494859719
Maxchi,658,707,H,A2,C2U,0.1571226782532925
Maxchi,952,1016,H,A2,D,0.012841250166543711
Maxchi,882,944,H,A2,K,0.0031592730717707436
Maxchi,694,749,H,A2,cpx,0.469860925132765
Maxchi,925,975,H,01A1,A2D,0.04847637860752728
Maxchi,837,894,H,A2D,A5U,0.0004933728718575215
Maxchi,950,997,H,A2D,AD,0.0021636886345321525
Maxchi,375,426,H,A2D,BF1,6.586857658927861e-12
Maxchi,431,492,H,A2D,C2U,0.04504181504776252
Maxchi,893,946,H,01B,A3,0.020695330987880282
Maxchi,1059,1109,H,A3,AD,0.015645176174314088
Maxchi,947,998,H,A3,AG,0.0019386640550052216
Maxchi,928,982,H,A3,F2,0.062437366255472235
Maxchi,895,950,H,A3,K,0.010023309223060627
Maxchi,844,891,H,01C,A5U,7.288918199274735e-06
Maxchi,533,581,H,02A,A5U,0.28780370526057747
Maxchi,552,620,H,02G,A5U,0.2332692643392164
Maxchi,493,537,H,A1D,A5U,0.08188861563692232
Maxchi,632,701,H,A5U,BF1,0.012764572744432913
Maxchi,608,657,H,A5U,C2U,0.5567937751494534
Maxchi,362,409,H,A5U,CPZ,0.02291885324551091
Maxchi,750,804,H,A6,BC,0.3864762307712325
Maxchi,594,653,H,A6,C,0.0783082647808082
Maxchi,658,707,H,A6,C2U,0.1571226782532925
Maxchi,659,708,H,A6,CD,0.18011600157413854
Maxchi,772,824,H,A6,DF,0.13404120745997308
Maxchi,941,992,H,A6,K,0.09470703833955786
Maxchi,927,980,H,A1D,AD,0.000717890035672567
Maxchi,375,426,H,AD,BF1,6.586857658927861e-12
Maxchi,431,492,H,AD,C2U,0.04504181504776252
Maxchi,1110,1158,H,01A1,AE,0.09631848360678938
Maxchi,1110,1158,H,01B,AE,0.09631848360678938
Maxchi,928,981,H,A1D,AE,0.021235684853326553
Maxchi,933,982,H,AD,AE,0.12543651972862271
Maxchi,952,998,H,AE,AG,0.129981419288128
Maxchi,210,402,H,AE,BF,4.070822045386692e-52
Maxchi,375,426,H,AE,BF1,6.586857658927861e-12
Maxchi,431,492,H,AE,C2U,0.04504181504776252
Maxchi,932,981,H,01A1,AG,0.3761225377453097
Maxchi,952,998,H,01B,AG,0.129981419288128
Maxchi,947,997,H,02B,AG,0.000772826835778285
Maxchi,895,947,H,A1D,AG,2.0680815384622325e-06
Maxchi,844,900,H,A5U,AG,3.518765151196125e-05
Maxchi,947,997,H,AD,AG,0.000772826835778285
Maxchi,210,402,H,AG,BF,4.070822045386692e-52
Maxchi,375,426,H,AG,BF1,6.586857658927861e-12
Maxchi,431,492,H,AG,C2U,0.04504181504776252
Maxchi,893,946,H,AG,DF,0.004760153576093751
Maxchi,768,812,H,A5U,B,0.07276531122200532
Maxchi,928,981,H,AE,B,0.021235684853326553
Maxchi,946,1003,H,B,F2,0.03127154702661958
Maxchi,893,945,H,01A1,B.FR.83.HXBLAI_IIIB_BRU.K03455,0.10931457620866644
Maxchi,608,658,H,02A,B.FR.83.HXBLAI_IIIB_BRU.K03455,0.14891467317876161
Maxchi,749,804,H,A2,B.FR.83.HXBLAI_IIIB_BRU.K03455,0.048636204504370374
Maxchi,894,946,H,A2D,B.FR.83.HXBLAI_IIIB_BRU.K03455,0.01970425018067768
Maxchi,894,938,H,A3,B.FR.83.HXBLAI_IIIB_BRU.K03455,0.3319261346386335
Maxchi,883,933,H,AE,B.FR.83.HXBLAI_IIIB_BRU.K03455,0.37567603063301414
Maxchi,928,981,H,AG,B.FR.83.HXBLAI_IIIB_BRU.K03455,5.395906020823549e-06
Maxchi,822,874,H,B.FR.83.HXBLAI_IIIB_BRU.K03455,BF1,0.693751617138856
Maxchi,749,799,H,B.FR.83.HXBLAI_IIIB_BRU.K03455,C,0.46420632068734435
Maxchi,763,826,H,B.FR.83.HXBLAI_IIIB_BRU.K03455,C2U,0.027229652270979666
Maxchi,929,985,H,B.FR.83.HXBLAI_IIIB_BRU.K03455,D,0.035948392465804606
Maxchi,871,917,H,01C,BC,0.03347457321550895
Maxchi,210,402,H,BC,BF,4.070822045386692e-52
Maxchi,375,426,H,BC,BF1,6.586857658927861e-12
Maxchi,210,402,H,01A1,BF,4.070822045386692e-52
Maxchi,210,402,H,01B,BF,4.070822045386692e-52
Maxchi,210,402,H,01C,BF,4.070822045386692e-52
Maxchi,210,308,H,02A,BF,3.060730184457238e-17
Maxchi,210,402,H,02B,BF,4.070822045386692e-52
Maxchi,184,234,H,02G,BF,5.310992619972493e-18
Maxchi,210,347,H,A1D,BF,6.039376772014353e-31
Maxchi,210,402,H,A2D,BF,4.070822045386692e-52
Maxchi,447,492,H,A5U,BF,7.191473473188002e-08
Maxchi,210,402,H,AD,BF,4.070822045386692e-52
Maxchi,210,322,H,BF,BF1,5.687178694306068e-22
Maxchi,209,320,H,BF,BG,8.481612341623837e-22
Maxchi,210,370,H,BF,C2U,1.2883024608149305e-39
Maxchi,358,370,H,BF,CPZ,0.00700998715358736
Maxchi,375,426,H,01C,BF1,6.586857658927861e-12
Maxchi,533,582,H,02A,BF1,0.32219880616257873
Maxchi,375,426,H,02B,BF1,6.586857658927861e-12
Maxchi,485,547,H,BF1,C2U,0.1851097819049186
Maxchi,533,582,H,02A,BG,0.32219880616257873
Maxchi,373,413,H,BG,C2U,9.812653043384342e-05
Maxchi,882,932,H,01A1,C,0.27964153403729874
Maxchi,883,933,H,01B,C,0.37567603063301414
Maxchi,594,653,H,A5U,C,0.0783082647808082
Maxchi,932,981,H,AE,C,0.12543651972862271
Maxchi,547,608,H,BF1,C,0.009953885328341792
Maxchi,865,914,H,C,C2U,7.287319809794695e-05
Maxchi,491,536,H,C,G,0.14437182450494912
Maxchi,882,944,H,C,K,0.0031592730717707436
Maxchi,431,492,H,01C,C2U,0.04504181504776252
Maxchi,431,492,H,02B,C2U,0.04504181504776252
Maxchi,209,375,H,BF,CD,4.040122784340276e-42
Maxchi,894,944,H,01A1,D,0.04694472697848181
Maxchi,890,944,H,01B,D,0.062437366255472235
Maxchi,928,985,H,AD,D,0.013228547179717647
Maxchi,890,944,H,AE,D,0.062437366255472235
Maxchi,929,985,H,D,F2,0.035948392465804606
Maxchi,608,656,H,01C,DF,0.629894464708906
Maxchi,789,835,H,A1D,DF,0.22106940418998933
Maxchi,608,656,H,A5U,DF,0.629894464708906
Maxchi,754,803,H,BC,DF,0.6257679719811131
Maxchi,210,399,H,BF,DF,6.284952390542844e-51
Maxchi,379,434,H,BF1,DF,2.8049084933361356e-12
Maxchi,846,896,H,CD,DF,8.637667594722761e-05
Maxchi,838,894,H,F1,L,2.7524800205262522e-05
Maxchi,895,947,H,01A1,F2,0.048286107676681664
Maxchi,947,998,H,01B,F2,0.18779705635817218
Maxchi,895,946,H,02B,F2,0.24403388172179052
Maxchi,888,937,H,A1D,F2,0.013136661200384283
Maxchi,895,948,H,AD,F2,0.0038165583319896917
Maxchi,895,947,H,AE,F2,0.008460386310535624
Maxchi,893,945,H,AG,F2,2.8114460500432815e-05
Maxchi,933,980,H,F2,G,0.028312214202587192
Maxchi,939,990,H,F2,J,0.03537290571842726
Maxchi,927,984,H,F2,K,0.0011419344000948883
Maxchi,897,947,H,A2D,G,0.009504434174322491
Maxchi,530,534,H,C2U,G,3.26254956497577e-05
Maxchi,895,950,H,G,K,0.0044770150231296674
Maxchi,942,989,H,01C,J,0.06404389883455998
Maxchi,844,891,H,A5U,J,7.146928745359537e-07
Maxchi,920,970,H,BC,J,0.016859358483873304
Maxchi,210,402,H,BF,J,4.070822045386692e-52
Maxchi,375,426,H,BF1,J,6.586857658927861e-12
Maxchi,431,492,H,C2U,J,0.04504181504776252
Maxchi,687,737,H,DF,J,0.06504130887213848
Maxchi,950,1005,H,01A1,K,0.00043253380321685005
Maxchi,873,927,H,01B,K,0.06756639582984621
Maxchi,895,950,H,02B,K,0.010023309223060627
Maxchi,894,950,H,A1D,K,0.014499516070081866
Maxchi,896,947,H,A2D,K,0.01436440660291553
Maxchi,826,883,H,A5U,K,0.0009995059188880584
Maxchi,895,950,H,AD,K,0.0013887511875445137
Maxchi,873,927,H,AE,K,0.06756639582984621
Maxchi,895,950,H,AG,K,0.0018495758836016346
Maxchi,210,402,H,BF,K,4.070822045386692e-52
Maxchi,375,426,H,BF1,K,6.586857658927861e-12
Maxchi,431,492,H,C2U,K,0.04504181504776252
Maxchi,256,297,H,CPZ,L,0.007239690972505024
Maxchi,822,882,H,A5U,cpx,0.0003789620186828465
Maxchi,484,533,H,BC,cpx,0.09191104899535955
Maxchi,209,393,H,BF,cpx,3.763928429654596e-49
Maxchi,376,429,H,BF1,cpx,0.0004370672279740913
Maxchi,412,454,H,C2U,cpx,0.19256602521324814
Maxchi,547,607,H,CD,cpx,0.017439449566134003
Maxchi,813,869,H,DF,cpx,0.13667344265420003
Maxchi,3474,3526,J,01A1,01C,0.26355247728296954
Maxchi,2257,2303,J,01A1,02A,0.008148288564154766
Maxchi,3108,3154,J,01A1,02B,0.14409280819553322
Maxchi,3942,3994,J,01A1,AD,0.047790084104723185
Maxchi,2957,3012,J,01A1,BF1,0.08335116579725586
Maxchi,2041,2087,J,01A1,C2U,0.024718830859709495
Maxchi,4410,4449,J,01A1,01B,0.14196804406300376
Maxchi,4436,4490,J,01B,01C,0.08625191373009904
Maxchi,1193,1253,J,01B,02A,0.008665456823578282
Maxchi,3062,3105,J,01B,02B,0.08720825116628585
Maxchi,2699,2736,J,01B,A1D,0.06508522438306737
Maxchi,3767,3815,J,01B,A2D,0.6453376232942774
Maxchi,3767,3815,J,01B,AD,0.6453376232942774
Maxchi,1466,1524,J,01B,BF1,0.04053353995244688
Maxchi,691,748,J,01C,CPZ,0.0010183790540369496
Maxchi,1698,1752,J,01C,02A,0.07375686212077569
Maxchi,2030,2082,J,02A,02B,0.004878843613631064
Maxchi,2918,2979,J,01C,02B,0.00598964336614812
Maxchi,910,954,J,01C,02G,0.0004946090885267369
Maxchi,874,928,J,02A,02G,0.017118239704790164
Maxchi,484,537,J,02B,02G,0.27303869639054523
Maxchi,516,558,J,02G,CPZ,0.02180309105299787
Maxchi,360,411,J,02A,A,0.002940932104495999
Maxchi,287,337,J,02G,A,1.0
Maxchi,400,426,J,A,A1D,2.3953087215005163e-10
Maxchi,210,402,J,A,BF,4.070822045386692e-52
Maxchi,375,426,J,A,BF1,6.586857658927861e-12
Maxchi,369,376,J,A,BG,0.00035871294143977614
Maxchi,398,445,J,A,C,0.08524430172230993
Maxchi,398,445,J,A,C2U,0.12188769712028555
Maxchi,397,451,J,A,CD,0.013604032044213064
Maxchi,439,505,J,A,H,5.996234904587912e-09
Maxchi,305,355,J,A,L,1.0
Maxchi,3350,3398,J,A1,C,0.07363827012030258
Maxchi,3474,3527,J,A1,CD,0.31508664128779806
Maxchi,2253,2306,J,01C,A1D,0.15714856017144727
Maxchi,1686,1733,J,02A,A1D,0.11410709480862181
Maxchi,2222,2255,J,02B,A1D,0.03748626782054112
Maxchi,605,655,J,A1D,CPZ,0.15729920705028105
Maxchi,3685,3737,J,01A1,A2,0.4906442499934076
Maxchi,3646,3697,J,01B,A2,0.2813383573968945
Maxchi,843,897,J,02G,A2,6.974407109462115e-06
Maxchi,4320,4373,J,A2,A2D,0.024389023927981333
Maxchi,3371,3418,J,A2,A6,0.4009049190867533
Maxchi,2909,2975,J,A2,AG,0.06408092638058631
Maxchi,6171,6220,J,A2,BC,0.07648199693539515
Maxchi,2464,2487,J,A2,CD,0.18708344540867558
Maxchi,3233,3280,J,01A1,A2D,0.17092517503481247
Maxchi,3815,3862,J,A2D,AD,0.2756194493973704
Maxchi,3232,3282,J,A2D,C2U,0.2214397326720097
Maxchi,3272,3315,J,01B,A3,0.0837629431558316
Maxchi,3869,3917,J,A3,AD,0.588030375106104
Maxchi,3303,3351,J,A3,AE,0.4299724998069028
Maxchi,2446,2486,J,A3,BC,0.07481538764034237
Maxchi,1959,2012,J,A3,BG,0.025934399103928665
Maxchi,2037,2085,J,A3,cpx,0.00027503895449961923
Maxchi,844,891,J,01C,A5U,7.288918199274735e-06
Maxchi,360,411,J,02A,A5U,0.0035380567419032536
Maxchi,286,336,J,02G,A5U,1.0
Maxchi,373,400,J,A1D,A5U,2.3953087215005163e-10
Maxchi,375,427,J,A5U,BF1,2.4524456141090814e-11
Maxchi,844,891,J,A5U,C2U,1.863281188616448e-07
Maxchi,206,254,J,A5U,CPZ,0.1485617748918645
Maxchi,3274,3319,J,01B,A6,0.12605995852139104
Maxchi,874,928,J,02G,A6,0.017118239704790164
Maxchi,844,896,J,A5U,A6,0.0016559804197888918
Maxchi,3053,3099,J,A6,AD,0.4238047575676316
Maxchi,3274,3319,J,A6,AE,0.22942148462968617
Maxchi,3062,3108,J,A6,AG,0.29556066889140786
Maxchi,2912,2976,J,A6,BC,0.10774768731970065
Maxchi,3099,3145,J,01C,AD,0.4238047575676316
Maxchi,1988,2035,J,02A,AD,0.01022878473255559
Maxchi,2978,3035,J,02B,AD,0.08036665103353981
Maxchi,2600,2650,J,A1D,AD,0.0315729856033744
Maxchi,2037,2085,J,AD,BF1,0.01080242039602635
Maxchi,2458,2513,J,AD,C2U,0.30407399646009947
Maxchi,4410,4449,J,01A1,AE,0.14196804406300376
Maxchi,5225,5276,J,01B,AE,0.2329661097653965
Maxchi,4436,4490,J,01C,AE,0.08625191373009904
Maxchi,2110,2153,J,02A,AE,0.05670735068012864
Maxchi,3055,3102,J,02B,AE,0.09504303735905067
Maxchi,2699,2736,J,A1D,AE,0.06508522438306737
Maxchi,3102,3148,J,A2D,AE,0.09504303735905067
Maxchi,3767,3815,J,AD,AE,0.454646263326248
Maxchi,3274,3319,J,AE,AG,0.22942148462968617
Maxchi,2661,2699,J,AE,BC,0.06508522438306737
Maxchi,401,453,J,AE,BF,8.297490572334454e-12
Maxchi,1407,1466,J,AE,BF1,0.04053353995244688
Maxchi,1979,2031,J,AE,BG,0.07142345772985215
Maxchi,2699,2736,J,AE,CD,0.06508522438306737
Maxchi,2209,2262,J,AE,cpx,0.19492445251365376
Maxchi,3933,3989,J,01A1,AG,0.0020971341161774375
Maxchi,3227,3277,J,01B,AG,0.08172275229865922
Maxchi,3890,3946,J,01C,AG,0.021619243514927295
Maxchi,2222,2255,J,02A,AG,0.03748626782054112
Maxchi,3439,3483,J,02B,AG,0.08867946386180009
Maxchi,1747,1795,J,A1D,AG,0.035176318889165684
Maxchi,3180,3231,J,A2D,AG,0.6050464701996823
Maxchi,3933,3990,J,AD,AG,0.0006207691700382264
Maxchi,2446,2486,J,AG,BC,0.07481538764034237
Maxchi,401,453,J,AG,BF,8.297490572334454e-12
Maxchi,2042,2095,J,AG,BF1,0.006321597084687401
Maxchi,2747,2811,J,AG,BG,0.01843152024920318
Maxchi,3328,3373,J,AG,CD,0.018458954561560915
Maxchi,3447,3482,J,AG,DF,0.02054323947986788
Maxchi,3439,3483,J,AG,cpx,0.15016359354496986
Maxchi,3459,3499,J,B,F2,0.03746815707750556
Maxchi,360,412,J,02A,B.FR.83.HXBLAI_IIIB_BRU.K03455,0.004229127697816718
Maxchi,260,369,J,02G,B.FR.83.HXBLAI_IIIB_BRU.K03455,9.732484224413035e-21
Maxchi,398,427,J,A1D,B.FR.83.HXBLAI_IIIB_BRU.K03455,1.071452495646796e-09
Maxchi,598,650,J,A6,B.FR.83.HXBLAI_IIIB_BRU.K03455,0.11005202610240498
Maxchi,210,402,J,B.FR.83.HXBLAI_IIIB_BRU.K03455,BF,4.070822045386692e-52
Maxchi,375,426,J,B.FR.83.HXBLAI_IIIB_BRU.K03455,BF1,6.586857658927861e-12
Maxchi,370,372,J,B.FR.83.HXBLAI_IIIB_BRU.K03455,BG,1.5374597944280386e-12
Maxchi,432,492,J,B.FR.83.HXBLAI_IIIB_BRU.K03455,C2U,0.3207769927915025
Maxchi,428,460,J,B.FR.83.HXBLAI_IIIB_BRU.K03455,CD,0.023202545863181868
Maxchi,444,508,J,B.FR.83.HXBLAI_IIIB_BRU.K03455,H,2.48566767614664e-10
Maxchi,449,503,J,B.FR.83.HXBLAI_IIIB_BRU.K03455,cpx,1.0492005397446337e-16
Maxchi,2911,2962,J,01A1,BC,0.16215399420210025
Maxchi,2661,2699,J,01B,BC,0.06508522438306737
Maxchi,1594,1663,J,02A,BC,7.45892146970612e-05
Maxchi,2434,2485,J,02B,BC,0.0010659128519455337
Maxchi,836,881,J,02G,BC,0.4772877227243091
Maxchi,2166,2221,J,A1D,BC,0.11690855604248031
Maxchi,2469,2510,J,A2D,BC,0.3231411294182843
Maxchi,2446,2485,J,AD,BC,0.17062245102350043
Maxchi,431,505,J,BC,BF,2.458641488436838e-11
Maxchi,1832,1884,J,BC,BF1,0.08016817764800444
Maxchi,1652,1701,J,BC,BG,0.11701654474184535
Maxchi,2403,2455,J,BC,C2U,0.3126120479134917
Maxchi,6116,6166,J,BC,CD,0.0415651498373117
Maxchi,648,698,J,BC,CPZ,0.020711235075748256
Maxchi,440,605,J,01A1,BF,3.9233864925612834e-43
Maxchi,440,605,J,01B,BF,3.9233864925612834e-43
Maxchi,440,605,J,01C,BF,3.9233864925612834e-43
Maxchi,933,981,J,02A,BF,0.019172484755223134
Maxchi,440,605,J,02B,BF,3.9233864925612834e-43
Maxchi,419,606,J,02G,BF,1.1191248529973296e-45
Maxchi,440,605,J,A1D,BF,3.9233864925612834e-43
Maxchi,440,605,J,A2D,BF,3.9233864925612834e-43
Maxchi,210,402,J,A5U,BF,4.070822045386692e-52
Maxchi,440,605,J,AD,BF,3.9233864925612834e-43
Maxchi,440,605,J,BF,BF1,3.9233864925612834e-43
Maxchi,928,978,J,BF,BG,5.200697522957696e-06
Maxchi,440,605,J,BF,C2U,3.9233864925612834e-43
Maxchi,439,605,J,BF,CPZ,1.169802390043993e-42
Maxchi,1835,1886,J,01C,BF1,0.30303279442748926
Maxchi,1689,1739,J,02A,BF1,0.1543986521100048
Maxchi,1978,2030,J,02B,BF1,0.05043928752478848
Maxchi,1158,1210,J,02G,BF1,0.04296420511513146
Maxchi,1982,2032,J,A1D,BF1,0.1355147945267815
Maxchi,1969,2018,J,BF1,C2U,0.032333478725710865
Maxchi,875,924,J,BF1,CPZ,0.09995826901598188
Maxchi,2037,2085,J,01A1,BG,0.052293731110377044
Maxchi,1979,2031,J,01B,BG,0.13937247393525581
Maxchi,2634,2693,J,02B,BG,0.08367364861497201
Maxchi,844,897,J,02G,BG,4.29390125908857e-05
Maxchi,1712,1769,J,A1D,BG,0.01437872566554667
Maxchi,2640,2694,J,A2D,BG,0.07470593331213042
Maxchi,369,376,J,A5U,BG,0.00035871294143977614
Maxchi,1210,1251,J,AD,BG,0.016447174727850945
Maxchi,1706,1751,J,BF1,BG,0.22595168094226692
Maxchi,1655,1703,J,BG,C2U,0.0011676566472299372
Maxchi,799,846,J,02G,C,0.4009049190867533
Maxchi,2038,2095,J,C,F1,7.866684533492848e-07
Maxchi,3459,3499,J,C,F2,0.03746815707750556
Maxchi,1932,1987,J,C,L,0.0018342446592510113
Maxchi,3173,3226,J,02B,C2U,0.012385581631750272
Maxchi,3324,3376,J,01A1,CD,0.0832542338617877
Maxchi,2699,2736,J,01B,CD,0.06508522438306737
Maxchi,1639,1688,J,02A,CD,0.008029140784573112
Maxchi,825,882,J,02G,CD,0.0072773344846541604
Maxchi,3468,3514,J,A2D,CD,0.08786001641464869
Maxchi,3422,3474,J,AD,CD,0.004878843613631064
Maxchi,435,494,J,BF,CD,0.10207938441873741
Maxchi,1710,1768,J,BG,CD,1.3701764114431034e-05
Maxchi,3303,3350,J,C2U,CD,0.10403881005501929
Maxchi,648,701,J,CD,CPZ,0.27721626231136354
Maxchi,2223,2254,J,D,F1,0.08904390153581752
Maxchi,3474,3526,J,01A1,DF,0.06708765741706667
Maxchi,3422,3474,J,01B,DF,0.09466678277167108
Maxchi,2919,2958,J,01C,DF,0.07074092916882713
Maxchi,1633,1682,J,02A,DF,0.0011182568284774587
Maxchi,832,885,J,02G,DF,0.00312520748449669
Maxchi,3468,3514,J,A2D,DF,0.19584742454289616
Maxchi,6450,6500,J,BC,DF,3.2017646784037503e-05
Maxchi,423,509,J,BF,DF,1.0011595102859698e-14
Maxchi,1975,2026,J,BF1,DF,0.06865032077887374
Maxchi,1712,1769,J,BG,DF,3.6585697831292617e-06
Maxchi,2632,2695,J,C2U,DF,0.07135321211950375
Maxchi,3439,3487,J,CD,DF,0.24846425738706346
Maxchi,369,426,J,A5U,F1,5.658725230366511e-11
Maxchi,2218,2256,J,F1,K,0.0035953448058395248
Maxchi,4926,4975,J,F2,K,0.030001270290237612
Maxchi,360,411,J,02A,H,0.0013055924087956078
Maxchi,291,341,J,02G,H,1.0
Maxchi,428,453,J,A1D,H,4.942068131098457e-11
Maxchi,370,380,J,BG,H,0.0035811640331237355
Maxchi,436,494,J,CD,H,0.09189307366828853
Maxchi,250,260,J,CPZ,H,1.4958258446518184e-05
Maxchi,309,359,J,H,L,1.0
Maxchi,452,505,J,H,cpx,1.5645629778864779e-18
Maxchi,3697,3745,J,01C,K,0.012234037423338569
Maxchi,3105,3148,J,AD,K,0.03798727863365892
Maxchi,401,453,J,BF,K,8.297490572334454e-12
Maxchi,1633,1678,J,BF1,K,0.0018195501959980714
Maxchi,3439,3483,J,C2U,K,0.18020672865330142
Maxchi,3483,3526,J,CD,K,0.1570692943145777
Maxchi,3733,3762,J,DF,K,0.011942103817533977
Maxchi,633,700,J,K,L,0.14596398472196515
Maxchi,1199,1247,J,01C,L,0.23987068603787826
Maxchi,2247,2293,J,02A,L,0.072178655949928
Maxchi,660,714,J,02B,L,0.07470593331213042
Maxchi,1931,1987,J,A1D,L,0.011923829172825934
Maxchi,304,354,J,A5U,L,1.0
Maxchi,434,495,J,BF,L,0.03441988499501387
Maxchi,1667,1740,J,BF1,L,4.547899847252275e-05
Maxchi,2033,2082,J,C2U,L,0.008320205974441962
Maxchi,2035,2086,J,CD,L,0.020762106809222153
Maxchi,2105,2169,J,DF,L,0.04834137874277117
Maxchi,2219,2257,J,01B,cpx,0.010468620583723592
Maxchi,925,975,J,02G,cpx,1.109897913375315e-06
Maxchi,2037,2085,J,A1D,cpx,0.00259117870631212
Maxchi,451,504,J,A5U,cpx,2.14891704354803e-17
Maxchi,2037,2085,J,AD,cpx,0.00027503895449961923
Maxchi,2440,2466,J,BC,cpx,0.0035218648592149934
Maxchi,426,590,J,BF,cpx,3.624620830443607e-53
Maxchi,1703,1750,J,BF1,cpx,0.00042859708732928813
Maxchi,1681,1733,J,BG,cpx,0.004878843613631064
Maxchi,2940,2987,J,CD,cpx,0.05086663280709302
Maxchi,483,536,J,CPZ,cpx,0.05930472325474764
Maxchi,4332,4364,K,01A1,01C,0.08636617039122169
Maxchi,2824,2875,K,01A1,02A,0.1943960082591471
Maxchi,4300,4335,K,01A1,02B,0.015584591650845575
Maxchi,529,612,K,01A1,02G,1.7852139048086722e-30
Maxchi,3466,3516,K,01A1,A1D,0.2214397326720097
Maxchi,849,899,K,01A1,A5U,0.00011385637907860897
Maxchi,5111,5159,K,01A1,AD,0.08085559837005234
Maxchi,3241,3284,K,01A1,BF1,0.06937527703681357
Maxchi,3187,3235,K,01A1,C2U,0.18532461741429135
Maxchi,496,547,K,01A1,CPZ,4.5935916258265494e-07
Maxchi,5172,5219,K,01A1,01B,0.6724027849090846
Maxchi,3701,3746,K,01B,01C,0.11429300055871416
Maxchi,1081,1128,K,01B,02A,0.24939662552220368
Maxchi,530,614,K,01B,02G,3.879600368549148e-22
Maxchi,843,892,K,01B,A5U,2.220492590348565e-07
Maxchi,3193,3250,K,01B,BF1,0.19328322594129238
Maxchi,3266,3328,K,01B,C2U,0.005569802146730306
Maxchi,493,540,K,01B,CPZ,0.000200888864318128
Maxchi,445,495,K,01C,CPZ,0.0006871043843566189
Maxchi,2026,2081,K,01C,02A,0.07788706738662647
Maxchi,1059,1112,K,02A,02B,0.03492039587384793
Maxchi,469,526,K,02A,CPZ,0.0035970186246078823
Maxchi,2980,3035,K,01C,02B,0.019855338633511202
Maxchi,493,540,K,02B,CPZ,0.000200888864318128
Maxchi,530,614,K,01C,02G,8.02333937992593e-15
Maxchi,530,614,K,02A,02G,8.02333937992593e-15
Maxchi,530,614,K,02B,02G,8.02333937992593e-15
Maxchi,530,615,K,02G,A1D,2.9482307700855145e-13
Maxchi,530,615,K,02G,C2U,2.9482307700855145e-13
Maxchi,490,534,K,02G,CPZ,0.12170116687513019
Maxchi,539,622,K,01C,A,1.7225774541052452e-16
Maxchi,360,411,K,02A,A,0.002940932104495999
Maxchi,287,337,K,02G,A,1.0
Maxchi,1078,1131,K,A,A1,0.006162954764031188
Maxchi,950,998,K,A,A2D,0.0005843953093797332
Maxchi,521,606,K,A,BC,1.0271719487953066e-17
Maxchi,375,426,K,A,BF1,6.586857658927861e-12
Maxchi,369,376,K,A,BG,0.00035871294143977614
Maxchi,889,947,K,A,C2U,0.0015330518741596955
Maxchi,541,626,K,A,J,6.823177886584414e-20
Maxchi,305,355,K,A,L,1.0
Maxchi,4091,4137,K,A1,A2,0.326217801728596
Maxchi,3422,3471,K,A1,C2U,0.07359232589922039
Maxchi,3796,3848,K,A1,cpx,0.08609407605250702
Maxchi,3231,3282,K,01C,A1D,0.5286512539280465
Maxchi,936,985,K,02A,A1D,0.00938997732201922
Maxchi,1699,1747,K,02B,A1D,0.10437668659975609
Maxchi,488,540,K,A1D,CPZ,0.016230048574613385
Maxchi,530,614,K,02G,A2,8.02333937992593e-15
Maxchi,837,890,K,A2,A5U,0.014352128047456775
Maxchi,4016,4064,K,A2,AG,0.2962698714842834
Maxchi,3423,3471,K,A2,C2U,0.1485617748918646
Maxchi,3421,3468,K,A2,CD,0.13984079645897296
Maxchi,484,540,K,A2,CPZ,0.0012754664244986709
Maxchi,1636,1683,K,A2,L,0.0004226048679101979
Maxchi,5063,5111,K,01A1,A2D,0.12133525035848208
Maxchi,3266,3328,K,01C,A2D,0.3434944728655398
Maxchi,1059,1112,K,02A,A2D,0.030109512711539284
Maxchi,6489,6544,K,02B,A2D,0.016742133527626643
Maxchi,530,614,K,02G,A2D,3.1966165449780244e-15
Maxchi,1747,1805,K,A1D,A2D,6.393361503476022e-05
Maxchi,844,893,K,A2D,A5U,4.455538475254342e-06
Maxchi,1691,1746,K,A2D,BF1,0.27544019964906397
Maxchi,1966,2022,K,A2D,C2U,0.10609430602536402
Maxchi,493,540,K,A2D,CPZ,0.000200888864318128
Maxchi,1700,1753,K,A1D,A3,0.031345976085985064
Maxchi,3942,3989,K,A3,A6,0.005971294568464903
Maxchi,501,533,K,01C,A5U,0.16543896349191234
Maxchi,360,411,K,02A,A5U,0.0035380567419032536
Maxchi,286,336,K,02G,A5U,1.0
Maxchi,373,400,K,A1D,A5U,2.3953087215005163e-10
Maxchi,844,892,K,A5U,AD,9.1351480712357e-09
Maxchi,375,427,K,A5U,BF1,2.4524456141090814e-11
Maxchi,841,890,K,A5U,C2U,9.915851812700873e-08
Maxchi,206,254,K,A5U,CPZ,0.1485617748918645
Maxchi,2874,2919,K,01C,A6,0.15432890520523726
Maxchi,3876,3927,K,A6,AD,0.07095713052180315
Maxchi,484,540,K,A6,CPZ,0.0012754664244986709
Maxchi,3147,3197,K,01C,AD,0.15729920705028105
Maxchi,1134,1193,K,02A,AD,0.15717788380531877
Maxchi,536,626,K,02G,AD,1.3124300264043252e-17
Maxchi,1742,1745,K,A1D,AD,4.4463659546212463e-07
Maxchi,1474,1524,K,AD,BF1,0.3723653021980271
Maxchi,3333,3381,K,AD,C2U,0.27526836670765165
Maxchi,493,540,K,AD,CPZ,0.000200888864318128
Maxchi,5594,5646,K,01A1,AE,0.25929145584382257
Maxchi,5861,5907,K,01B,AE,0.006518135144121965
Maxchi,3701,3746,K,01C,AE,0.11429300055871416
Maxchi,1081,1128,K,02A,AE,0.24939662552220368
Maxchi,530,614,K,02G,AE,1.2927618523545466e-21
Maxchi,843,892,K,A5U,AE,2.220492590348565e-07
Maxchi,2710,2757,K,AE,BC,0.17092517503481247
Maxchi,401,453,K,AE,BF,8.297490572334454e-12
Maxchi,3198,3241,K,AE,BF1,0.1678745358811364
Maxchi,3266,3328,K,AE,C2U,0.014437597321834578
Maxchi,3328,3376,K,AE,CD,0.008761931853663491
Maxchi,493,540,K,AE,CPZ,0.000200888864318128
Maxchi,3694,3740,K,AE,DF,0.09478417562930899
Maxchi,4956,5018,K,01A1,AG,0.14633474213666445
Maxchi,3237,3284,K,01C,AG,0.2756194493973704
Maxchi,3635,3690,K,02A,AG,0.15335695337809568
Maxchi,7143,7208,K,02B,AG,0.01090677337634574
Maxchi,536,626,K,02G,AG,5.106063945739813e-18
Maxchi,1698,1747,K,A1D,AG,0.035176318889165684
Maxchi,844,891,K,A5U,AG,2.1069045779389964e-08
Maxchi,2772,2823,K,AG,BC,0.1259181203412652
Maxchi,401,453,K,AG,BF,8.297490572334454e-12
Maxchi,1667,1731,K,AG,BF1,1.3209673249517808e-07
Maxchi,1062,1118,K,AG,BG,0.0022743689598964728
Maxchi,3440,3480,K,AG,C2U,0.037046566006857067
Maxchi,3459,3499,K,AG,CD,0.029509182987468643
Maxchi,493,540,K,AG,CPZ,0.000200888864318128
Maxchi,3695,3744,K,AG,DF,0.14094434533668998
Maxchi,3796,3848,K,AG,cpx,0.2948729928710092
Maxchi,530,614,K,02G,B,8.02333937992593e-15
Maxchi,3198,3241,K,A2D,B,0.21302852366588626
Maxchi,841,890,K,A5U,B,9.915851812700873e-08
Maxchi,1696,1743,K,B,BF1,0.47748898285606367
Maxchi,493,540,K,B,CPZ,0.000200888864318128
Maxchi,4302,4355,K,B,DF,0.10667116372819521
Maxchi,539,622,K,01C,B.FR.83.HXBLAI_IIIB_BRU.K03455,3.93859830353488e-16
Maxchi,360,412,K,02A,B.FR.83.HXBLAI_IIIB_BRU.K03455,0.004229127697816718
Maxchi,260,369,K,02G,B.FR.83.HXBLAI_IIIB_BRU.K03455,9.732484224413035e-21
Maxchi,505,513,K,B.FR.83.HXBLAI_IIIB_BRU.K03455,BC,0.040356572798745265
Maxchi,210,402,K,B.FR.83.HXBLAI_IIIB_BRU.K03455,BF,4.070822045386692e-52
Maxchi,375,426,K,B.FR.83.HXBLAI_IIIB_BRU.K03455,BF1,6.586857658927861e-12
Maxchi,370,372,K,B.FR.83.HXBLAI_IIIB_BRU.K03455,BG,1.5374597944280386e-12
Maxchi,432,492,K,B.FR.83.HXBLAI_IIIB_BRU.K03455,C2U,0.3207769927915025
Maxchi,428,460,K,B.FR.83.HXBLAI_IIIB_BRU.K03455,CD,0.023202545863181868
Maxchi,531,607,K,B.FR.83.HXBLAI_IIIB_BRU.K03455,J,2.2213676419057303e-14
Maxchi,443,445,K,B.FR.83.HXBLAI_IIIB_BRU.K03455,cpx,7.87343685439857e-09
Maxchi,2710,2757,K,01A1,BC,0.3884732914602056
Maxchi,2710,2757,K,01B,BC,0.4235553192729382
Maxchi,2446,2486,K,01C,BC,0.07481538764034237
Maxchi,1883,1931,K,02A,BC,0.35691509993161663
Maxchi,3390,3445,K,02B,BC,0.09826550544569602
Maxchi,518,536,K,02G,BC,0.0004615437876544122
Maxchi,3693,3747,K,A2D,BC,0.13334673514011752
Maxchi,484,530,K,A5U,BC,0.1041006583396692
Maxchi,3547,3594,K,AD,BC,0.07271913595905102
Maxchi,431,505,K,BC,BF,2.458641488436838e-11
Maxchi,1664,1731,K,BC,BF1,9.213237473434436e-07
Maxchi,1699,1752,K,BC,BG,0.01157411021234623
Maxchi,1979,2028,K,BC,C2U,0.008925472573060722
Maxchi,2446,2486,K,BC,CD,0.07481538764034237
Maxchi,446,493,K,BC,CPZ,0.05133204372249204
Maxchi,401,453,K,01A1,BF,8.297490572334454e-12
Maxchi,401,453,K,01B,BF,8.297490572334454e-12
Maxchi,401,453,K,01C,BF,8.297490572334454e-12
Maxchi,558,671,K,02A,BF,1.1322965371880392e-34
Maxchi,401,453,K,02B,BF,8.297490572334454e-12
Maxchi,442,484,K,02G,BF,0.07007553859334137
Maxchi,401,453,K,A1D,BF,8.297490572334454e-12
Maxchi,401,453,K,A2D,BF,8.297490572334454e-12
Maxchi,210,402,K,A5U,BF,4.070822045386692e-52
Maxchi,401,453,K,AD,BF,8.297490572334454e-12
Maxchi,401,453,K,BF,BF1,8.297490572334454e-12
Maxchi,506,559,K,BF,BG,1.7299562226837952e-16
Maxchi,401,453,K,BF,C2U,8.297490572334454e-12
Maxchi,401,451,K,BF,CPZ,1.0932219338166523e-11
Maxchi,1457,1509,K,02B,BF1,0.07791120702910179
Maxchi,516,534,K,02G,BF1,0.00024478733822722726
Maxchi,488,540,K,BF1,CPZ,0.2110936711315774
Maxchi,1118,1173,K,01B,BG,0.5085361091800833
Maxchi,944,993,K,02A,BG,0.09884036070711197
Maxchi,2715,2765,K,02B,BG,0.2971465303484674
Maxchi,522,534,K,02G,BG,2.5658801538431853e-05
Maxchi,2625,2670,K,A1D,BG,0.24190958665107992
Maxchi,369,376,K,A5U,BG,0.00035871294143977614
Maxchi,1169,1218,K,AD,BG,0.14311696578005778
Maxchi,2665,2715,K,BG,C2U,0.15729920705028105
Maxchi,464,526,K,BG,CPZ,1.5181674260343863e-06
Maxchi,530,614,K,02G,C,1.4782535686052372e-13
Maxchi,1932,1984,K,A2D,C,7.89856989971523e-06
Maxchi,1984,2037,K,C,C2U,0.16531674861801263
Maxchi,483,540,K,C,CPZ,0.0009733038764887125
Maxchi,3439,3483,K,C,J,0.18020672865330142
Maxchi,1651,1701,K,C,cpx,0.004644733942292499
Maxchi,2497,2535,K,01C,C2U,0.14132577643184238
Maxchi,488,540,K,C2U,CPZ,0.07142345772985215
Maxchi,3402,3451,K,01A1,CD,0.04087153408900628
Maxchi,3328,3376,K,01B,CD,0.008761931853663491
Maxchi,3322,3375,K,01C,CD,0.2445304008606901
Maxchi,3334,3393,K,02B,CD,0.19981598752167334
Maxchi,484,537,K,02G,CD,0.014243531972557769
Maxchi,3635,3692,K,A2D,CD,0.142871738904464
Maxchi,841,891,K,A5U,CD,0.0011231679524891763
Maxchi,376,435,K,BF,CD,0.10207938441873741
Maxchi,2715,2765,K,BG,CD,0.2971465303484674
Maxchi,3460,3498,K,C2U,CD,0.17016966843977566
Maxchi,446,493,K,CD,CPZ,0.09057767066750955
Maxchi,3209,3256,K,D,J,0.011584203465003032
Maxchi,3698,3748,K,01A1,DF,0.2949751254431211
Maxchi,3694,3740,K,01B,DF,0.09478417562930899
Maxchi,2694,2748,K,01C,DF,0.041838920789652304
Maxchi,1706,1732,K,02A,DF,2.0945461691551355e-06
Maxchi,3694,3740,K,02B,DF,0.09478417562930899
Maxchi,484,537,K,02G,DF,0.014243531972557769
Maxchi,3410,3453,K,A1D,DF,0.4127725959909144
Maxchi,3898,3942,K,A2D,DF,0.035938930574022566
Maxchi,3694,3740,K,AD,DF,0.09478417562930899
Maxchi,3647,3698,K,BC,DF,0.03361769673397379
Maxchi,423,509,K,BF,DF,1.0011595102859698e-14
Maxchi,1633,1679,K,BF1,DF,0.0004394641673796748
Maxchi,3447,3486,K,C2U,DF,0.07595591498468902
Maxchi,446,493,K,CPZ,DF,0.1488043510263838
Maxchi,530,614,K,02G,F1,1.4782535686052372e-13
Maxchi,481,534,K,CPZ,F1,0.00034668564608747134
Maxchi,5047,5102,K,F1,F2,0.08025388041180573
Maxchi,3479,3542,K,C2U,G,0.005675262830219666
Maxchi,493,540,K,CPZ,G,0.000200888864318128
Maxchi,539,622,K,01C,H,1.7225774541052452e-16
Maxchi,360,411,K,02A,H,0.0013055924087956078
Maxchi,291,341,K,02G,H,1.0
Maxchi,521,606,K,BC,H,1.0271719487953066e-17
Maxchi,370,380,K,BG,H,0.0035811640331237355
Maxchi,443,463,K,CD,H,0.009748109126736945
Maxchi,250,260,K,CPZ,H,1.4958258446518184e-05
Maxchi,457,507,K,DF,H,1.0
Maxchi,541,626,K,H,J,2.5065246592085107e-20
Maxchi,309,359,K,H,L,1.0
Maxchi,441,453,K,H,cpx,8.721835402928461e-06
Maxchi,530,614,K,02G,J,1.702430886572555e-14
Maxchi,3900,3942,K,A2D,J,0.005992097635620475
Maxchi,511,561,K,A5U,J,1.0
Maxchi,493,540,K,CPZ,J,0.000200888864318128
Maxchi,3439,3483,K,J,cpx,0.18020672865330142
Maxchi,696,746,K,01A1,L,0.23855257032353777
Maxchi,562,627,K,02A,L,1.1006646076108242e-27
Maxchi,696,746,K,02B,L,0.23855257032353777
Maxchi,533,639,K,02G,L,3.495201362754083e-29
Maxchi,633,700,K,A1D,L,0.14596398472196515
Maxchi,737,786,K,A2D,L,0.0687918885087871
Maxchi,304,354,K,A5U,L,1.0
Maxchi,696,746,K,AD,L,0.23855257032353777
Maxchi,2822,2877,K,AG,L,0.2950296336643593
Maxchi,512,562,K,BF,L,1.0
Maxchi,3085,3133,K,BF1,L,0.20215109868230066
Maxchi,560,626,K,BG,L,1.9112684506371715e-26
Maxchi,1481,1532,K,C2U,L,0.03822596848948437
Maxchi,533,640,K,CPZ,L,1.0304589692707524e-26
Maxchi,1696,1743,K,DF,L,0.6021934895584673
Maxchi,560,626,K,L,cpx,1.9112684506371715e-26
Maxchi,1983,2036,K,02B,cpx,0.050937493773743486
Maxchi,521,535,K,02G,cpx,0.0006955970567137426
Maxchi,1751,1805,K,A1D,cpx,0.026097878787858696
Maxchi,2036,2088,K,A2D,cpx,0.017918163604825035
Maxchi,450,458,K,A5U,cpx,2.753800770030103e-07
Maxchi,2036,2088,K,AD,cpx,0.017918163604825035
Maxchi,1917,1967,K,BC,cpx,0.011184251149368078
Maxchi,426,590,K,BF,cpx,3.624620830443607e-53
Maxchi,1657,1717,K,BG,cpx,2.258133316948445e-05
Maxchi,1885,1909,K,C2U,cpx,0.010983406904692326
Maxchi,1886,1935,K,CD,cpx,0.2285802322580108
Maxchi,464,526,K,CPZ,cpx,2.6071631969666856e-05
Maxchi,1967,2016,K,DF,cpx,0.13277279767959305
Maxchi,879,932,L,01A1,01C,0.09509943911606593
Maxchi,969,1011,L,01A1,02A,0.029727183306054526
Maxchi,2746,2810,L,01A1,02B,0.009559000055032374
Maxchi,2813,2862,L,01A1,AD,0.1993753192590406
Maxchi,879,932,L,01A1,BF1,0.09509943911606593
Maxchi,879,932,L,01A1,C2U,0.09509943911606593
Maxchi,3079,3126,L,01A1,01B,0.1724327444351322
Maxchi,3150,3201,L,01B,01C,0.02915953602689402
Maxchi,945,993,L,01B,02A,0.0014736058266509291
Maxchi,769,820,L,01B,A1D,0.05051210575790917
Maxchi,2717,2765,L,01B,A2D,0.13991367059841212
Maxchi,2640,2696,L,01B,AD,0.02314419739548354
Maxchi,769,819,L,01B,BF1,0.15721367556987972
Maxchi,741,796,L,01B,C2U,0.07788706738662647
Maxchi,794,841,L,01C,CPZ,0.31266268532784114
Maxchi,1463,1497,L,01C,02A,0.13235453690816837
Maxchi,873,923,L,02A,02B,0.0027678466215941273
Maxchi,2033,2082,L,02A,C2U,0.002415359329793936
Maxchi,905,949,L,02A,CPZ,2.8821270725224825e-07
Maxchi,1914,1974,L,01C,02B,4.643284025245362e-07
Maxchi,938,981,L,01C,02G,0.22883055965882187
Maxchi,1600,1663,L,02A,02G,2.9425984036183864e-05
Maxchi,1174,1213,L,02G,A1D,0.3032647720974895
Maxchi,1912,1968,L,02G,C2U,0.14982083606688845
Maxchi,398,437,L,02G,A,1.0304055432109675e-18
Maxchi,630,664,L,A,A5U,0.058734450990035075
Maxchi,243,300,L,A,BF,6.611183552668133e-14
Maxchi,1481,1532,L,A1,C2U,0.03822596848948437
Maxchi,1478,1530,L,A1,CD,0.15818524058766825
Maxchi,715,766,L,A1,F2,0.13909175112658914
Maxchi,696,746,L,A1,G,0.35529383984539065
Maxchi,1926,1985,L,A1,J,3.827811529718101e-05
Maxchi,2839,2901,L,A1,K,0.02496868673002082
Maxchi,1702,1758,L,01C,A1D,0.10816033390575047
Maxchi,1763,1831,L,02A,A1D,0.03636841691119013
Maxchi,650,695,L,02B,A1D,0.07952737438947172
Maxchi,1618,1672,L,A1D,C2U,0.0007696203045958563
Maxchi,915,970,L,A1D,CPZ,0.11324817411961784
Maxchi,893,947,L,02G,A2,0.0001835174883952327
Maxchi,3044,3100,L,A2,A2D,0.06887237117137426
Maxchi,1424,1474,L,A2,A6,0.2214397326720097
Maxchi,1704,1748,L,A2,AG,0.035938930574022566
Maxchi,1968,2017,L,A2,BC,0.2353123534865554
Maxchi,1978,2023,L,A2,CD,0.02725766804441908
Maxchi,1224,1271,L,A2,cpx,0.1879613653284734
Maxchi,2717,2765,L,01A1,A2D,0.13991367059841212
Maxchi,2790,2846,L,01B,A3,0.1343740177301921
Maxchi,1717,1756,L,A3,A6,0.0028960640530957308
Maxchi,2790,2846,L,A3,AE,0.11854795975416733
Maxchi,606,663,L,A3,C,0.03162017640226869
Maxchi,605,657,L,A3,C2U,0.23123904522759198
Maxchi,254,296,L,A5U,CPZ,1.0768193745916103e-17
Maxchi,857,909,L,01A1,A6,0.3083583905011047
Maxchi,3024,3075,L,01B,A6,0.039064197349357156
Maxchi,1976,2025,L,02G,A6,0.2928511093706476
Maxchi,1714,1769,L,A2D,A6,0.04139761866128843
Maxchi,1687,1738,L,A6,AD,0.08426260498403464
Maxchi,2746,2810,L,A6,AG,0.1190475952088681
Maxchi,1945,1995,L,A6,BC,0.15729920705028105
Maxchi,933,982,L,A6,BF,0.1360970044403716
Maxchi,2025,2074,L,A6,BG,0.0011895598362081203
Maxchi,1633,1684,L,A6,K,0.03772318371133255
Maxchi,1811,1841,L,01C,AD,0.10644965563344637
Maxchi,919,972,L,02A,AD,4.177410866868524e-05
Maxchi,664,717,L,02B,AD,0.0691826267110787
Maxchi,929,982,L,AD,BF1,0.002897054424207027
Maxchi,698,749,L,AD,C2U,0.4602892340795135
Maxchi,3079,3126,L,01A1,AE,0.1724327444351322
Maxchi,887,941,L,01B,AE,0.05294925860151212
Maxchi,3150,3201,L,01C,AE,0.02915953602689402
Maxchi,945,993,L,02A,AE,0.005058093859974814
Maxchi,2640,2694,L,02B,AE,0.1060551228984355
Maxchi,769,820,L,A1D,AE,0.10935607087446286
Maxchi,2717,2765,L,A2D,AE,0.13991367059841212
Maxchi,2640,2696,L,AD,AE,0.02314419739548354
Maxchi,769,820,L,AE,AG,0.10935607087446286
Maxchi,1682,1747,L,AE,BC,0.03557417062391419
Maxchi,1036,1083,L,AE,BF1,0.24266321277073494
Maxchi,913,961,L,AE,BG,0.012139057635531327
Maxchi,741,796,L,AE,C2U,0.07788706738662647
Maxchi,1680,1703,L,AE,DF,1.0001771131298459e-08
Maxchi,1617,1669,L,AE,cpx,2.886616641739289e-06
Maxchi,2640,2696,L,01A1,AG,0.09379391919615362
Maxchi,2694,2747,L,01C,AG,0.10448270792497277
Maxchi,882,938,L,02A,AG,0.0750111114554317
Maxchi,719,768,L,02B,AG,0.37700207866685276
Maxchi,2772,2818,L,A2D,AG,0.3119924711454469
Maxchi,719,768,L,AD,AG,0.37700207866685276
Maxchi,1595,1664,L,AG,BC,0.0010695004397891562
Maxchi,896,947,L,AG,BF1,0.09126409037255706
Maxchi,653,725,L,AG,C2U,0.05470702884166153
Maxchi,1401,1452,L,AG,CD,0.013280509866681521
Maxchi,1632,1681,L,AG,DF,0.0014171203831740509
Maxchi,828,881,L,01A1,B,0.014755871769363493
Maxchi,243,300,L,B.FR.83.HXBLAI_IIIB_BRU.K03455,BF,6.611183552668133e-14
Maxchi,254,296,L,B.FR.83.HXBLAI_IIIB_BRU.K03455,CPZ,1.0768193745916103e-17
Maxchi,1699,1752,L,01A1,BC,0.09427708866944214
Maxchi,1699,1747,L,01B,BC,0.5969144542222324
Maxchi,983,1039,L,01C,BC,1.3605492651731102e-05
Maxchi,1400,1452,L,02A,BC,0.1574699980266901
Maxchi,1637,1684,L,02B,BC,0.0020046757040597333
Maxchi,931,978,L,02G,BC,0.00046948372580302665
Maxchi,1988,2035,L,A1D,BC,0.02897298377351066
Maxchi,1635,1692,L,A2D,BC,0.08129962960679697
Maxchi,1618,1675,L,AD,BC,0.014141878984121446
Maxchi,1686,1727,L,BC,BF1,0.014808218551227973
Maxchi,894,946,L,BC,BG,1.4744168073325923e-06
Maxchi,606,657,L,BC,CPZ,0.26533636714822484
Maxchi,874,928,L,02A,BF,0.4528488734224686
Maxchi,1468,1511,L,02G,BF,0.023907604316660173
Maxchi,839,894,L,A1D,BF,0.5322803202609925
Maxchi,243,300,L,A5U,BF,6.611183552668133e-14
Maxchi,1723,1775,L,BF,BF1,0.12335158490958535
Maxchi,899,947,L,BF,BG,0.00011509927552733469
Maxchi,1937,1991,L,BF,C2U,0.02351996929262412
Maxchi,1535,1586,L,01C,BF1,0.4132125666168054
Maxchi,1668,1723,L,02A,BF1,0.00011940678209339581
Maxchi,897,947,L,02B,BF1,0.0006289394206546049
Maxchi,1467,1509,L,02G,BF1,0.31374049620402283
Maxchi,1668,1723,L,A1D,BF1,0.00011940678209339581
Maxchi,1679,1722,L,BF1,C2U,0.01695133024705598
Maxchi,894,946,L,BF1,CPZ,0.005406780344522976
Maxchi,2115,2162,L,01A1,BG,0.03485697931670954
Maxchi,913,961,L,01B,BG,0.02176626310495724
Maxchi,1763,1831,L,02A,BG,0.03636841691119013
Maxchi,1513,1565,L,02G,BG,0.29795306160816476
Maxchi,1712,1769,L,A1D,BG,4.4802096054168406e-05
Maxchi,1665,1721,L,BF1,BG,4.6168117683383446e-10
Maxchi,1636,1685,L,BG,C2U,0.005904433685757446
Maxchi,878,928,L,BG,CPZ,1.589538096554077e-05
Maxchi,832,886,L,01A1,C,5.1795523862200406e-05
Maxchi,631,664,L,02B,C,0.02005014096993222
Maxchi,949,1002,L,02G,C,0.0033620653882656553
Maxchi,631,664,L,A2D,C,0.02005014096993222
Maxchi,631,664,L,AD,C,0.02005014096993222
Maxchi,719,767,L,AE,C,0.35717766265072415
Maxchi,711,748,L,AG,C,0.07457776671875768
Maxchi,1980,2028,L,BF,C,8.103683396197326e-05
Maxchi,1984,2029,L,BF1,C,0.06999718569176687
Maxchi,1669,1725,L,BG,C,0.00045741999548902344
Maxchi,1684,1731,L,C,C2U,0.44000347714340904
Maxchi,1885,1937,L,01C,C2U,0.06683161760140156
Maxchi,639,672,L,02B,C2U,0.012807172066997692
Maxchi,898,949,L,C2U,CPZ,0.0001352666716650997
Maxchi,1630,1678,L,01A1,CD,0.0001631944475610567
Maxchi,1234,1284,L,01C,CD,0.08172275229865922
Maxchi,1638,1684,L,02A,CD,0.002313675954847719
Maxchi,1203,1254,L,02G,CD,0.10571051797311928
Maxchi,1936,1988,L,BF1,CD,0.0002984336305786591
Maxchi,1652,1698,L,BG,CD,0.0003971712425028465
Maxchi,857,905,L,CD,CPZ,0.21986893044484188
Maxchi,2721,2765,L,D,G,0.3568332553603468
Maxchi,688,737,L,D,K,0.0687918885087871
Maxchi,1692,1747,L,01A1,DF,0.15707549749440353
Maxchi,1633,1679,L,01B,DF,2.2589253045199618e-05
Maxchi,1945,1992,L,01C,DF,0.00167246886159645
Maxchi,1526,1571,L,02A,DF,0.12861681901925476
Maxchi,1692,1747,L,02B,DF,0.00575028189787189
Maxchi,882,942,L,02G,DF,0.11357053359492886
Maxchi,1534,1584,L,A1D,DF,0.15729920705028105
Maxchi,1715,1768,L,A2D,DF,0.008796816113224625
Maxchi,1478,1532,L,BF1,DF,0.3864762307712325
Maxchi,1665,1721,L,BG,DF,2.633413932340852e-10
Maxchi,2109,2152,L,C2U,DF,0.07444699088958578
Maxchi,1636,1690,L,CD,DF,0.018905840778331837
Maxchi,396,446,L,A5U,F1,6.581855185118754e-10
Maxchi,930,982,L,F1,F2,0.0011464029620100644
Maxchi,1664,1733,L,F1,J,7.930745409185775e-05
Maxchi,895,940,L,F1,K,0.10620270196209591
Maxchi,944,992,L,02A,F2,0.14812646479059477
Maxchi,715,766,L,02B,F2,0.13909175112658914
Maxchi,877,930,L,BF1,F2,0.1482533584105176
Maxchi,949,997,L,BG,F2,1.8395002907542156e-07
Maxchi,771,823,L,F2,cpx,0.2903465795154091
Maxchi,878,930,L,01A1,G,0.23983237819069944
Maxchi,929,950,L,02G,G,3.379441718463566e-05
Maxchi,878,928,L,BF,G,0.01677967904636158
Maxchi,1655,1703,L,BF1,G,0.009114804971128376
Maxchi,1693,1746,L,BG,G,0.07716337102042092
Maxchi,630,664,L,A5U,H,0.058734450990035075
Maxchi,243,300,L,BF,H,6.611183552668133e-14
Maxchi,707,756,L,AG,J,0.10126201732960055
Maxchi,1478,1532,L,CD,K,0.159003948736483
Maxchi,1633,1686,L,01A1,cpx,0.0020493665431489355
Maxchi,1617,1669,L,01B,cpx,2.886616641739289e-06
Maxchi,2022,2067,L,02G,cpx,0.023166197017626938
Maxchi,1924,1979,L,A1D,cpx,7.609342263283769e-06
Maxchi,930,982,L,BC,cpx,0.06031121631451975
Maxchi,1597,1662,L,BF1,cpx,8.048638416979291e-07
Maxchi,1599,1658,L,BG,cpx,0.00017564562150633217
Maxchi,1912,1968,L,C2U,cpx,0.14982083606688845
Maxchi,1923,1970,L,CD,cpx,0.00018404967201649116
Maxchi,818,869,L,CPZ,cpx,0.17169664533325835
Maxchi,3175,3228,cpx,01A1,01C,0.007867158044290121
Maxchi,529,612,cpx,01A1,02G,1.7852139048086722e-30
Maxchi,3370,3410,cpx,01A1,A1D,0.4990216983311141
Maxchi,2963,3012,cpx,01A1,BF1,0.17837448691983818
Maxchi,4325,4365,cpx,01A1,01B,0.06544662251554952
Maxchi,3229,3274,cpx,01B,01C,0.04043914956462095
Maxchi,530,614,cpx,01B,02G,3.879600368549148e-22
Maxchi,3689,3738,cpx,01B,A2D,0.2986882350656738
Maxchi,2033,2082,cpx,01B,C2U,0.07868357654018254
Maxchi,1617,1669,cpx,01B,CPZ,0.000210835160564434
Maxchi,1936,1985,cpx,02A,02B,0.08836671477814495
Maxchi,1840,1888,cpx,02A,C2U,0.21193155208574832
Maxchi,872,925,cpx,02B,CPZ,0.0767108308343416
Maxchi,1977,2022,cpx,01C,02G,0.3041080114164486
Maxchi,1698,1764,cpx,02A,02G,0.010385270268778118
Maxchi,521,535,cpx,02B,02G,0.0006955970567137426
Maxchi,927,980,cpx,02G,C2U,3.104636024413726e-06
Maxchi,780,837,cpx,02G,CPZ,0.3823481860131669
Maxchi,357,405,cpx,02A,A,0.00012723196577956345
Maxchi,287,337,cpx,02G,A,1.0
Maxchi,403,452,cpx,A,A1D,4.847735876807818e-07
Maxchi,209,393,cpx,A,BF,3.763928429654596e-49
Maxchi,363,402,cpx,A,BF1,5.65959862356039e-05
Maxchi,414,456,cpx,A,C,0.007315705219580766
Maxchi,413,453,cpx,A,C2U,0.005008488190011439
Maxchi,417,456,cpx,A,CD,0.026528695277722714
Maxchi,305,355,cpx,A,L,1.0
Maxchi,2951,2993,cpx,A1,AG,0.008801332578667513
Maxchi,2871,2913,cpx,A1D,C2U,0.21419302571912477
Maxchi,2694,2748,cpx,01B,A2,0.07906791031286246
Maxchi,2033,2082,cpx,02A,A2,0.6029204366354275
Maxchi,3697,3748,cpx,A2,A3,0.35729327178975423
Maxchi,2851,2886,cpx,A2,DF,0.0005848171882549077
Maxchi,3644,3699,cpx,01A1,A2D,0.01091436500187462
Maxchi,3639,3692,cpx,01C,A2D,0.025199379711333115
Maxchi,2940,2987,cpx,02A,A2D,0.6051498762236502
Maxchi,3480,3534,cpx,02B,A2D,0.29869755599496717
Maxchi,530,614,cpx,02G,A2D,3.1966165449780244e-15
Maxchi,2290,2330,cpx,A2D,AD,0.36738215572089605
Maxchi,1968,2018,cpx,A2D,C2U,0.10289778801400265
Maxchi,2667,2716,cpx,01C,A3,0.05577065912295892
Maxchi,3639,3692,cpx,A2D,A3,0.025199379711333115
Maxchi,2955,3001,cpx,A3,A6,0.07075363222647768
Maxchi,2643,2696,cpx,A3,AD,0.10647422023604611
Maxchi,1906,1959,cpx,A3,C,0.06303318312978592
Maxchi,2027,2074,cpx,A3,DF,0.47748898285606367
Maxchi,360,411,cpx,02A,A5U,0.0035380567419032536
Maxchi,844,896,cpx,02B,A5U,0.0009968900964395465
Maxchi,286,336,cpx,02G,A5U,1.0
Maxchi,369,411,cpx,A1D,A5U,0.00018409018175329756
Maxchi,362,402,cpx,A5U,BF1,7.69339722612861e-05
Maxchi,434,491,cpx,A5U,C2U,5.093674929395355e-09
Maxchi,206,254,cpx,A5U,CPZ,0.1485617748918645
Maxchi,844,895,cpx,A5U,A6,0.002336700062015052
Maxchi,2640,2695,cpx,A6,AD,0.1559616142668463
Maxchi,2850,2886,cpx,A6,BC,0.00031961295554889943
Maxchi,2715,2765,cpx,A6,C2U,0.45196698876558605
Maxchi,3076,3126,cpx,A6,DF,0.11185069379560172
Maxchi,2941,2988,cpx,01C,AD,0.05022447256934115
Maxchi,3018,3067,cpx,02A,AD,0.1630522036902369
Maxchi,2481,2528,cpx,02B,AD,0.0806648252401044
Maxchi,1669,1720,cpx,AD,BF1,0.006010692494791499
Maxchi,1917,1972,cpx,AD,C2U,0.06316794358389845
Maxchi,896,948,cpx,AD,CPZ,0.0006362991412402051
Maxchi,4325,4365,cpx,01A1,AE,0.06544662251554952
Maxchi,3402,3456,cpx,AE,DF,0.13452752900633766
Maxchi,2873,2919,cpx,01C,B,0.2648469160580465
Maxchi,1700,1750,cpx,02A,B,0.021782024544892628
Maxchi,2073,2130,cpx,02B,B,0.0023494990693121057
Maxchi,925,975,cpx,02G,B,1.109897913375315e-06
Maxchi,1973,2024,cpx,A2D,B,0.0014555612558273018
Maxchi,3422,3465,cpx,AD,B,0.17149024016267944
Maxchi,2482,2536,cpx,B,C,0.14954135458461107
Maxchi,3070,3114,cpx,B,DF,0.3337691676461666
Maxchi,1695,1745,cpx,B,F1,0.19219320133107712
Maxchi,2424,2482,cpx,B,F2,0.008627118084998745
Maxchi,1985,2034,cpx,B,K,0.01870482777282823
Maxchi,1175,1223,cpx,B,L,0.08591215377187744
Maxchi,357,404,cpx,02A,B.FR.83.HXBLAI_IIIB_BRU.K03455,0.00023807623680387028
Maxchi,260,369,cpx,02G,B.FR.83.HXBLAI_IIIB_BRU.K03455,9.732484224413035e-21
Maxchi,405,454,cpx,A1D,B.FR.83.HXBLAI_IIIB_BRU.K03455,0.04499357107962194
Maxchi,209,393,cpx,B.FR.83.HXBLAI_IIIB_BRU.K03455,BF,3.763928429654596e-49
Maxchi,363,402,cpx,B.FR.83.HXBLAI_IIIB_BRU.K03455,BF1,0.00011860013866224722
Maxchi,371,421,cpx,B.FR.83.HXBLAI_IIIB_BRU.K03455,BG,4.738651128688533e-10
Maxchi,427,450,cpx,B.FR.83.HXBLAI_IIIB_BRU.K03455,CD,0.04138940400914914
Maxchi,598,655,cpx,B.FR.83.HXBLAI_IIIB_BRU.K03455,DF,0.17414364365417978
Maxchi,3002,3064,cpx,01C,BC,0.003073800517351918
Maxchi,1700,1749,cpx,02A,BC,0.02350559083729607
Maxchi,1968,2010,cpx,02B,BC,0.0008711009818462845
Maxchi,1670,1713,cpx,02G,BC,0.005262908822305367
Maxchi,1978,2030,cpx,A1D,BC,0.0017486416628353112
Maxchi,1972,2027,cpx,A2D,BC,0.031734385589865854
Maxchi,444,491,cpx,A5U,BC,4.789290007799976e-14
Maxchi,421,582,cpx,BC,BF,4.4316490285210087e-44
Maxchi,1696,1747,cpx,BC,BF1,0.19415898563311698
Maxchi,2841,2901,cpx,BC,C2U,0.10749824841531656
Maxchi,2428,2469,cpx,BC,CD,0.09818302981757085
Maxchi,426,590,cpx,01A1,BF,3.624620830443607e-53
Maxchi,426,590,cpx,01B,BF,3.624620830443607e-53
Maxchi,426,590,cpx,01C,BF,3.624620830443607e-53
Maxchi,426,590,cpx,02B,BF,3.624620830443607e-53
Maxchi,426,531,cpx,02G,BF,7.6555862187356375e-31
Maxchi,426,531,cpx,A1D,BF,7.6555862187356375e-31
Maxchi,426,590,cpx,A2D,BF,3.624620830443607e-53
Maxchi,209,393,cpx,A5U,BF,3.763928429654596e-49
Maxchi,426,590,cpx,AD,BF,3.624620830443607e-53
Maxchi,426,531,cpx,BF,BF1,7.6555862187356375e-31
Maxchi,996,1042,cpx,BF,BG,0.3606275508734762
Maxchi,1468,1511,cpx,BF,C2U,0.0010236046013558174
Maxchi,426,531,cpx,BF,CPZ,7.6555862187356375e-31
Maxchi,2667,2717,cpx,01C,BF1,0.08782728379058734
Maxchi,1697,1757,cpx,02A,BF1,0.03370010471619853
Maxchi,1699,1748,cpx,02B,BF1,0.03541768967526832
Maxchi,1923,1972,cpx,A1D,BF1,0.007613976643298618
Maxchi,1907,1952,cpx,BF1,C2U,0.07952737438947172
Maxchi,1972,2025,cpx,02A,BG,0.6068626085516137
Maxchi,1706,1757,cpx,02B,BG,1.2500801068560825e-05
Maxchi,1671,1717,cpx,02G,BG,0.005975057954055627
Maxchi,1905,1966,cpx,A1D,BG,0.027757103251701856
Maxchi,321,384,cpx,A5U,BG,1.2938963106324692e-14
Maxchi,1707,1743,cpx,AD,BG,2.9206631732667607e-06
Maxchi,2036,2088,cpx,BG,C2U,0.12124554310865081
Maxchi,951,1002,cpx,BG,CPZ,3.1780044517547488e-06
Maxchi,2491,2540,cpx,01C,C,0.01621692504631453
Maxchi,2993,3034,cpx,02B,C,0.1802068545723634
Maxchi,634,696,cpx,A5U,C,0.01264659021539446
Maxchi,2659,2718,cpx,C,C2U,0.007841089322874003
Maxchi,1908,1962,cpx,C,D,0.022408395385310483
Maxchi,1177,1224,cpx,C,L,0.20005287458968346
Maxchi,2662,2718,cpx,01C,C2U,0.0009934103691410315
Maxchi,1968,2010,cpx,02B,C2U,0.0008711009818462845
Maxchi,2667,2717,cpx,01C,CD,0.08782728379058734
Maxchi,1744,1798,cpx,02A,CD,0.0011704628265036218
Maxchi,949,1002,cpx,02G,CD,0.0002692038229012673
Maxchi,2748,2808,cpx,A1D,CD,0.0012706965471169795
Maxchi,1974,2028,cpx,A2D,CD,0.11872561098344367
Maxchi,439,504,cpx,A5U,CD,1.0703131362043177e-10
Maxchi,400,493,cpx,BF,CD,7.665207050223097e-16
Maxchi,1923,1972,cpx,BF1,CD,0.007613976643298618
Maxchi,3425,3472,cpx,01B,D,0.051340537246334604
Maxchi,2668,2718,cpx,01C,D,0.10673053790904252
Maxchi,1691,1743,cpx,02A,D,0.04381191116758492
Maxchi,3421,3464,cpx,A2D,D,0.3554522274123705
Maxchi,3422,3475,cpx,AD,D,0.11116427437249761
Maxchi,2655,2702,cpx,D,DF,0.15710716103576738
Maxchi,1662,1720,cpx,D,F1,8.647960589622951e-10
Maxchi,2038,2088,cpx,D,F2,0.006993790830437918
Maxchi,2036,2087,cpx,D,K,0.0001492785571383406
Maxchi,2824,2868,cpx,01A1,DF,0.37962070698355765
Maxchi,3402,3456,cpx,01B,DF,0.13452752900633766
Maxchi,2846,2901,cpx,01C,DF,0.007975696122695136
Maxchi,1701,1750,cpx,02A,DF,0.07367517315431044
Maxchi,1978,2030,cpx,02B,DF,0.0003114909767673841
Maxchi,946,1002,cpx,02G,DF,0.01975986452916368
Maxchi,2796,2849,cpx,A1D,DF,0.1456470790829995
Maxchi,1974,2028,cpx,A2D,DF,0.025078853676340104
Maxchi,599,664,cpx,A5U,DF,0.000348949396062116
Maxchi,2033,2082,cpx,AD,DF,0.009646587982938238
Maxchi,412,509,cpx,BF,DF,1.4160272699613672e-26
Maxchi,1841,1899,cpx,BF1,DF,0.16973238727358303
Maxchi,1782,1831,cpx,BG,DF,0.04087153408900628
Maxchi,2678,2723,cpx,C2U,DF,0.13991863593098705
Maxchi,2940,3002,cpx,CD,DF,0.0034710386307884216
Maxchi,2901,2952,cpx,01A1,F1,0.18810233611663474
Maxchi,1701,1753,cpx,01B,F1,0.018957338269091805
Maxchi,2667,2718,cpx,01C,F1,0.03951865018471849
Maxchi,1698,1758,cpx,02A,F1,0.010477094084644646
Maxchi,1663,1721,cpx,02B,F1,9.72893196046354e-07
Maxchi,953,1005,cpx,AD,F1,0.3083583905011047
Maxchi,1701,1753,cpx,AE,F1,0.018957338269091805
Maxchi,2951,2993,cpx,AG,F1,0.042711473219367704
Maxchi,1592,1659,cpx,F1,K,1.5546596978765304e-06
Maxchi,1206,1254,cpx,F1,L,0.354968726697519
Maxchi,3644,3699,cpx,01A1,F2,0.01091436500187462
Maxchi,2424,2482,cpx,01B,F2,0.008627118084998745
Maxchi,2940,3002,cpx,01C,F2,0.003073800517351918
Maxchi,1372,1423,cpx,02A,F2,0.06865032077887374
Maxchi,1983,2036,cpx,02B,F2,0.10712762335826546
Maxchi,3500,3563,cpx,AE,F2,0.2997091348907429
Maxchi,1594,1660,cpx,BF1,F2,1.847655432065543e-08
Maxchi,2227,2235,cpx,F2,K,0.00022168232964770349
Maxchi,3696,3744,cpx,01A1,G,0.4818786363673526
Maxchi,3502,3551,cpx,01C,G,0.5624848949154208
Maxchi,3528,3576,cpx,AD,G,0.19342878856162132
Maxchi,383,458,cpx,02A,H,2.0311184573126189e-13
Maxchi,291,341,cpx,02G,H,1.0
Maxchi,426,493,cpx,A1D,H,0.017007308120208564
Maxchi,927,943,cpx,AG,H,1.5688786201823987e-06
Maxchi,386,450,cpx,BG,H,4.110294607541071e-16
Maxchi,250,260,cpx,CPZ,H,1.4958258446518184e-05
Maxchi,309,359,cpx,H,L,1.0
Maxchi,2826,2875,cpx,01C,J,0.12152137209711454
Maxchi,1701,1750,cpx,02A,J,0.00898457959319001
Maxchi,1984,2035,cpx,02B,J,0.01436440660291553
Maxchi,2213,2253,cpx,C2U,J,0.07171853650843422
Maxchi,1886,1935,cpx,J,L,0.07509435138072887
Maxchi,3682,3704,cpx,01A1,K,0.001664304166179058
Maxchi,3696,3744,cpx,01B,K,0.35024553908386424
Maxchi,2695,2749,cpx,01C,K,0.09113995227243188
Maxchi,1661,1725,cpx,02A,K,0.00022578671388661213
Maxchi,3696,3744,cpx,AE,K,0.35024553908386424
Maxchi,1701,1753,cpx,BF1,K,0.12927938648838602
Maxchi,1945,1995,cpx,01C,L,0.05346991544944643
Maxchi,1633,1687,cpx,02A,L,0.010327911545815435
Maxchi,304,354,cpx,A5U,L,1.0
Maxchi,426,531,cpx,BF,L,7.6555862187356375e-31
Maxchi,1992,2038,cpx,DF,L,0.005928709293397112
